gameId,id,subject,skill,b,c,stage,gradeBand,mode,verification,quality
"growth-math-1","growth-math-1-01","math","1~5 수 세기","-2.32","0.333","1","","choice","not_independently_verified","app_authored_not_calibrated"
"growth-math-1","growth-math-1-02","math","1~5 수 세기","-2.286","0.333","1","","choice","not_independently_verified","app_authored_not_calibrated"
"growth-math-1","growth-math-1-03","math","1~5 수 세기","-2.251","0.333","1","","choice","not_independently_verified","app_authored_not_calibrated"
"growth-math-1","growth-math-1-04","math","양 비교","-2.217","0.333","1","","choice","not_independently_verified","app_authored_not_calibrated"
"growth-math-1","growth-math-1-05","math","양 비교","-2.183","0.333","1","","choice","not_independently_verified","app_authored_not_calibrated"
"growth-math-1","growth-math-1-06","math","반복 규칙","-2.149","0.333","1","","choice","not_independently_verified","app_authored_not_calibrated"
"growth-math-1","growth-math-1-07","math","반복 규칙","-2.114","0.333","1","","choice","not_independently_verified","app_authored_not_calibrated"
"growth-math-1","growth-math-1-08","math","하나 더하기","-2.08","0.333","1","","choice","not_independently_verified","app_authored_not_calibrated"
"growth-math-2","growth-math-2-01","math","10 이내 수 모으기","-1.37","0.333","2","","choice","not_independently_verified","app_authored_not_calibrated"
"growth-math-2","growth-math-2-02","math","10 이내 빼기","-1.336","0.333","2","","choice","not_independently_verified","app_authored_not_calibrated"
"growth-math-2","growth-math-2-03","math","10 이내 수 가르기","-1.301","0.333","2","","choice","not_independently_verified","app_authored_not_calibrated"
"growth-math-2","growth-math-2-04","math","10 만들기","-1.267","0.333","2","","choice","not_independently_verified","app_authored_not_calibrated"
"growth-math-2","growth-math-2-05","math","길이 비교","-1.233","0.333","2","","choice","not_independently_verified","app_authored_not_calibrated"
"growth-math-2","growth-math-2-06","math","길이 비교","-1.199","0.333","2","","choice","not_independently_verified","app_authored_not_calibrated"
"growth-math-2","growth-math-2-07","math","절반 나누기","-1.164","0.333","2","","choice","not_independently_verified","app_authored_not_calibrated"
"growth-math-2","growth-math-2-08","math","절반 나누기","-1.13","0.333","2","","choice","not_independently_verified","app_authored_not_calibrated"
"growth-math-3","growth-math-3-01","math","10을 이용한 덧셈","-0.37","0.333","3","","choice","not_independently_verified","app_authored_not_calibrated"
"growth-math-3","growth-math-3-02","math","10을 이용한 뺄셈","-0.336","0.333","3","","choice","not_independently_verified","app_authored_not_calibrated"
"growth-math-3","growth-math-3-03","math","문장 속 뺄셈","-0.301","0.333","3","","choice","not_independently_verified","app_authored_not_calibrated"
"growth-math-3","growth-math-3-04","math","시계 정각","-0.267","0.333","3","","choice","not_independently_verified","app_authored_not_calibrated"
"growth-math-3","growth-math-3-05","math","시계 정각","-0.233","0.333","3","","choice","not_independently_verified","app_authored_not_calibrated"
"growth-math-3","growth-math-3-06","math","cm와 m 관계","-0.199","0.333","3","","choice","not_independently_verified","app_authored_not_calibrated"
"growth-math-3","growth-math-3-07","math","길이의 뺄셈","-0.164","0.333","3","","choice","not_independently_verified","app_authored_not_calibrated"
"growth-math-3","growth-math-3-08","math","두 양의 차이","-0.13","0.333","3","","choice","not_independently_verified","app_authored_not_calibrated"
"growth-math-4","growth-math-4-01","math","십 묶음과 낱개","0.63","0.333","4","","choice","not_independently_verified","app_authored_not_calibrated"
"growth-math-4","growth-math-4-02","math","100 만들기","0.664","0.333","4","","choice","not_independently_verified","app_authored_not_calibrated"
"growth-math-4","growth-math-4-03","math","같은 묶음과 곱셈","0.699","0.333","4","","choice","not_independently_verified","app_authored_not_calibrated"
"growth-math-4","growth-math-4-04","math","g와 kg 관계","0.733","0.333","4","","choice","not_independently_verified","app_authored_not_calibrated"
"growth-math-4","growth-math-4-05","math","m와 km 관계","0.767","0.333","4","","choice","not_independently_verified","app_authored_not_calibrated"
"growth-math-4","growth-math-4-06","math","같은 크기로 나눈 분수","0.801","0.333","4","","choice","not_independently_verified","app_authored_not_calibrated"
"growth-math-4","growth-math-4-07","math","절반과 50%의 단위 연결","0.836","0.333","4","","choice","not_independently_verified","app_authored_not_calibrated"
"growth-math-4","growth-math-4-08","math","4분의 1과 25%의 단위 연결","0.87","0.333","4","","choice","not_independently_verified","app_authored_not_calibrated"
"growth-korean-1","korean-growth-1-01","korean","생활 낱말 알아듣기","-2.32","0.333","1","","choice","not_independently_verified","app_authored_not_calibrated"
"growth-korean-1","korean-growth-1-02","korean","생활 물건 알아듣기","-2.286","0.333","1","","choice","not_independently_verified","app_authored_not_calibrated"
"growth-korean-1","korean-growth-1-03","korean","대상과 특징 연결","-2.251","0.333","1","","choice","not_independently_verified","app_authored_not_calibrated"
"growth-korean-1","korean-growth-1-04","korean","물건과 쓰임 연결","-2.217","0.333","1","","choice","not_independently_verified","app_authored_not_calibrated"
"growth-korean-1","korean-growth-1-05","korean","생활 낱말 알아듣기","-2.183","0.333","1","","choice","not_independently_verified","app_authored_not_calibrated"
"growth-korean-1","korean-growth-1-06","korean","짧은 이야기 대상 찾기","-2.149","0.333","1","","choice","not_independently_verified","app_authored_not_calibrated"
"growth-korean-1","korean-growth-1-07","korean","듣고 물건 찾기","-2.114","0.333","1","","choice","not_independently_verified","app_authored_not_calibrated"
"growth-korean-1","korean-growth-1-08","korean","짧은 이야기 행동 이해","-2.08","0.333","1","","choice","not_independently_verified","app_authored_not_calibrated"
"growth-korean-2","korean-growth-2-01","korean","그림과 낱말 연결","-1.37","0.333","2","","choice","not_independently_verified","app_authored_not_calibrated"
"growth-korean-2","korean-growth-2-02","korean","그림과 낱말 연결","-1.336","0.333","2","","choice","not_independently_verified","app_authored_not_calibrated"
"growth-korean-2","korean-growth-2-03","korean","소리를 나타내는 말","-1.301","0.333","2","","choice","not_independently_verified","app_authored_not_calibrated"
"growth-korean-2","korean-growth-2-04","korean","같은 첫 음절 찾기","-1.267","0.333","2","","choice","not_independently_verified","app_authored_not_calibrated"
"growth-korean-2","korean-growth-2-05","korean","음절 나누기","-1.233","0.333","2","","choice","not_independently_verified","app_authored_not_calibrated"
"growth-korean-2","korean-growth-2-06","korean","두 단계 순서 이해","-1.199","0.333","2","","choice","not_independently_verified","app_authored_not_calibrated"
"growth-korean-2","korean-growth-2-07","korean","익숙한 반대말 이해","-1.164","0.333","2","","choice","not_independently_verified","app_authored_not_calibrated"
"growth-korean-2","korean-growth-2-08","korean","다음 행동 찾기","-1.13","0.333","2","","choice","not_independently_verified","app_authored_not_calibrated"
"growth-korean-3","korean-growth-3-01","korean","행동 주체 찾기","-0.37","0.333","3","","choice","not_independently_verified","app_authored_not_calibrated"
"growth-korean-3","korean-growth-3-02","korean","행동 대상 찾기","-0.336","0.333","3","","choice","not_independently_verified","app_authored_not_calibrated"
"growth-korean-3","korean-growth-3-03","korean","명시된 이유 찾기","-0.301","0.333","3","","choice","not_independently_verified","app_authored_not_calibrated"
"growth-korean-3","korean-growth-3-04","korean","위치 정보 구별","-0.267","0.333","3","","choice","not_independently_verified","app_authored_not_calibrated"
"growth-korean-3","korean-growth-3-05","korean","두 대상의 정보 구별","-0.233","0.333","3","","choice","not_independently_verified","app_authored_not_calibrated"
"growth-korean-3","korean-growth-3-06","korean","문맥 속 표현 이해","-0.199","0.333","3","","choice","not_independently_verified","app_authored_not_calibrated"
"growth-korean-3","korean-growth-3-07","korean","행동 내용 찾기","-0.164","0.333","3","","choice","not_independently_verified","app_authored_not_calibrated"
"growth-korean-3","korean-growth-3-08","korean","문장과 정보 일치 확인","-0.13","0.333","3","","choice","not_independently_verified","app_authored_not_calibrated"
"growth-korean-4","korean-growth-4-01","korean","여러 단서로 추론하기","0.63","0.333","4","","choice","not_independently_verified","app_authored_not_calibrated"
"growth-korean-4","korean-growth-4-02","korean","세 단계 순서 이해","0.664","0.333","4","","choice","not_independently_verified","app_authored_not_calibrated"
"growth-korean-4","korean-growth-4-03","korean","관찰 근거 확인","0.699","0.333","4","","choice","not_independently_verified","app_authored_not_calibrated"
"growth-korean-4","korean-growth-4-04","korean","행동을 근거로 인물 이해","0.733","0.333","4","","choice","not_independently_verified","app_authored_not_calibrated"
"growth-korean-4","korean-growth-4-05","korean","관찰 내용과 해석 구별","0.767","0.333","4","","choice","not_independently_verified","app_authored_not_calibrated"
"growth-korean-4","korean-growth-4-06","korean","반응과 행동의 이유 추론","0.801","0.333","4","","choice","not_independently_verified","app_authored_not_calibrated"
"growth-korean-4","korean-growth-4-07","korean","문제·해결·결과 연결","0.836","0.333","4","","choice","not_independently_verified","app_authored_not_calibrated"
"growth-korean-4","korean-growth-4-08","korean","앞뒤 사건의 관계 이해","0.87","0.333","4","","choice","not_independently_verified","app_authored_not_calibrated"
"growth-english-1","growth-english-1-01","english","동물 이름 듣기","-2.32","0.333","1","","choice","not_independently_verified","app_authored_not_calibrated"
"growth-english-1","growth-english-1-02","english","동물 이름 듣기","-2.286","0.333","1","","choice","not_independently_verified","app_authored_not_calibrated"
"growth-english-1","growth-english-1-03","english","동물 이름 듣기","-2.251","0.333","1","","choice","not_independently_verified","app_authored_not_calibrated"
"growth-english-1","growth-english-1-04","english","음식 이름 듣기","-2.217","0.333","1","","choice","not_independently_verified","app_authored_not_calibrated"
"growth-english-1","growth-english-1-05","english","음식 이름 듣기","-2.183","0.333","1","","choice","not_independently_verified","app_authored_not_calibrated"
"growth-english-1","growth-english-1-06","english","색 이름 듣기","-2.149","0.333","1","","choice","not_independently_verified","app_authored_not_calibrated"
"growth-english-1","growth-english-1-07","english","색 이름 듣기","-2.114","0.333","1","","choice","not_independently_verified","app_authored_not_calibrated"
"growth-english-1","growth-english-1-08","english","색 이름 듣기","-2.08","0.333","1","","choice","not_independently_verified","app_authored_not_calibrated"
"growth-english-2","growth-english-2-01","english","기초 단어 읽기","-1.37","0.333","2","","choice","not_independently_verified","app_authored_not_calibrated"
"growth-english-2","growth-english-2-02","english","기초 단어 읽기","-1.336","0.333","2","","choice","not_independently_verified","app_authored_not_calibrated"
"growth-english-2","growth-english-2-03","english","기초 단어 읽기","-1.301","0.333","2","","choice","not_independently_verified","app_authored_not_calibrated"
"growth-english-2","growth-english-2-04","english","기초 단어 읽기","-1.267","0.333","2","","choice","not_independently_verified","app_authored_not_calibrated"
"growth-english-2","growth-english-2-05","english","단어 첫소리와 글자 연결","-1.233","0.333","2","","choice","not_independently_verified","app_authored_not_calibrated"
"growth-english-2","growth-english-2-06","english","단어 첫소리와 글자 연결","-1.199","0.333","2","","choice","not_independently_verified","app_authored_not_calibrated"
"growth-english-2","growth-english-2-07","english","단어 첫소리와 글자 연결","-1.164","0.333","2","","choice","not_independently_verified","app_authored_not_calibrated"
"growth-english-2","growth-english-2-08","english","단어 첫소리와 글자 연결","-1.13","0.333","2","","choice","not_independently_verified","app_authored_not_calibrated"
"growth-english-3","growth-english-3-01","english","CVC 단어 읽기","-0.37","0.333","3","","choice","not_independently_verified","app_authored_not_calibrated"
"growth-english-3","growth-english-3-02","english","CVC 단어 읽기","-0.336","0.333","3","","choice","not_independently_verified","app_authored_not_calibrated"
"growth-english-3","growth-english-3-03","english","CVC 단어 읽기","-0.301","0.333","3","","choice","not_independently_verified","app_authored_not_calibrated"
"growth-english-3","growth-english-3-04","english","CVC 단어 읽기","-0.267","0.333","3","","choice","not_independently_verified","app_authored_not_calibrated"
"growth-english-3","growth-english-3-05","english","쉬운 문장 완성","-0.233","0.333","3","","choice","not_independently_verified","app_authored_not_calibrated"
"growth-english-3","growth-english-3-06","english","쉬운 문장 완성","-0.199","0.333","3","","choice","not_independently_verified","app_authored_not_calibrated"
"growth-english-3","growth-english-3-07","english","쉬운 문장 완성","-0.164","0.333","3","","choice","not_independently_verified","app_authored_not_calibrated"
"growth-english-3","growth-english-3-08","english","인사말 이해","-0.13","0.333","3","","choice","not_independently_verified","app_authored_not_calibrated"
"growth-english-4","growth-english-4-01","english","문장의 핵심 정보 찾기","0.63","0.333","4","","choice","not_independently_verified","app_authored_not_calibrated"
"growth-english-4","growth-english-4-02","english","위치 표현 이해","0.664","0.333","4","","choice","not_independently_verified","app_authored_not_calibrated"
"growth-english-4","growth-english-4-03","english","대상과 속성 연결","0.699","0.333","4","","choice","not_independently_verified","app_authored_not_calibrated"
"growth-english-4","growth-english-4-04","english","행동 정보 구분","0.733","0.333","4","","choice","not_independently_verified","app_authored_not_calibrated"
"growth-english-4","growth-english-4-05","english","문맥에 맞는 응답","0.767","0.333","4","","choice","not_independently_verified","app_authored_not_calibrated"
"growth-english-4","growth-english-4-06","english","상황에 맞는 표현","0.801","0.333","4","","choice","not_independently_verified","app_authored_not_calibrated"
"growth-english-4","growth-english-4-07","english","두 문장 정보 연결","0.836","0.333","4","","choice","not_independently_verified","app_authored_not_calibrated"
"growth-english-4","growth-english-4-08","english","여러 속성 구분","0.87","0.333","4","","choice","not_independently_verified","app_authored_not_calibrated"
"number-picnic","math-01","math","math.general","-0.42","0.333","","","choice","not_independently_verified","app_authored_not_calibrated"
"number-picnic","math-02","math","math.general","-0.398","0.333","","","choice","not_independently_verified","app_authored_not_calibrated"
"number-picnic","math-03","math","math.general","-0.376","0.333","","","choice","not_independently_verified","app_authored_not_calibrated"
"number-picnic","math-04","math","math.general","-0.355","0.333","","","choice","not_independently_verified","app_authored_not_calibrated"
"number-picnic","math-05","math","math.general","-0.333","0.333","","","choice","not_independently_verified","app_authored_not_calibrated"
"number-picnic","math-06","math","math.general","-0.311","0.333","","","choice","not_independently_verified","app_authored_not_calibrated"
"number-picnic","math-07","math","math.general","-0.289","0.333","","","choice","not_independently_verified","app_authored_not_calibrated"
"number-picnic","math-08","math","math.general","-0.267","0.333","","","choice","not_independently_verified","app_authored_not_calibrated"
"number-picnic","math-09","math","math.general","-0.245","0.333","","","choice","not_independently_verified","app_authored_not_calibrated"
"number-picnic","math-10","math","math.general","-0.224","0.333","","","choice","not_independently_verified","app_authored_not_calibrated"
"number-picnic","math-11","math","math.general","-0.202","0.333","","","choice","not_independently_verified","app_authored_not_calibrated"
"number-picnic","math-12","math","math.general","-0.18","0.333","","","choice","not_independently_verified","app_authored_not_calibrated"
"word-forest","korean-01","korean","korean.general","-0.42","0.333","","","choice","not_independently_verified","app_authored_not_calibrated"
"word-forest","korean-02","korean","korean.general","-0.398","0.333","","","choice","not_independently_verified","app_authored_not_calibrated"
"word-forest","korean-03","korean","korean.general","-0.376","0.333","","","choice","not_independently_verified","app_authored_not_calibrated"
"word-forest","korean-04","korean","korean.general","-0.355","0.333","","","choice","not_independently_verified","app_authored_not_calibrated"
"word-forest","korean-05","korean","korean.general","-0.333","0.333","","","choice","not_independently_verified","app_authored_not_calibrated"
"word-forest","korean-06","korean","korean.general","-0.311","0.333","","","choice","not_independently_verified","app_authored_not_calibrated"
"word-forest","korean-07","korean","korean.general","-0.289","0.333","","","choice","not_independently_verified","app_authored_not_calibrated"
"word-forest","korean-08","korean","korean.general","-0.267","0.333","","","choice","not_independently_verified","app_authored_not_calibrated"
"word-forest","korean-09","korean","korean.general","-0.245","0.333","","","choice","not_independently_verified","app_authored_not_calibrated"
"word-forest","korean-10","korean","korean.general","-0.224","0.333","","","choice","not_independently_verified","app_authored_not_calibrated"
"word-forest","korean-11","korean","korean.general","-0.202","0.333","","","choice","not_independently_verified","app_authored_not_calibrated"
"word-forest","korean-12","korean","korean.general","-0.18","0.333","","","choice","not_independently_verified","app_authored_not_calibrated"
"english-rainbow","english-01","english","english.general","-1.22","0.333","","","choice","not_independently_verified","app_authored_not_calibrated"
"english-rainbow","english-02","english","english.general","-1.198","0.333","","","choice","not_independently_verified","app_authored_not_calibrated"
"english-rainbow","english-03","english","english.general","-1.176","0.333","","","choice","not_independently_verified","app_authored_not_calibrated"
"english-rainbow","english-04","english","english.general","-1.155","0.333","","","choice","not_independently_verified","app_authored_not_calibrated"
"english-rainbow","english-05","english","english.general","-1.133","0.333","","","choice","not_independently_verified","app_authored_not_calibrated"
"english-rainbow","english-06","english","english.general","-1.111","0.333","","","choice","not_independently_verified","app_authored_not_calibrated"
"english-rainbow","english-07","english","english.general","-1.089","0.333","","","choice","not_independently_verified","app_authored_not_calibrated"
"english-rainbow","english-08","english","english.general","-1.067","0.333","","","choice","not_independently_verified","app_authored_not_calibrated"
"english-rainbow","english-09","english","english.general","-1.045","0.333","","","choice","not_independently_verified","app_authored_not_calibrated"
"english-rainbow","english-10","english","english.general","-1.024","0.333","","","choice","not_independently_verified","app_authored_not_calibrated"
"english-rainbow","english-11","english","english.general","-1.002","0.333","","","choice","not_independently_verified","app_authored_not_calibrated"
"english-rainbow","english-12","english","english.general","-0.98","0.333","","","choice","not_independently_verified","app_authored_not_calibrated"
"block-patterns","block-patterns-01","math","순서 기억과 재구성","-2.32","0","1","","memory","not_independently_verified","app_authored_not_calibrated"
"block-patterns","block-patterns-02","math","AB 반복 규칙","-2.298","0.333","1","","choice","not_independently_verified","app_authored_not_calibrated"
"block-patterns","block-patterns-03","math","1~3 수의 순서","-2.276","0","1","","sequence","not_independently_verified","app_authored_not_calibrated"
"block-patterns","block-patterns-04","math","모양으로 분류","-2.255","0.333","1","","choice","not_independently_verified","app_authored_not_calibrated"
"block-patterns","block-patterns-05","math","순서 기억과 재구성","-2.233","0","1","","memory","not_independently_verified","app_authored_not_calibrated"
"block-patterns","block-patterns-06","math","규칙 비교","-2.211","0.333","1","","choice","not_independently_verified","app_authored_not_calibrated"
"block-patterns","block-patterns-07","math","2씩 커지는 규칙","-1.239","0","2","","sequence","not_independently_verified","app_authored_not_calibrated"
"block-patterns","block-patterns-08","math","ABB 반복 규칙","-1.217","0.333","2","","choice","not_independently_verified","app_authored_not_calibrated"
"block-patterns","block-patterns-09","math","순서 기억과 재구성","-1.195","0","2","","memory","not_independently_verified","app_authored_not_calibrated"
"block-patterns","block-patterns-10","math","2씩 작아지는 규칙","-1.174","0","2","","sequence","not_independently_verified","app_authored_not_calibrated"
"block-patterns","block-patterns-11","math","AABB 반복 규칙","-1.152","0.333","2","","choice","not_independently_verified","app_authored_not_calibrated"
"block-patterns","block-patterns-12","math","순서 기억과 재구성","-1.13","0","2","","memory","not_independently_verified","app_authored_not_calibrated"
"classroom-bag","classroom-bag-01","english","세 준비물 순서 기억","-2.32","0","1","","memory","not_independently_verified","app_authored_not_calibrated"
"classroom-bag","classroom-bag-02","english","기본 준비물 낱말","-2.298","0","1","","match","not_independently_verified","app_authored_not_calibrated"
"classroom-bag","classroom-bag-03","english","생활 물건 순서 기억","-2.276","0","1","","memory","not_independently_verified","app_authored_not_calibrated"
"classroom-bag","classroom-bag-04","english","생활 준비물 낱말","-2.255","0","1","","match","not_independently_verified","app_authored_not_calibrated"
"classroom-bag","classroom-bag-05","english","세 그림 위치 기억","-2.233","0","1","","memory","not_independently_verified","app_authored_not_calibrated"
"classroom-bag","classroom-bag-06","english","간식 준비물 낱말","-2.211","0","1","","match","not_independently_verified","app_authored_not_calibrated"
"classroom-bag","classroom-bag-07","english","네 준비물 순서 기억","-0.239","0","3","","memory","not_independently_verified","app_authored_not_calibrated"
"classroom-bag","classroom-bag-08","english","색과 준비물 결합","-0.217","0","3","","match","not_independently_verified","app_authored_not_calibrated"
"classroom-bag","classroom-bag-09","english","네 물건 순서 기억","-0.195","0","3","","memory","not_independently_verified","app_authored_not_calibrated"
"classroom-bag","classroom-bag-10","english","수량과 준비물 결합","-0.174","0","3","","match","not_independently_verified","app_authored_not_calibrated"
"classroom-bag","classroom-bag-11","english","분류가 다른 네 물건 기억","-0.152","0","3","","memory","not_independently_verified","app_authored_not_calibrated"
"classroom-bag","classroom-bag-12","english","준비물 위치 표현","-0.13","0","3","","match","not_independently_verified","app_authored_not_calibrated"
"clue-library","clue-library-01","korean","안내문에서 대상 찾기","-0.37","0.333","3","","choice","not_independently_verified","app_authored_not_calibrated"
"clue-library","clue-library-02","korean","위치 설명 읽기","-0.348","0.333","3","","choice","not_independently_verified","app_authored_not_calibrated"
"clue-library","clue-library-03","korean","안내문 절차 순서","-0.326","0","3","","sequence","not_independently_verified","app_authored_not_calibrated"
"clue-library","clue-library-04","korean","예외 조건 확인","-0.305","0.333","3","","choice","not_independently_verified","app_authored_not_calibrated"
"clue-library","clue-library-05","korean","길 안내 순서","-0.283","0","3","","sequence","not_independently_verified","app_authored_not_calibrated"
"clue-library","clue-library-06","korean","물건의 특징으로 대상 찾기","-0.261","0.333","3","","choice","not_independently_verified","app_authored_not_calibrated"
"clue-library","clue-library-07","korean","두 안내문의 정보 결합","0.761","0.333","4","","choice","not_independently_verified","app_authored_not_calibrated"
"clue-library","clue-library-08","korean","설명 속 조건으로 순서 추론","0.783","0","4","","sequence","not_independently_verified","app_authored_not_calibrated"
"clue-library","clue-library-09","korean","사실과 개인 생각 구별","0.805","0.333","4","","choice","not_independently_verified","app_authored_not_calibrated"
"clue-library","clue-library-10","korean","추가 정보가 필요한 주장 찾기","0.826","0.333","4","","choice","not_independently_verified","app_authored_not_calibrated"
"clue-library","clue-library-11","korean","바뀐 안내를 반영한 순서","0.848","0","4","","sequence","not_independently_verified","app_authored_not_calibrated"
"clue-library","clue-library-12","korean","여러 조건을 모두 만족하는 정보 찾기","0.87","0.333","4","","choice","not_independently_verified","app_authored_not_calibrated"
"day-order","day-order-01","korean","듣고 세 장면 순서 찾기","-2.32","0","1","","sequence","not_independently_verified","app_authored_not_calibrated"
"day-order","day-order-02","korean","처음 한 일 찾기","-2.298","0.333","1","","choice","not_independently_verified","app_authored_not_calibrated"
"day-order","day-order-03","korean","듣고 놀이 순서 찾기","-2.276","0","1","","sequence","not_independently_verified","app_authored_not_calibrated"
"day-order","day-order-04","korean","마지막 행동 찾기","-2.255","0.333","1","","choice","not_independently_verified","app_authored_not_calibrated"
"day-order","day-order-05","korean","시간말과 그림 연결","-2.233","0","1","","sequence","not_independently_verified","app_authored_not_calibrated"
"day-order","day-order-06","korean","두 번째 행동 찾기","-2.211","0.333","1","","choice","not_independently_verified","app_authored_not_calibrated"
"day-order","day-order-07","korean","네 단계 일과 순서","-1.239","0","2","","sequence","not_independently_verified","app_authored_not_calibrated"
"day-order","day-order-08","korean","바로 앞 사건 찾기","-1.217","0.333","2","","choice","not_independently_verified","app_authored_not_calibrated"
"day-order","day-order-09","korean","뒤에서 설명한 순서 읽기","-1.195","0","2","","sequence","not_independently_verified","app_authored_not_calibrated"
"day-order","day-order-10","korean","다음 사건 찾기","-1.174","0.333","2","","choice","not_independently_verified","app_authored_not_calibrated"
"day-order","day-order-11","korean","일과표의 정보 정렬","-1.152","0","2","","sequence","not_independently_verified","app_authored_not_calibrated"
"day-order","day-order-12","korean","순서가 바뀐 정보 확인","-1.13","0.333","2","","choice","not_independently_verified","app_authored_not_calibrated"
"kind-dialogue","kind-dialogue-01","korean","감사의 뜻 전하기","-2.32","0.333","1","","choice","not_independently_verified","app_authored_not_calibrated"
"kind-dialogue","kind-dialogue-02","korean","말의 목적과 표현 연결","-2.298","0","1","","match","not_independently_verified","app_authored_not_calibrated"
"kind-dialogue","kind-dialogue-03","korean","도움 요청하기","-2.276","0.333","1","","choice","not_independently_verified","app_authored_not_calibrated"
"kind-dialogue","kind-dialogue-04","korean","대상에 맞게 필요한 것 요청","-2.255","0","1","","match","not_independently_verified","app_authored_not_calibrated"
"kind-dialogue","kind-dialogue-05","korean","원하지 않는 행동 중지 요청","-2.233","0.333","1","","choice","not_independently_verified","app_authored_not_calibrated"
"kind-dialogue","kind-dialogue-06","korean","행동에 대한 요청 구별","-2.211","0","1","","match","not_independently_verified","app_authored_not_calibrated"
"kind-dialogue","kind-dialogue-07","korean","부탁에 선택권 포함하기","-0.239","0.333","3","","choice","not_independently_verified","app_authored_not_calibrated"
"kind-dialogue","kind-dialogue-08","korean","의사소통 목적과 말 연결","-0.217","0","3","","match","not_independently_verified","app_authored_not_calibrated"
"kind-dialogue","kind-dialogue-09","korean","모호한 말의 뜻 확인하기","-0.195","0.333","3","","choice","not_independently_verified","app_authored_not_calibrated"
"kind-dialogue","kind-dialogue-10","korean","감정의 직접 표현을 바탕으로 응답","-0.174","0","3","","match","not_independently_verified","app_authored_not_calibrated"
"kind-dialogue","kind-dialogue-11","korean","관찰과 요청을 함께 표현","-0.152","0.333","3","","choice","not_independently_verified","app_authored_not_calibrated"
"kind-dialogue","kind-dialogue-12","korean","확실한 정보와 모르는 정보 표현","-0.13","0","3","","match","not_independently_verified","app_authored_not_calibrated"
"listening-missions","listening-missions-01","english","한 가지 행동 지시 듣기","-1.37","0.333","2","","choice","not_independently_verified","app_authored_not_calibrated"
"listening-missions","listening-missions-02","english","세 단계 지시 듣기","-1.348","0","2","","sequence","not_independently_verified","app_authored_not_calibrated"
"listening-missions","listening-missions-03","english","행동과 횟수 듣기","-1.326","0.333","2","","choice","not_independently_verified","app_authored_not_calibrated"
"listening-missions","listening-missions-04","english","생활 행동 순서 듣기","-1.305","0","2","","sequence","not_independently_verified","app_authored_not_calibrated"
"listening-missions","listening-missions-05","english","위치가 포함된 지시 듣기","-1.283","0.333","2","","choice","not_independently_verified","app_authored_not_calibrated"
"listening-missions","listening-missions-06","english","세 그림 지시 순서","-1.261","0","2","","sequence","not_independently_verified","app_authored_not_calibrated"
"listening-missions","listening-missions-07","english","두 조건 지시 듣기","0.761","0.333","4","","choice","not_independently_verified","app_authored_not_calibrated"
"listening-missions","listening-missions-08","english","네 단계 지시 듣기","0.783","0","4","","sequence","not_independently_verified","app_authored_not_calibrated"
"listening-missions","listening-missions-09","english","대조되는 지시 듣기","0.805","0.333","4","","choice","not_independently_verified","app_authored_not_calibrated"
"listening-missions","listening-missions-10","english","네 생활 행동 순서","0.826","0","4","","sequence","not_independently_verified","app_authored_not_calibrated"
"listening-missions","listening-missions-11","english","연속 지시 결과 추적","0.848","0.333","4","","choice","not_independently_verified","app_authored_not_calibrated"
"listening-missions","listening-missions-12","english","after와 before 순서 이해","0.87","0","4","","sequence","not_independently_verified","app_authored_not_calibrated"
"measure-lab","measure-lab-01","math","cm와 m의 관계","-0.37","0.333","3","","choice","not_independently_verified","app_authored_not_calibrated"
"measure-lab","measure-lab-02","math","같은 단위의 길이 합","-0.348","0.333","3","","choice","not_independently_verified","app_authored_not_calibrated"
"measure-lab","measure-lab-03","math","cm와 m의 같은 길이","-0.326","0","3","","match","not_independently_verified","app_authored_not_calibrated"
"measure-lab","measure-lab-04","math","측정하는 양과 단위","-0.305","0.333","3","","choice","not_independently_verified","app_authored_not_calibrated"
"measure-lab","measure-lab-05","math","g와 kg의 관계","-0.283","0.333","3","","choice","not_independently_verified","app_authored_not_calibrated"
"measure-lab","measure-lab-06","math","측정 대상의 단위","-0.261","0","3","","match","not_independently_verified","app_authored_not_calibrated"
"measure-lab","measure-lab-07","math","서로 다른 길이 단위의 합","0.761","0.333","4","","choice","not_independently_verified","app_authored_not_calibrated"
"measure-lab","measure-lab-08","math","g와 kg의 같은 무게","0.783","0","4","","match","not_independently_verified","app_authored_not_calibrated"
"measure-lab","measure-lab-09","math","km와 m 변환","0.805","0.333","4","","choice","not_independently_verified","app_authored_not_calibrated"
"measure-lab","measure-lab-10","math","kg에서 g으로 바꿔 빼기","0.826","0.333","4","","choice","not_independently_verified","app_authored_not_calibrated"
"measure-lab","measure-lab-11","math","m와 km의 같은 거리","0.848","0","4","","match","not_independently_verified","app_authored_not_calibrated"
"measure-lab","measure-lab-12","math","단위를 맞춰 길이 비교","0.87","0.333","4","","choice","not_independently_verified","app_authored_not_calibrated"
"phonics-train","phonics-train-01","english","CVC 단어 조립","-1.37","0","2","","sequence","not_independently_verified","app_authored_not_calibrated"
"phonics-train","phonics-train-02","english","단어 첫 글자 찾기","-1.348","0.333","2","","choice","not_independently_verified","app_authored_not_calibrated"
"phonics-train","phonics-train-03","english","CVC 글자 순서","-1.326","0","2","","sequence","not_independently_verified","app_authored_not_calibrated"
"phonics-train","phonics-train-04","english","단어 첫 글자 찾기","-1.305","0.333","2","","choice","not_independently_verified","app_authored_not_calibrated"
"phonics-train","phonics-train-05","english","CVC 단어 조립","-1.283","0","2","","sequence","not_independently_verified","app_authored_not_calibrated"
"phonics-train","phonics-train-06","english","모양이 비슷한 첫 글자 구별","-1.261","0.333","2","","choice","not_independently_verified","app_authored_not_calibrated"
"phonics-train","phonics-train-07","english","CVC 음성과 철자 연결","-0.239","0","3","","sequence","not_independently_verified","app_authored_not_calibrated"
"phonics-train","phonics-train-08","english","첫소리 공통점 찾기","-0.217","0.333","3","","choice","not_independently_verified","app_authored_not_calibrated"
"phonics-train","phonics-train-09","english","CVC 단어 비교와 조립","-0.195","0","3","","sequence","not_independently_verified","app_authored_not_calibrated"
"phonics-train","phonics-train-10","english","첫소리 낱말 비교","-0.174","0.333","3","","choice","not_independently_verified","app_authored_not_calibrated"
"phonics-train","phonics-train-11","english","CVC 끝 글자까지 조립","-0.152","0","3","","sequence","not_independently_verified","app_authored_not_calibrated"
"phonics-train","phonics-train-12","english","첫소리 일반화","-0.13","0.333","3","","choice","not_independently_verified","app_authored_not_calibrated"
"picture-pairs","picture-pairs-01","english","동물 이름 연결","-2.32","0","1","","match","not_independently_verified","app_authored_not_calibrated"
"picture-pairs","picture-pairs-02","english","동물 낱말 듣기","-2.298","0.333","1","","choice","not_independently_verified","app_authored_not_calibrated"
"picture-pairs","picture-pairs-03","english","음식 이름 연결","-2.276","0","1","","match","not_independently_verified","app_authored_not_calibrated"
"picture-pairs","picture-pairs-04","english","음식 낱말 듣기","-2.255","0.333","1","","choice","not_independently_verified","app_authored_not_calibrated"
"picture-pairs","picture-pairs-05","english","놀이 물건 이름 연결","-2.233","0","1","","match","not_independently_verified","app_authored_not_calibrated"
"picture-pairs","picture-pairs-06","english","자연 낱말 듣기","-2.211","0.333","1","","choice","not_independently_verified","app_authored_not_calibrated"
"picture-pairs","picture-pairs-07","english","자연 이름 연결","-1.239","0","2","","match","not_independently_verified","app_authored_not_calibrated"
"picture-pairs","picture-pairs-08","english","색과 사물 결합 듣기","-1.217","0.333","2","","choice","not_independently_verified","app_authored_not_calibrated"
"picture-pairs","picture-pairs-09","english","자연 부분과 전체 낱말","-1.195","0","2","","match","not_independently_verified","app_authored_not_calibrated"
"picture-pairs","picture-pairs-10","english","수와 사물 결합 듣기","-1.174","0.333","2","","choice","not_independently_verified","app_authored_not_calibrated"
"picture-pairs","picture-pairs-11","english","탈것 낱말 연결","-1.152","0","2","","match","not_independently_verified","app_authored_not_calibrated"
"picture-pairs","picture-pairs-12","english","두 단서 함께 듣기","-1.13","0.333","2","","choice","not_independently_verified","app_authored_not_calibrated"
"school-shop","school-shop-01","math","두 물건값 더하기","-0.37","0.333","3","","choice","not_independently_verified","app_authored_not_calibrated"
"school-shop","school-shop-02","math","동일 화폐로 금액 만들기","-0.348","0","3","","build","not_independently_verified","app_authored_not_calibrated"
"school-shop","school-shop-03","math","부족한 금액 찾기","-0.326","0.333","3","","choice","not_independently_verified","app_authored_not_calibrated"
"school-shop","school-shop-04","math","거스름돈 동전 수","-0.305","0","3","","build","not_independently_verified","app_authored_not_calibrated"
"school-shop","school-shop-05","math","같은 가격 묶음","-0.283","0.333","3","","choice","not_independently_verified","app_authored_not_calibrated"
"school-shop","school-shop-06","math","목표 금액 채우기","-0.261","0","3","","build","not_independently_verified","app_authored_not_calibrated"
"school-shop","school-shop-07","math","서로 다른 동전 합산","0.761","0.333","4","","choice","not_independently_verified","app_authored_not_calibrated"
"school-shop","school-shop-08","math","십을 넘는 동전 수","0.783","0","4","","build","not_independently_verified","app_authored_not_calibrated"
"school-shop","school-shop-09","math","합계 후 거스름돈","0.805","0.333","4","","choice","not_independently_verified","app_authored_not_calibrated"
"school-shop","school-shop-10","math","혼합 화폐로 금액 만들기","0.826","0","4","","build","not_independently_verified","app_authored_not_calibrated"
"school-shop","school-shop-11","math","예산 안에서 최대 수","0.848","0.333","4","","choice","not_independently_verified","app_authored_not_calibrated"
"school-shop","school-shop-12","math","여러 동전으로 거스름돈","0.87","0","4","","build","not_independently_verified","app_authored_not_calibrated"
"sentence-picnic","sentence-picnic-01","english","주어와 동사 문장 조립","-0.37","0","3","","sequence","not_independently_verified","app_authored_not_calibrated"
"sentence-picnic","sentence-picnic-02","english","문장의 색 정보 찾기","-0.348","0.333","3","","choice","not_independently_verified","app_authored_not_calibrated"
"sentence-picnic","sentence-picnic-03","english","주어와 행동 연결","-0.326","0","3","","sequence","not_independently_verified","app_authored_not_calibrated"
"sentence-picnic","sentence-picnic-04","english","문장의 수량 정보 찾기","-0.305","0.333","3","","choice","not_independently_verified","app_authored_not_calibrated"
"sentence-picnic","sentence-picnic-05","english","소유 표현 문장 조립","-0.283","0","3","","sequence","not_independently_verified","app_authored_not_calibrated"
"sentence-picnic","sentence-picnic-06","english","문장의 장소 정보 찾기","-0.261","0.333","3","","choice","not_independently_verified","app_authored_not_calibrated"
"sentence-picnic","sentence-picnic-07","english","다섯 낱말 요청 문장","0.761","0","4","","sequence","not_independently_verified","app_authored_not_calibrated"
"sentence-picnic","sentence-picnic-08","english","두 문장 정보 구별","0.783","0.333","4","","choice","not_independently_verified","app_authored_not_calibrated"
"sentence-picnic","sentence-picnic-09","english","수와 색을 포함한 문장","0.805","0","4","","sequence","not_independently_verified","app_authored_not_calibrated"
"sentence-picnic","sentence-picnic-10","english","before 시간 관계 이해","0.826","0.333","4","","choice","not_independently_verified","app_authored_not_calibrated"
"sentence-picnic","sentence-picnic-11","english","after 시간 표현 조립","0.848","0","4","","sequence","not_independently_verified","app_authored_not_calibrated"
"sentence-picnic","sentence-picnic-12","english","부정과 대명사 문장 이해","0.87","0.333","4","","choice","not_independently_verified","app_authored_not_calibrated"
"sharing-kitchen","sharing-kitchen-01","math","동일 수로 둘 나누기","-1.37","0","2","","build","not_independently_verified","app_authored_not_calibrated"
"sharing-kitchen","sharing-kitchen-02","math","절반의 의미","-1.348","0.333","2","","choice","not_independently_verified","app_authored_not_calibrated"
"sharing-kitchen","sharing-kitchen-03","math","절반을 먹고 남은 수","-1.326","0","2","","build","not_independently_verified","app_authored_not_calibrated"
"sharing-kitchen","sharing-kitchen-04","math","공평한 나눔 판별","-1.305","0.333","2","","choice","not_independently_verified","app_authored_not_calibrated"
"sharing-kitchen","sharing-kitchen-05","math","빈 접시와 같은 수 만들기","-1.283","0","2","","build","not_independently_verified","app_authored_not_calibrated"
"sharing-kitchen","sharing-kitchen-06","math","절반 두 개의 합","-1.261","0.333","2","","choice","not_independently_verified","app_authored_not_calibrated"
"sharing-kitchen","sharing-kitchen-07","math","4분의 1을 수량으로","0.761","0","4","","build","not_independently_verified","app_authored_not_calibrated"
"sharing-kitchen","sharing-kitchen-08","math","분수와 백분율 연결","0.783","0.333","4","","choice","not_independently_verified","app_authored_not_calibrated"
"sharing-kitchen","sharing-kitchen-09","math","남은 비율과 길이 변환","0.805","0.333","4","","choice","not_independently_verified","app_authored_not_calibrated"
"sharing-kitchen","sharing-kitchen-10","math","25%를 수량으로","0.826","0","4","","build","not_independently_verified","app_authored_not_calibrated"
"sharing-kitchen","sharing-kitchen-11","math","남은 백분율과 무게","0.848","0.333","4","","choice","not_independently_verified","app_authored_not_calibrated"
"sharing-kitchen","sharing-kitchen-12","math","전체가 다르면 절반도 달라짐","0.87","0.333","4","","choice","not_independently_verified","app_authored_not_calibrated"
"snack-count","snack-count-01","math","1~5 수량 만들기","-2.32","0","1","","build","not_independently_verified","app_authored_not_calibrated"
"snack-count","snack-count-02","math","1~5 하나씩 세기","-2.298","0.333","1","","choice","not_independently_verified","app_authored_not_calibrated"
"snack-count","snack-count-03","math","일대일 대응","-2.276","0","1","","build","not_independently_verified","app_authored_not_calibrated"
"snack-count","snack-count-04","math","수량 비교","-2.255","0.333","1","","choice","not_independently_verified","app_authored_not_calibrated"
"snack-count","snack-count-05","math","하나 덜기","-2.233","0","1","","build","not_independently_verified","app_authored_not_calibrated"
"snack-count","snack-count-06","math","0의 의미","-2.211","0.333","1","","choice","not_independently_verified","app_authored_not_calibrated"
"snack-count","snack-count-07","math","10 이내 덧셈","-1.239","0","2","","build","not_independently_verified","app_authored_not_calibrated"
"snack-count","snack-count-08","math","10 이내 뺄셈","-1.217","0.333","2","","choice","not_independently_verified","app_authored_not_calibrated"
"snack-count","snack-count-09","math","10을 만드는 보수","-1.195","0","2","","build","not_independently_verified","app_authored_not_calibrated"
"snack-count","snack-count-10","math","같은 수로 둘 나누기","-1.174","0.333","2","","choice","not_independently_verified","app_authored_not_calibrated"
"snack-count","snack-count-11","math","두 수의 차이","-1.152","0","2","","build","not_independently_verified","app_authored_not_calibrated"
"snack-count","snack-count-12","math","수량 보존과 0","-1.13","0.333","2","","choice","not_independently_verified","app_authored_not_calibrated"
"sound-workshop","sound-workshop-01","korean","흉내 내는 소리와 동물 연결","-2.32","0","1","","match","not_independently_verified","app_authored_not_calibrated"
"sound-workshop","sound-workshop-02","korean","첫 소리마디 듣기","-2.298","0.333","1","","choice","not_independently_verified","app_authored_not_calibrated"
"sound-workshop","sound-workshop-03","korean","탈것 흉내말 연결","-2.276","0","1","","match","not_independently_verified","app_authored_not_calibrated"
"sound-workshop","sound-workshop-04","korean","두 소리마디 나누기","-2.255","0.333","1","","choice","not_independently_verified","app_authored_not_calibrated"
"sound-workshop","sound-workshop-05","korean","행동과 소리말 연결","-2.233","0","1","","match","not_independently_verified","app_authored_not_calibrated"
"sound-workshop","sound-workshop-06","korean","마지막 소리마디 듣기","-2.211","0.333","1","","choice","not_independently_verified","app_authored_not_calibrated"
"sound-workshop","sound-workshop-07","korean","낱말의 소리마디 수 비교","-1.239","0","2","","match","not_independently_verified","app_authored_not_calibrated"
"sound-workshop","sound-workshop-08","korean","같은 첫 소리마디 찾기","-1.217","0.333","2","","choice","not_independently_verified","app_authored_not_calibrated"
"sound-workshop","sound-workshop-09","korean","같은 첫 소리마디끼리 묶기","-1.195","0","2","","match","not_independently_verified","app_authored_not_calibrated"
"sound-workshop","sound-workshop-10","korean","소리마디의 위치 구별","-1.174","0.333","2","","choice","not_independently_verified","app_authored_not_calibrated"
"sound-workshop","sound-workshop-11","korean","끝 소리로 다음 낱말 연결","-1.152","0","2","","match","not_independently_verified","app_authored_not_calibrated"
"sound-workshop","sound-workshop-12","korean","첫 소리마디 바꾸기","-1.13","0.333","2","","choice","not_independently_verified","app_authored_not_calibrated"
"story-sequence","story-sequence-01","korean","사건의 시작과 끝 연결","-0.37","0","3","","sequence","not_independently_verified","app_authored_not_calibrated"
"story-sequence","story-sequence-02","korean","명시된 이유 찾기","-0.348","0.333","3","","choice","not_independently_verified","app_authored_not_calibrated"
"story-sequence","story-sequence-03","korean","문제와 해결의 순서","-0.326","0","3","","sequence","not_independently_verified","app_authored_not_calibrated"
"story-sequence","story-sequence-04","korean","준비와 실행 연결","-0.305","0","3","","sequence","not_independently_verified","app_authored_not_calibrated"
"story-sequence","story-sequence-05","korean","행동과 결과 연결","-0.283","0.333","3","","choice","not_independently_verified","app_authored_not_calibrated"
"story-sequence","story-sequence-06","korean","돌아가며 하는 행동의 순서","-0.261","0","3","","sequence","not_independently_verified","app_authored_not_calibrated"
"story-sequence","story-sequence-07","korean","시간이 뒤섞인 이야기 정렬","0.761","0","4","","sequence","not_independently_verified","app_authored_not_calibrated"
"story-sequence","story-sequence-08","korean","해결 방법의 이유 추론","0.783","0.333","4","","choice","not_independently_verified","app_authored_not_calibrated"
"story-sequence","story-sequence-09","korean","조건을 모아 사건 순서 정하기","0.805","0","4","","sequence","not_independently_verified","app_authored_not_calibrated"
"story-sequence","story-sequence-10","korean","문제 해결 과정 정리","0.826","0","4","","sequence","not_independently_verified","app_authored_not_calibrated"
"story-sequence","story-sequence-11","korean","직접 알 수 있는 것과 추측 구별","0.848","0.333","4","","choice","not_independently_verified","app_authored_not_calibrated"
"story-sequence","story-sequence-12","korean","두 인물의 엇갈린 사건 정렬","0.87","0","4","","sequence","not_independently_verified","app_authored_not_calibrated"
"time-day","time-day-01","math","이야기 속 시간 순서","-1.37","0","2","","sequence","not_independently_verified","app_authored_not_calibrated"
"time-day","time-day-02","math","정각 읽기","-1.348","0.333","2","","choice","not_independently_verified","app_authored_not_calibrated"
"time-day","time-day-03","math","정각 읽기","-1.326","0.333","2","","choice","not_independently_verified","app_authored_not_calibrated"
"time-day","time-day-04","math","명시된 준비 순서","-1.305","0","2","","sequence","not_independently_verified","app_authored_not_calibrated"
"time-day","time-day-05","math","한 시간 뒤 시각","-1.283","0.333","2","","choice","not_independently_verified","app_authored_not_calibrated"
"time-day","time-day-06","math","하루의 시간 순서","-1.261","0","2","","sequence","not_independently_verified","app_authored_not_calibrated"
"time-day","time-day-07","math","두 시간 뒤 시각","-0.239","0.333","3","","choice","not_independently_verified","app_authored_not_calibrated"
"time-day","time-day-08","math","시각의 앞뒤 관계","-0.217","0","3","","sequence","not_independently_verified","app_authored_not_calibrated"
"time-day","time-day-09","math","경과 시간 계산","-0.195","0.333","3","","choice","not_independently_verified","app_authored_not_calibrated"
"time-day","time-day-10","math","30분 뒤 시각","-0.174","0.333","3","","choice","not_independently_verified","app_authored_not_calibrated"
"time-day","time-day-11","math","분 단위의 시각 순서","-0.152","0","3","","sequence","not_independently_verified","app_authored_not_calibrated"
"time-day","time-day-12","math","남은 시간 계산","-0.13","0.333","3","","choice","not_independently_verified","app_authored_not_calibrated"
"word-builder","word-builder-01","korean","세 글자 낱말 조립","-1.37","0","2","","sequence","not_independently_verified","app_authored_not_calibrated"
"word-builder","word-builder-02","korean","세 글자 낱말 조립","-1.348","0","2","","sequence","not_independently_verified","app_authored_not_calibrated"
"word-builder","word-builder-03","korean","그림과 낱말 연결","-1.326","0","2","","match","not_independently_verified","app_authored_not_calibrated"
"word-builder","word-builder-04","korean","세 글자 낱말 조립","-1.305","0","2","","sequence","not_independently_verified","app_authored_not_calibrated"
"word-builder","word-builder-05","korean","세 글자 낱말 조립","-1.283","0","2","","sequence","not_independently_verified","app_authored_not_calibrated"
"word-builder","word-builder-06","korean","낱말과 쓰임 연결","-1.261","0","2","","match","not_independently_verified","app_authored_not_calibrated"
"word-builder","word-builder-07","korean","네 글자 낱말 조립","-0.239","0","3","","sequence","not_independently_verified","app_authored_not_calibrated"
"word-builder","word-builder-08","korean","낱말 뜻과 구체적 설명 연결","-0.217","0","3","","match","not_independently_verified","app_authored_not_calibrated"
"word-builder","word-builder-09","korean","누가 무엇을 했는지 문장 조립","-0.195","0","3","","sequence","not_independently_verified","app_authored_not_calibrated"
"word-builder","word-builder-10","korean","시간을 포함한 문장 조립","-0.174","0","3","","sequence","not_independently_verified","app_authored_not_calibrated"
"word-builder","word-builder-11","korean","동작말과 어울리는 대상 연결","-0.152","0","3","","match","not_independently_verified","app_authored_not_calibrated"
"word-builder","word-builder-12","korean","받침을 포함한 낱말 조립","-0.13","0","3","","sequence","not_independently_verified","app_authored_not_calibrated"
"world-greetings","world-greetings-01","english","만남 인사","-2.32","0.333","1","","choice","not_independently_verified","app_authored_not_calibrated"
"world-greetings","world-greetings-02","english","작별 인사","-2.298","0.333","1","","choice","not_independently_verified","app_authored_not_calibrated"
"world-greetings","world-greetings-03","english","감사 표현","-2.276","0.333","1","","choice","not_independently_verified","app_authored_not_calibrated"
"world-greetings","world-greetings-04","english","사과 표현","-2.255","0.333","1","","choice","not_independently_verified","app_authored_not_calibrated"
"world-greetings","world-greetings-05","english","아침 인사","-2.233","0.333","1","","choice","not_independently_verified","app_authored_not_calibrated"
"world-greetings","world-greetings-06","english","상황별 인사 연결","-2.211","0","1","","match","not_independently_verified","app_authored_not_calibrated"
"world-greetings","world-greetings-07","english","참여와 도움 요청","-0.239","0","3","","match","not_independently_verified","app_authored_not_calibrated"
"world-greetings","world-greetings-08","english","정중한 수락","-0.217","0.333","3","","choice","not_independently_verified","app_authored_not_calibrated"
"world-greetings","world-greetings-09","english","예절과 격려 표현","-0.195","0","3","","match","not_independently_verified","app_authored_not_calibrated"
"world-greetings","world-greetings-10","english","구체적인 허락 요청","-0.174","0.333","3","","choice","not_independently_verified","app_authored_not_calibrated"
"world-greetings","world-greetings-11","english","관계 맺기와 안부","-0.152","0","3","","match","not_independently_verified","app_authored_not_calibrated"
"world-greetings","world-greetings-12","english","정중한 거절","-0.13","0.333","3","","choice","not_independently_verified","app_authored_not_calibrated"
"bebsu-foundation","bebsu-ed18713f2f551587","math","sehee.foundation.addition.addition_within_5","-2.3","0","","K","numeric","independently_arithmetic_checked","arithmetic_checked"
"bebsu-foundation","bebsu-0531b6b85e2cf082","math","sehee.foundation.addition.addition_within_5","-2.3","0","","K","numeric","independently_arithmetic_checked","arithmetic_checked"
"bebsu-foundation","bebsu-aecba4f41d09ef63","math","sehee.foundation.subtraction.subtraction_within_5","-2.3","0","","K","numeric","independently_arithmetic_checked","arithmetic_checked"
"bebsu-foundation","bebsu-e0003e66878e2e0a","math","sehee.foundation.addition.addition_within_5","-2.3","0","","K","numeric","independently_arithmetic_checked","arithmetic_checked"
"bebsu-foundation","bebsu-a2500764d2937d47","math","sehee.foundation.subtraction.subtraction_within_5","-2.3","0","","K","numeric","independently_arithmetic_checked","arithmetic_checked"
"bebsu-foundation","bebsu-de8aae903e1e22ee","math","sehee.foundation.addition.addition_within_5","-2.3","0","","K","numeric","independently_arithmetic_checked","arithmetic_checked"
"bebsu-foundation","bebsu-bdeca2643ea8b152","math","sehee.foundation.subtraction.subtraction_within_5","-2.3","0","","K","numeric","independently_arithmetic_checked","arithmetic_checked"
"bebsu-foundation","bebsu-03205b968db01d63","math","sehee.foundation.addition.addition_within_5","-2.3","0","","K","numeric","independently_arithmetic_checked","arithmetic_checked"
"bebsu-foundation","bebsu-d38ebedcfd6b63e4","math","sehee.foundation.subtraction.subtraction_within_5","-2.3","0","","K","numeric","independently_arithmetic_checked","arithmetic_checked"
"bebsu-foundation","bebsu-c9bc8aea94bc4801","math","sehee.foundation.subtraction.subtraction_within_5","-2.3","0","","K","numeric","independently_arithmetic_checked","arithmetic_checked"
"bebsu-foundation","bebsu-4f7f83c14b2b7994","math","sehee.foundation.addition.addition_within_10","-2.3","0","","K","numeric","independently_arithmetic_checked","arithmetic_checked"
"bebsu-foundation","bebsu-6ea08beed36fbcb4","math","sehee.foundation.subtraction.subtraction_within_10","-2.3","0","","K","numeric","independently_arithmetic_checked","arithmetic_checked"
"bebsu-foundation","bebsu-4aa59b4271027a37","math","sehee.foundation.addition.addition_within_10","-2.3","0","","K","numeric","independently_arithmetic_checked","arithmetic_checked"
"bebsu-foundation","bebsu-63868bef3af35d52","math","sehee.foundation.subtraction.subtraction_within_10","-2.3","0","","K","numeric","independently_arithmetic_checked","arithmetic_checked"
"bebsu-foundation","bebsu-a10eb7deec90b541","math","sehee.foundation.addition.addition_within_10","-2.3","0","","K","numeric","independently_arithmetic_checked","arithmetic_checked"
"bebsu-foundation","bebsu-e59de906ea090112","math","sehee.foundation.subtraction.subtraction_within_10","-2.3","0","","K","numeric","independently_arithmetic_checked","arithmetic_checked"
"bebsu-foundation","bebsu-6b571e0c8954ed56","math","sehee.foundation.addition.addition_within_10","-2.3","0","","K","numeric","independently_arithmetic_checked","arithmetic_checked"
"bebsu-foundation","bebsu-780e8261e4f534ad","math","sehee.foundation.subtraction.subtraction_within_10","-2.3","0","","K","numeric","independently_arithmetic_checked","arithmetic_checked"
"bebsu-foundation","bebsu-d1c887e00bf57ba3","math","sehee.foundation.addition.addition_within_10","-2.3","0","","K","numeric","independently_arithmetic_checked","arithmetic_checked"
"bebsu-foundation","bebsu-b5bde4ed32f36700","math","sehee.foundation.subtraction.subtraction_within_10","-2.3","0","","K","numeric","independently_arithmetic_checked","arithmetic_checked"
"bebsu-foundation","bebsu-572e9946d2999344","math","sehee.foundation.addition.addition_within_10","-2.3","0","","K","numeric","independently_arithmetic_checked","arithmetic_checked"
"bebsu-foundation","bebsu-8bfdfe34d18f2534","math","sehee.foundation.subtraction.subtraction_within_10","-2.3","0","","K","numeric","independently_arithmetic_checked","arithmetic_checked"
"bebsu-foundation","bebsu-a79d170a8ede2777","math","sehee.foundation.addition.addition_within_10","-2.3","0","","K","numeric","independently_arithmetic_checked","arithmetic_checked"
"bebsu-foundation","bebsu-6f5e4777620d4997","math","sehee.foundation.subtraction.subtraction_within_10","-2.3","0","","K","numeric","independently_arithmetic_checked","arithmetic_checked"
"bebsu-foundation","bebsu-63a9e64d3b336976","math","sehee.foundation.subtraction.subtraction_within_10","-2.3","0","","K","numeric","independently_arithmetic_checked","arithmetic_checked"
"bebsu-g1-generated","bebsu-8f23f51b3f744e5c","math","core.g1.counting","-0.36","0","","G1","numeric","machine_checked","generated_not_calibrated"
"bebsu-g1-generated","bebsu-5a2c89bd4aafc507","math","core.g1.counting","-0.36","0","","G1","numeric","machine_checked","generated_not_calibrated"
"bebsu-g1-generated","bebsu-512eee4e49f71859","math","core.g1.counting","-0.36","0","","G1","numeric","machine_checked","generated_not_calibrated"
"bebsu-g1-generated","bebsu-b66bd4247e2e3605","math","core.g1.counting","-0.36","0","","G1","numeric","machine_checked","generated_not_calibrated"
"bebsu-g1-generated","bebsu-411d1399624116db","math","core.g1.number_order","-0.312","0","","G1","numeric","machine_checked","generated_not_calibrated"
"bebsu-g1-generated","bebsu-c734d0aa39de6f3f","math","core.g1.number_order","-0.312","0","","G1","numeric","machine_checked","generated_not_calibrated"
"bebsu-g1-generated","bebsu-c0552d13958eb807","math","core.g1.number_order","-0.312","0","","G1","numeric","machine_checked","generated_not_calibrated"
"bebsu-g1-generated","bebsu-dd64af555efcf850","math","core.g1.number_order","-0.312","0","","G1","numeric","machine_checked","generated_not_calibrated"
"bebsu-g1-generated","bebsu-d42a47eb0c8bba9e","math","core.g1.addition","-0.268","0","","G1","numeric","machine_checked","generated_not_calibrated"
"bebsu-g1-generated","bebsu-eb07b1d0120df5d0","math","core.g1.addition","-0.268","0","","G1","numeric","machine_checked","generated_not_calibrated"
"bebsu-g1-generated","bebsu-1f56d5fa28cd9633","math","core.g1.addition","-0.268","0","","G1","numeric","machine_checked","generated_not_calibrated"
"bebsu-g1-generated","bebsu-e5d2b4d65c9b00c1","math","core.g1.addition","-0.268","0","","G1","numeric","machine_checked","generated_not_calibrated"
"bebsu-g1-generated","bebsu-da89de3e78f77f73","math","core.g1.subtraction","-0.22","0","","G1","numeric","machine_checked","generated_not_calibrated"
"bebsu-g1-generated","bebsu-f8c7ebbd309a97b8","math","core.g1.subtraction","-0.22","0","","G1","numeric","machine_checked","generated_not_calibrated"
"bebsu-g1-generated","bebsu-3b93cf0be391d85b","math","core.g1.subtraction","-0.22","0","","G1","numeric","machine_checked","generated_not_calibrated"
"bebsu-g1-generated","bebsu-0edce1c2a3eca86c","math","core.g1.subtraction","-0.22","0","","G1","numeric","machine_checked","generated_not_calibrated"
"bebsu-g1-generated","bebsu-c3e4d74e87f246d8","math","core.g1.comparison","-0.172","0","","G1","numeric","machine_checked","generated_not_calibrated"
"bebsu-g1-generated","bebsu-b871c83f7fe36758","math","core.g1.comparison","-0.172","0","","G1","numeric","machine_checked","generated_not_calibrated"
"bebsu-g1-generated","bebsu-a419416e872dab90","math","core.g1.comparison","-0.172","0","","G1","numeric","machine_checked","generated_not_calibrated"
"bebsu-g1-generated","bebsu-5f02410f58c37b4b","math","core.g1.comparison","-0.172","0","","G1","numeric","machine_checked","generated_not_calibrated"
"bebsu-g1-generated","bebsu-225bb12bdda99657","math","core.g1.addition","-0.128","0","","G1","numeric","machine_checked","generated_not_calibrated"
"bebsu-g1-generated","bebsu-87d89fa4b1d68dd4","math","core.g1.addition","-0.128","0","","G1","numeric","machine_checked","generated_not_calibrated"
"bebsu-g1-generated","bebsu-84ddd64c756b7cf2","math","core.g1.addition","-0.128","0","","G1","numeric","machine_checked","generated_not_calibrated"
"bebsu-g1-generated","bebsu-d4ad89da9d86917e","math","core.g1.addition","-0.128","0","","G1","numeric","machine_checked","generated_not_calibrated"
"bebsu-g1-generated","bebsu-802e3fe72f42f279","math","core.g1.place_value","-0.08","0","","G1","numeric","machine_checked","generated_not_calibrated"
"bebsu-g1-generated","bebsu-1ba4ba5c712abd84","math","core.g1.place_value","-0.08","0","","G1","numeric","machine_checked","generated_not_calibrated"
"bebsu-g1-generated","bebsu-4b1f608058499cb0","math","core.g1.place_value","-0.08","0","","G1","numeric","machine_checked","generated_not_calibrated"
"bebsu-g1-generated","bebsu-69054916595796f6","math","core.g1.place_value","-0.08","0","","G1","numeric","machine_checked","generated_not_calibrated"
"bebsu-g1-generated","bebsu-187b60a831b0628e","math","core.g1.addition","-0.032","0","","G1","numeric","machine_checked","generated_not_calibrated"
"bebsu-g1-generated","bebsu-cfe1631250b97990","math","core.g1.addition","-0.032","0","","G1","numeric","machine_checked","generated_not_calibrated"
"bebsu-g1-generated","bebsu-eec860ce33084192","math","core.g1.addition","-0.032","0","","G1","numeric","machine_checked","generated_not_calibrated"
"bebsu-g1-generated","bebsu-c82be157104c44c7","math","core.g1.addition","-0.032","0","","G1","numeric","machine_checked","generated_not_calibrated"
"bebsu-g1-generated","bebsu-7ed37d92ce260054","math","core.g1.subtraction","0.012","0","","G1","numeric","machine_checked","generated_not_calibrated"
"bebsu-g1-generated","bebsu-cbebf01d62b223ae","math","core.g1.subtraction","0.012","0","","G1","numeric","machine_checked","generated_not_calibrated"
"bebsu-g1-generated","bebsu-6c0a64b007d9361e","math","core.g1.subtraction","0.012","0","","G1","numeric","machine_checked","generated_not_calibrated"
"bebsu-g1-generated","bebsu-fa8595bbcce9e2c5","math","core.g1.subtraction","0.012","0","","G1","numeric","machine_checked","generated_not_calibrated"
"bebsu-g1-generated","bebsu-2d31fbda9cf77329","math","core.g1.number_order","0.06","0","","G1","numeric","machine_checked","generated_not_calibrated"
"bebsu-g1-generated","bebsu-eaed1dd38262261f","math","core.g1.number_order","0.06","0","","G1","numeric","machine_checked","generated_not_calibrated"
"bebsu-g1-generated","bebsu-76429db21c65ef75","math","core.g1.number_order","0.06","0","","G1","numeric","machine_checked","generated_not_calibrated"
"bebsu-g1-generated","bebsu-dc654b50b6099609","math","core.g1.number_order","0.06","0","","G1","numeric","machine_checked","generated_not_calibrated"
"bebsu-g1-generated","bebsu-3204a722095be78e","math","core.g1.comparison","0.108","0","","G1","numeric","machine_checked","generated_not_calibrated"
"bebsu-g1-generated","bebsu-ec44b9dd120ee4c2","math","core.g1.comparison","0.108","0","","G1","numeric","machine_checked","generated_not_calibrated"
"bebsu-g1-generated","bebsu-d4cd0a3be2f816fa","math","core.g1.comparison","0.108","0","","G1","numeric","machine_checked","generated_not_calibrated"
"bebsu-g1-generated","bebsu-47eb440451867d1c","math","core.g1.comparison","0.108","0","","G1","numeric","machine_checked","generated_not_calibrated"
"bebsu-g1-generated","bebsu-663061a540df35f7","math","core.g1.pattern_logic","0.152","0","","G1","numeric","machine_checked","generated_not_calibrated"
"bebsu-g1-generated","bebsu-fadfbe1aa9b9a8c4","math","core.g1.pattern_logic","0.152","0","","G1","numeric","machine_checked","generated_not_calibrated"
"bebsu-g1-generated","bebsu-62bfaac983ae2861","math","core.g1.pattern_logic","0.152","0","","G1","numeric","machine_checked","generated_not_calibrated"
"bebsu-g1-generated","bebsu-94ef428c416dd8c2","math","core.g1.pattern_logic","0.152","0","","G1","numeric","machine_checked","generated_not_calibrated"
"bebsu-g1-generated","bebsu-d4dae9cafd085435","math","core.g1.addition","0.2","0","","G1","numeric","machine_checked","generated_not_calibrated"
"bebsu-g1-generated","bebsu-dbb812755c0e8984","math","core.g1.addition","0.2","0","","G1","numeric","machine_checked","generated_not_calibrated"
"bebsu-g1-generated","bebsu-348725f4deb98a8f","math","core.g1.addition","0.2","0","","G1","numeric","machine_checked","generated_not_calibrated"
"bebsu-g1-generated","bebsu-d2209c2ff633f5f2","math","core.g1.addition","0.2","0","","G1","numeric","machine_checked","generated_not_calibrated"
"bebsu-g1-generated","bebsu-0a8e9b6733ee449c","math","core.g1.addition","0.248","0","","G1","numeric","machine_checked","generated_not_calibrated"
"bebsu-g1-generated","bebsu-a5cbca4aeb705fa3","math","core.g1.addition","0.248","0","","G1","numeric","machine_checked","generated_not_calibrated"
"bebsu-g1-generated","bebsu-3b1b076d8685707e","math","core.g1.addition","0.248","0","","G1","numeric","machine_checked","generated_not_calibrated"
"bebsu-g1-generated","bebsu-5a98d3f52d764b3b","math","core.g1.addition","0.248","0","","G1","numeric","machine_checked","generated_not_calibrated"
"bebsu-g1-generated","bebsu-391cfcac6f6b0d66","math","core.g1.pattern_logic","0.292","0","","G1","numeric","machine_checked","generated_not_calibrated"
"bebsu-g1-generated","bebsu-37c85d2725d6e4a9","math","core.g1.pattern_logic","0.292","0","","G1","numeric","machine_checked","generated_not_calibrated"
"bebsu-g1-generated","bebsu-a5f2a96b649c00ff","math","core.g1.pattern_logic","0.292","0","","G1","numeric","machine_checked","generated_not_calibrated"
"bebsu-g1-generated","bebsu-a0df4c2ba9d8cb38","math","core.g1.pattern_logic","0.292","0","","G1","numeric","machine_checked","generated_not_calibrated"
"bebsu-g1-generated","bebsu-f425dbb424dd4d4b","math","core.g1.place_value","0.34","0","","G1","numeric","machine_checked","generated_not_calibrated"
"bebsu-g1-generated","bebsu-96b3ef921e67e8f5","math","core.g1.place_value","0.34","0","","G1","numeric","machine_checked","generated_not_calibrated"
"bebsu-g1-generated","bebsu-de71f297ac48f42a","math","core.g1.place_value","0.34","0","","G1","numeric","machine_checked","generated_not_calibrated"
"bebsu-g1-generated","bebsu-781967e14a961c97","math","core.g1.place_value","0.34","0","","G1","numeric","machine_checked","generated_not_calibrated"
"bebsu-g1-generated","bebsu-3a640083abae2a4f","math","core.g1.place_value","0.388","0","","G1","numeric","machine_checked","generated_not_calibrated"
"bebsu-g1-generated","bebsu-c7cee0a5f8dc340a","math","core.g1.place_value","0.388","0","","G1","numeric","machine_checked","generated_not_calibrated"
"bebsu-g1-generated","bebsu-a77311ea2da15cca","math","core.g1.place_value","0.388","0","","G1","numeric","machine_checked","generated_not_calibrated"
"bebsu-g1-generated","bebsu-46639dda0dbd43d0","math","core.g1.place_value","0.388","0","","G1","numeric","machine_checked","generated_not_calibrated"
"bebsu-g1-generated","bebsu-136e3c0c92627d74","math","core.g1.time","0.432","0","","G1","numeric","machine_checked","generated_not_calibrated"
"bebsu-g1-generated","bebsu-8936fee492969588","math","core.g1.time","0.432","0","","G1","numeric","machine_checked","generated_not_calibrated"
"bebsu-g1-generated","bebsu-9204daa75d80b326","math","core.g1.time","0.432","0","","G1","numeric","machine_checked","generated_not_calibrated"
"bebsu-g1-generated","bebsu-88e435a454fc8b4f","math","core.g1.time","0.432","0","","G1","numeric","machine_checked","generated_not_calibrated"
"bebsu-g1-generated","bebsu-7129bfaba795f495","math","core.g1.measurement","0.48","0","","G1","numeric","machine_checked","generated_not_calibrated"
"bebsu-g1-generated","bebsu-6e90765145f1a74b","math","core.g1.measurement","0.48","0","","G1","numeric","machine_checked","generated_not_calibrated"
"bebsu-g1-generated","bebsu-e403346f658fe9f9","math","core.g1.measurement","0.48","0","","G1","numeric","machine_checked","generated_not_calibrated"
"bebsu-g1-generated","bebsu-4365fc103401cefa","math","core.g1.measurement","0.48","0","","G1","numeric","machine_checked","generated_not_calibrated"
"bebsu-g1-generated","bebsu-e21f70e23fd1f27b","math","core.g1.geometry","0.528","0","","G1","numeric","machine_checked","generated_not_calibrated"
"bebsu-g1-generated","bebsu-7097dd0a81e3f40d","math","core.g1.geometry","0.528","0","","G1","numeric","machine_checked","generated_not_calibrated"
"bebsu-g1-generated","bebsu-fb10819414a5b25b","math","core.g1.geometry","0.528","0","","G1","numeric","machine_checked","generated_not_calibrated"
"bebsu-g1-generated","bebsu-eafa25804421d8d2","math","core.g1.geometry","0.528","0","","G1","numeric","machine_checked","generated_not_calibrated"
"bebsu-g1-generated","bebsu-de2c3d6e8e90e5f3","math","core.g1.addition","0.572","0","","G1","numeric","machine_checked","generated_not_calibrated"
"bebsu-g1-generated","bebsu-62524d23bae31787","math","core.g1.addition","0.572","0","","G1","numeric","machine_checked","generated_not_calibrated"
"bebsu-g1-generated","bebsu-5952696eb2e3ce12","math","core.g1.addition","0.572","0","","G1","numeric","machine_checked","generated_not_calibrated"
"bebsu-g1-generated","bebsu-a594ab2ffe8c6106","math","core.g1.addition","0.572","0","","G1","numeric","machine_checked","generated_not_calibrated"
"bebsu-g1-generated","bebsu-e47441540223d0b6","math","core.g1.place_value","0.62","0","","G1","numeric","machine_checked","generated_not_calibrated"
"bebsu-g1-generated","bebsu-87aa18648c75fd14","math","core.g1.place_value","0.62","0","","G1","numeric","machine_checked","generated_not_calibrated"
"bebsu-g1-generated","bebsu-80324b22321bd58c","math","core.g1.place_value","0.62","0","","G1","numeric","machine_checked","generated_not_calibrated"
"bebsu-g1-generated","bebsu-ff8df2bdf67394ec","math","core.g1.place_value","0.62","0","","G1","numeric","machine_checked","generated_not_calibrated"
"bebsu-g1-generated","bebsu-7eb43cec9cd902ec","math","core.g1.measurement","0.668","0","","G1","numeric","machine_checked","generated_not_calibrated"
"bebsu-g1-generated","bebsu-f316aeb9e56bf212","math","core.g1.measurement","0.668","0","","G1","numeric","machine_checked","generated_not_calibrated"
"bebsu-g1-generated","bebsu-f9ae90eaf46e62a3","math","core.g1.measurement","0.668","0","","G1","numeric","machine_checked","generated_not_calibrated"
"bebsu-g1-generated","bebsu-91910926cae1f026","math","core.g1.measurement","0.668","0","","G1","numeric","machine_checked","generated_not_calibrated"
"bebsu-g1-generated","bebsu-1f1eea6500643b1e","math","core.g1.pattern_logic","0.712","0","","G1","numeric","machine_checked","generated_not_calibrated"
"bebsu-g1-generated","bebsu-323f3d847887e88b","math","core.g1.pattern_logic","0.712","0","","G1","numeric","machine_checked","generated_not_calibrated"
"bebsu-g1-generated","bebsu-ff059fba5874655b","math","core.g1.pattern_logic","0.712","0","","G1","numeric","machine_checked","generated_not_calibrated"
"bebsu-g1-generated","bebsu-e68c3e4af9acb42b","math","core.g1.pattern_logic","0.712","0","","G1","numeric","machine_checked","generated_not_calibrated"
"bebsu-g1-generated","bebsu-501f1fbd45312446","math","core.g1.pattern_logic","0.76","0","","G1","numeric","machine_checked","generated_not_calibrated"
"bebsu-g1-generated","bebsu-0c8b0626fc1d3cfd","math","core.g1.pattern_logic","0.76","0","","G1","numeric","machine_checked","generated_not_calibrated"
"bebsu-g1-generated","bebsu-fe16636663f0635f","math","core.g1.pattern_logic","0.76","0","","G1","numeric","machine_checked","generated_not_calibrated"
"bebsu-g1-generated","bebsu-643c5ee7492aaaab","math","core.g1.pattern_logic","0.76","0","","G1","numeric","machine_checked","generated_not_calibrated"
"bebsu-g1-original","bebsu-8e6cc60b15218146","math","kma.g1.measurement","-0.1","0.2","","G1","choice","machine_checked","needs_expert_review"
"bebsu-g1-original","bebsu-7b80edc29dcf9cc0","math","kma.g1.comparison","0.125","0.2","","G1","choice","machine_checked","needs_expert_review"
"bebsu-g1-original","bebsu-f2fd99b5543612e0","math","kma.g1.comparison","0.15","0.2","","G1","choice","machine_checked","needs_expert_review"
"bebsu-g1-original","bebsu-59199c1dcdf6306f","math","kma.g1.addition","0.175","0.2","","G1","choice","machine_checked","needs_expert_review"
"bebsu-g1-original","bebsu-ccbd15611da775ea","math","kma.g1.addition","0.2","0","","G1","numeric","machine_checked","needs_expert_review"
"bebsu-g1-original","bebsu-5028738820513183","math","kma.g1.addition","0.225","0","","G1","numeric","machine_checked","needs_expert_review"
"bebsu-g1-original","bebsu-1756603aa27fbef0","math","kma.g1.addition","0.25","0","","G1","numeric","machine_checked","needs_expert_review"
"bebsu-g1-original","bebsu-a9fdfc744a03ffa2","math","kma.g1.addition","0.275","0","","G1","numeric","machine_checked","needs_expert_review"
"bebsu-g1-original","bebsu-4d45f44a54fe590a","math","kma.g1.addition","0.3","0","","G1","numeric","machine_checked","needs_expert_review"
"bebsu-g1-original","bebsu-fbe81f88c9d439c6","math","kma.g1.addition","0.325","0.2","","G1","choice","machine_checked","needs_expert_review"
"bebsu-g1-original","bebsu-470e88d5cb5f1879","math","kma.g1.addition","0.35","0.2","","G1","choice","machine_checked","needs_expert_review"
"bebsu-g1-original","bebsu-b20dfc4e34859226","math","kma.g1.subtraction","-0.075","0","","G1","numeric","machine_checked","needs_expert_review"
"bebsu-g1-original","bebsu-b59dd1bfde35e5df","math","kma.g1.measurement","0.375","0.2","","G1","choice","machine_checked","needs_expert_review"
"bebsu-g1-original","bebsu-b3535708401297c9","math","kma.g1.addition","0.4","0","","G1","numeric","machine_checked","needs_expert_review"
"bebsu-g1-original","bebsu-ab3bef40c2996826","math","kma.g1.addition","0.425","0","","G1","numeric","machine_checked","needs_expert_review"
"bebsu-g1-original","bebsu-4b39cc2b6f0ad3f2","math","kma.g1.subtraction","0.45","0","","G1","numeric","machine_checked","needs_expert_review"
"bebsu-g1-original","bebsu-acaacafc96026d57","math","kma.g1.counting","0.475","0","","G1","numeric","machine_checked","needs_expert_review"
"bebsu-g1-original","bebsu-fa48ed129c9c5787","math","kma.g1.addition","0.5","0","","G1","numeric","machine_checked","needs_expert_review"
"bebsu-g1-original","bebsu-d5ca5b33409fa27a","math","kma.g1.addition","-0.05","0","","G1","numeric","machine_checked","needs_expert_review"
"bebsu-g1-original","bebsu-f69b8932f8917f11","math","kma.g1.addition","-0.025","0","","G1","numeric","machine_checked","needs_expert_review"
"bebsu-g1-original","bebsu-b93088ebdfe5a2f9","math","kma.g1.geometry","0","0.2","","G1","choice","machine_checked","needs_expert_review"
"bebsu-g1-original","bebsu-2cdaf6b13888ecfb","math","kma.g1.addition","0.025","0","","G1","numeric","machine_checked","needs_expert_review"
"bebsu-g1-original","bebsu-3e87c8d7e6ed0e5b","math","kma.g1.addition","0.05","0","","G1","numeric","machine_checked","needs_expert_review"
"bebsu-g1-original","bebsu-510d25d66dceab3f","math","kma.g1.subtraction","0.075","0","","G1","numeric","machine_checked","needs_expert_review"
"bebsu-g1-original","bebsu-0bb96e88a1a53332","math","kma.g1.addition","0.1","0","","G1","numeric","machine_checked","needs_expert_review"
"bebsu-g1-original","bebsu-0f099082f4663656","math","kma.g1.counting","-0.1","0.2","","G1","choice","machine_checked","needs_expert_review"
"bebsu-g1-original","bebsu-7f2766143dac8299","math","kma.g1.addition","0.125","0.2","","G1","choice","machine_checked","needs_expert_review"
"bebsu-g1-original","bebsu-7dc8d67f8a422d2f","math","kma.g1.subtraction","0.15","0","","G1","numeric","machine_checked","needs_expert_review"
"bebsu-g1-original","bebsu-ec969fd0daf5ba85","math","kma.g1.addition","0.175","0.2","","G1","choice","machine_checked","needs_expert_review"
"bebsu-g1-original","bebsu-f639ed92622aaec1","math","kma.g1.unclassified","0.2","0","","G1","numeric","machine_checked","needs_expert_review"
"bebsu-g1-original","bebsu-460ec43ef2ad51fb","math","kma.g1.counting","0.225","0","","G1","numeric","machine_checked","needs_expert_review"
"bebsu-g1-original","bebsu-bbe05fc4bfe0f9ee","math","kma.g1.addition","0.25","0","","G1","numeric","machine_checked","needs_expert_review"
"bebsu-g1-original","bebsu-683df1ca7faf3b08","math","kma.g1.subtraction","0.275","0","","G1","numeric","machine_checked","needs_expert_review"
"bebsu-g1-original","bebsu-3977670664191ad5","math","kma.g1.order","0.3","0.2","","G1","choice","machine_checked","needs_expert_review"
"bebsu-g1-original","bebsu-24bea66c45bfc648","math","kma.g1.addition","0.325","0","","G1","numeric","machine_checked","needs_expert_review"
"bebsu-g1-original","bebsu-7a75d447bbecfdfb","math","kma.g1.addition","0.35","0","","G1","numeric","machine_checked","needs_expert_review"
"bebsu-g1-original","bebsu-d194a4e68713e7fd","math","kma.g1.addition","-0.075","0","","G1","numeric","machine_checked","needs_expert_review"
"bebsu-g1-original","bebsu-b4b1a19e57158d5f","math","kma.g1.addition","0.375","0","","G1","numeric","machine_checked","needs_expert_review"
"bebsu-g1-original","bebsu-427dab2d5b6532f6","math","kma.g1.addition","0.4","0","","G1","numeric","machine_checked","needs_expert_review"
"bebsu-g1-original","bebsu-ffef006ae44a35a8","math","kma.g1.subtraction","0.425","0","","G1","numeric","machine_checked","needs_expert_review"
"bebsu-g1-original","bebsu-60e2c9b7b4895378","math","kma.g1.addition","0.45","0","","G1","numeric","machine_checked","needs_expert_review"
"bebsu-g1-original","bebsu-1531f9e8cfa34827","math","kma.g1.addition","0.475","0","","G1","numeric","machine_checked","needs_expert_review"
"bebsu-g1-original","bebsu-b57d8ed5eee99b59","math","kma.g1.addition","0.5","0","","G1","numeric","machine_checked","needs_expert_review"
"bebsu-g1-original","bebsu-73ad340ea9ef19ea","math","kma.g1.place_value","-0.05","0","","G1","numeric","machine_checked","needs_expert_review"
"bebsu-g1-original","bebsu-ad4cc3941779d0be","math","kma.g1.place_value","-0.025","0","","G1","numeric","machine_checked","needs_expert_review"
"bebsu-g1-original","bebsu-8bf350843b27b2a3","math","kma.g1.addition","0","0","","G1","numeric","machine_checked","needs_expert_review"
"bebsu-g1-original","bebsu-a6cdfe31821d7296","math","kma.g1.addition","0.025","0","","G1","numeric","machine_checked","needs_expert_review"
"bebsu-g1-original","bebsu-730bdc54019b6866","math","kma.g1.geometry","0.05","0.2","","G1","choice","machine_checked","needs_expert_review"
"bebsu-g1-original","bebsu-13b5dd416c5d7a97","math","kma.g1.subtraction","0.075","0","","G1","numeric","machine_checked","needs_expert_review"
"bebsu-g1-original","bebsu-d1273cee358f5c73","math","kma.g1.addition","0.1","0","","G1","numeric","machine_checked","needs_expert_review"
"bebsu-g1-original","bebsu-e7e7ce01bc8afb01","math","kma.g1.addition","-0.1","0.2","","G1","choice","machine_checked","needs_expert_review"
"bebsu-g1-original","bebsu-66e03b272ca0388f","math","kma.g1.comparison","0.125","0.2","","G1","choice","machine_checked","needs_expert_review"
"bebsu-g1-original","bebsu-c331d3dceb22c981","math","kma.g1.counting","0.15","0","","G1","numeric","machine_checked","needs_expert_review"
"bebsu-g1-original","bebsu-c7d17d3b4f2e46c0","math","kma.g1.comparison","0.175","0.2","","G1","choice","machine_checked","needs_expert_review"
"bebsu-g1-original","bebsu-abac3dc7984a5e3a","math","kma.g1.subtraction","0.2","0.2","","G1","choice","machine_checked","needs_expert_review"
"bebsu-g1-original","bebsu-5ef33f38a52e6780","math","kma.g1.comparison","0.225","0","","G1","numeric","machine_checked","needs_expert_review"
"bebsu-g1-original","bebsu-886a61246204e418","math","kma.g1.counting","0.25","0","","G1","numeric","machine_checked","needs_expert_review"
"bebsu-g1-original","bebsu-84dc0da4067fb313","math","kma.g1.addition","0.275","0","","G1","numeric","machine_checked","needs_expert_review"
"bebsu-g1-original","bebsu-90fa6c9d423685b4","math","kma.g1.addition","0.3","0","","G1","numeric","machine_checked","needs_expert_review"
"bebsu-g1-original","bebsu-9969be90a78eaa94","math","kma.g1.addition","0.325","0","","G1","numeric","machine_checked","needs_expert_review"
"bebsu-g1-original","bebsu-9712c9330d321957","math","kma.g1.counting","0.35","0","","G1","numeric","machine_checked","needs_expert_review"
"bebsu-g1-original","bebsu-71cc425aa1eb09ad","math","kma.g1.subtraction","-0.075","0.2","","G1","choice","machine_checked","needs_expert_review"
"bebsu-g1-original","bebsu-f0a548470de51ba4","math","kma.g1.addition","0.375","0.2","","G1","choice","machine_checked","needs_expert_review"
"bebsu-g1-original","bebsu-37883a6431b7866e","math","kma.g1.addition","0.4","0.2","","G1","choice","machine_checked","needs_expert_review"
"bebsu-g1-original","bebsu-8f4e4ef2f99200c0","math","kma.g1.subtraction","0.425","0","","G1","numeric","machine_checked","needs_expert_review"
"bebsu-g1-original","bebsu-534849c57f531982","math","kma.g1.addition","0.45","0","","G1","numeric","machine_checked","needs_expert_review"
"bebsu-g1-original","bebsu-de756e82cfa282d7","math","kma.g1.subtraction","0.475","0.2","","G1","choice","machine_checked","needs_expert_review"
"bebsu-g1-original","bebsu-390b4176d1948e24","math","kma.g1.addition","0.5","0","","G1","numeric","machine_checked","needs_expert_review"
"bebsu-g1-original","bebsu-d35e9aeca0e2899b","math","kma.g1.counting","-0.05","0","","G1","numeric","machine_checked","needs_expert_review"
"bebsu-g1-original","bebsu-35169f8fd88bbc9a","math","kma.g1.addition","-0.025","0.2","","G1","choice","machine_checked","needs_expert_review"
"bebsu-g1-original","bebsu-ce0d60cb1e05db16","math","kma.g1.order","0","0.2","","G1","choice","machine_checked","needs_expert_review"
"bebsu-g1-original","bebsu-d540353dee47e86c","math","kma.g1.counting","0.025","0","","G1","numeric","machine_checked","needs_expert_review"
"bebsu-g1-original","bebsu-8ef835a8e6834721","math","kma.g1.subtraction","0.05","0.2","","G1","choice","machine_checked","needs_expert_review"
"bebsu-g1-original","bebsu-0b3365010546005d","math","kma.g1.subtraction","0.075","0","","G1","numeric","machine_checked","needs_expert_review"
"bebsu-g1-original","bebsu-91601aeed344f436","math","kma.g1.addition","0.1","0","","G1","numeric","machine_checked","needs_expert_review"
"bebsu-g1-original","bebsu-9993b0a9497abe51","math","kma.g1.comparison","-0.1","0.2","","G1","choice","machine_checked","needs_expert_review"
"bebsu-g1-original","bebsu-d80cb2d805c5486c","math","kma.g1.addition","0.125","0.2","","G1","choice","machine_checked","needs_expert_review"
"bebsu-g1-original","bebsu-fd020eb8fcb6396d","math","kma.g1.addition","0.15","0.2","","G1","choice","machine_checked","needs_expert_review"
"bebsu-g1-original","bebsu-7928ffd50e8f493e","math","kma.g1.order","0.175","0","","G1","numeric","machine_checked","needs_expert_review"
"bebsu-g1-original","bebsu-84cc4e4a422750a8","math","kma.g1.unclassified","0.2","0.2","","G1","choice","machine_checked","needs_expert_review"
"bebsu-g1-original","bebsu-0624d701d2786d10","math","kma.g1.subtraction","0.225","0","","G1","numeric","machine_checked","needs_expert_review"
"bebsu-g1-original","bebsu-b153745523b9c37e","math","kma.g1.addition","0.25","0","","G1","numeric","machine_checked","needs_expert_review"
"bebsu-g1-original","bebsu-acdc1e2115f7b2d6","math","kma.g1.addition","0.275","0","","G1","numeric","machine_checked","needs_expert_review"
"bebsu-g1-original","bebsu-a61f3c75e0337342","math","kma.g1.unclassified","0.3","0","","G1","numeric","machine_checked","needs_expert_review"
"bebsu-g1-original","bebsu-3365096ca970010b","math","kma.g1.counting","0.325","0","","G1","numeric","machine_checked","needs_expert_review"
"bebsu-g1-original","bebsu-7a5fc5fd1c5e94ab","math","kma.g1.comparison","0.35","0","","G1","numeric","machine_checked","needs_expert_review"
"bebsu-g1-original","bebsu-c7f014d8dbd284db","math","kma.g1.subtraction","-0.075","0.2","","G1","choice","machine_checked","needs_expert_review"
"bebsu-g1-original","bebsu-acb6311602bce921","math","kma.g1.addition","0.375","0.2","","G1","choice","machine_checked","needs_expert_review"
"bebsu-g1-original","bebsu-e76f81b61cbb3fc2","math","kma.g1.unclassified","0.4","0","","G1","numeric","machine_checked","needs_expert_review"
"bebsu-g1-original","bebsu-5fae8562cccb7322","math","kma.g1.addition","0.425","0","","G1","numeric","machine_checked","needs_expert_review"
"bebsu-g1-original","bebsu-c2e4e433020a9a64","math","kma.g1.subtraction","0.45","0","","G1","numeric","machine_checked","needs_expert_review"
"bebsu-g1-original","bebsu-f32f5696560dacfe","math","kma.g1.counting","0.475","0","","G1","numeric","machine_checked","needs_expert_review"
"bebsu-g1-original","bebsu-15a1ba0ca554bebe","math","kma.g1.addition","0.5","0.2","","G1","choice","machine_checked","needs_expert_review"
"bebsu-g1-original","bebsu-7dafb227cec4e1f0","math","kma.g1.comparison","-0.05","0.2","","G1","choice","machine_checked","needs_expert_review"
"bebsu-g1-original","bebsu-663ca2dc2d2d609a","math","kma.g1.addition","-0.025","0","","G1","numeric","machine_checked","needs_expert_review"
"bebsu-g1-original","bebsu-4c80547ee6111acc","math","kma.g1.addition","0","0","","G1","numeric","machine_checked","needs_expert_review"
"bebsu-g1-original","bebsu-e8985fd90ac6d00f","math","kma.g1.counting","0.025","0","","G1","numeric","machine_checked","needs_expert_review"
"bebsu-g1-original","bebsu-1a8f2bbbc5b8fa57","math","kma.g1.addition","0.05","0","","G1","numeric","machine_checked","needs_expert_review"
"bebsu-g1-original","bebsu-ac3d0aabdb275700","math","kma.g1.addition","0.075","0.2","","G1","choice","machine_checked","needs_expert_review"
"bebsu-g1-original","bebsu-94a4031b1c6d1c48","math","kma.g1.addition","0.1","0","","G1","numeric","machine_checked","needs_expert_review"
"bebsu-g1-original","bebsu-9e99d35e5db32ee4","math","kma.g1.addition","-0.1","0.2","","G1","choice","machine_checked","needs_expert_review"
"bebsu-g1-original","bebsu-5d61c1c0c17c562a","math","kma.g1.addition","0.125","0","","G1","numeric","machine_checked","needs_expert_review"
"bebsu-g1-original","bebsu-fe6183bb78d1ae5a","math","kma.g1.addition","0.15","0","","G1","numeric","machine_checked","needs_expert_review"
"bebsu-g1-original","bebsu-e5e6ed5c9d5641d4","math","kma.g1.addition","0.175","0","","G1","numeric","machine_checked","needs_expert_review"
"bebsu-g1-original","bebsu-06405a649379d73a","math","kma.g1.pattern_logic","0.2","0.2","","G1","choice","machine_checked","needs_expert_review"
"bebsu-g1-original","bebsu-f604387f67bc47a7","math","kma.g1.addition","0.225","0","","G1","numeric","machine_checked","needs_expert_review"
"bebsu-g1-original","bebsu-108eb9d95d946da1","math","kma.g1.addition","0.25","0","","G1","numeric","machine_checked","needs_expert_review"
"bebsu-g1-original","bebsu-321a5d144d396443","math","kma.g1.addition","0.275","0","","G1","numeric","machine_checked","needs_expert_review"
"bebsu-g1-original","bebsu-93876fbfa5040dae","math","kma.g1.addition","0.3","0","","G1","numeric","machine_checked","needs_expert_review"
"bebsu-g1-original","bebsu-441483faa3aee174","math","kma.g1.addition","0.325","0","","G1","numeric","machine_checked","needs_expert_review"
"bebsu-g1-original","bebsu-c2cadb210c831dfc","math","kma.g1.addition","0.35","0","","G1","numeric","machine_checked","needs_expert_review"
"bebsu-g1-original","bebsu-1ad4fd83561022df","math","kma.g1.addition","-0.075","0.2","","G1","choice","machine_checked","needs_expert_review"
"bebsu-g1-original","bebsu-e7953b09d2066c11","math","kma.g1.addition","0.375","0","","G1","numeric","machine_checked","needs_expert_review"
"bebsu-g1-original","bebsu-55b7b240f35fe911","math","kma.g1.addition","0.4","0","","G1","numeric","machine_checked","needs_expert_review"
"bebsu-g1-original","bebsu-ab60da8c4957f6bc","math","kma.g1.addition","0.425","0","","G1","numeric","machine_checked","needs_expert_review"
"bebsu-g1-original","bebsu-5a5b98fadb0947d8","math","kma.g1.addition","0.45","0","","G1","numeric","machine_checked","needs_expert_review"
"bebsu-g1-original","bebsu-308cd6b5bcb706be","math","kma.g1.addition","0.475","0","","G1","numeric","machine_checked","needs_expert_review"
"bebsu-g1-original","bebsu-3628d307b2423ab8","math","kma.g1.addition","0.5","0","","G1","numeric","machine_checked","needs_expert_review"
"bebsu-g1-original","bebsu-62c0f3f46f7f58be","math","kma.g1.addition","-0.05","0","","G1","numeric","machine_checked","needs_expert_review"
"bebsu-g1-original","bebsu-f8dc7781947a2a6a","math","kma.g1.addition","-0.025","0","","G1","numeric","machine_checked","needs_expert_review"
"bebsu-g1-original","bebsu-794b7dcfa1ff4454","math","kma.g1.addition","0","0","","G1","numeric","machine_checked","needs_expert_review"
"bebsu-g1-original","bebsu-9e7219457c29cb78","math","kma.g1.addition","0.025","0","","G1","numeric","machine_checked","needs_expert_review"
"bebsu-g1-original","bebsu-c558b59d91840cea","math","kma.g1.addition","0.05","0","","G1","numeric","machine_checked","needs_expert_review"
"bebsu-g1-original","bebsu-12ff8a0f05de24f3","math","kma.g1.addition","0.075","0","","G1","numeric","machine_checked","needs_expert_review"
"bebsu-g1-original","bebsu-d216c4ebcba06a1d","math","kma.g1.addition","0.1","0","","G1","numeric","machine_checked","needs_expert_review"
"bebsu-g1-original","bebsu-0670a5a5cbaf60e1","math","kma.g1.addition","-0.1","0.2","","G1","choice","machine_checked","needs_expert_review"
"bebsu-g1-original","bebsu-512ee90829483883","math","kma.g1.unclassified","0.125","0","","G1","numeric","machine_checked","needs_expert_review"
"bebsu-g1-original","bebsu-d20db720dc5779e2","math","kma.g1.addition","0.15","0","","G1","numeric","machine_checked","needs_expert_review"
"bebsu-g1-original","bebsu-d9e14e28ffe1afd0","math","kma.g1.addition","0.175","0.2","","G1","choice","machine_checked","needs_expert_review"
"bebsu-g1-original","bebsu-5591c17d9aa116ee","math","kma.g1.addition","0.2","0","","G1","numeric","machine_checked","needs_expert_review"
"bebsu-g1-original","bebsu-2056019e96dd6e6d","math","kma.g1.addition","0.225","0","","G1","numeric","machine_checked","needs_expert_review"
"bebsu-g1-original","bebsu-1868522db0f870c8","math","kma.g1.addition","0.25","0","","G1","numeric","machine_checked","needs_expert_review"
"bebsu-g1-original","bebsu-c4225e36b67bc789","math","kma.g1.addition","0.275","0.2","","G1","choice","machine_checked","needs_expert_review"
"bebsu-g1-original","bebsu-12c65a194afe963d","math","kma.g1.subtraction","0.3","0.2","","G1","choice","machine_checked","needs_expert_review"
"bebsu-g1-original","bebsu-5c13775030242c0b","math","kma.g1.addition","0.325","0","","G1","numeric","machine_checked","needs_expert_review"
"bebsu-g1-original","bebsu-579b38efa955dd54","math","kma.g1.addition","0.35","0","","G1","numeric","machine_checked","needs_expert_review"
"bebsu-g1-original","bebsu-fdf2d9c05a5cf8d6","math","kma.g1.addition","-0.075","0.2","","G1","choice","machine_checked","needs_expert_review"
"bebsu-g1-original","bebsu-263a6ce0ab0a211e","math","kma.g1.addition","0.375","0","","G1","numeric","machine_checked","needs_expert_review"
"bebsu-g1-original","bebsu-8025e0c471c3f3a8","math","kma.g1.place_value","0.4","0","","G1","numeric","machine_checked","needs_expert_review"
"bebsu-g1-original","bebsu-6818d85bcbbfeb79","math","kma.g1.addition","0.425","0","","G1","numeric","machine_checked","needs_expert_review"
"bebsu-g1-original","bebsu-8d1cf9b0ab612940","math","kma.g1.counting","0.45","0","","G1","numeric","machine_checked","needs_expert_review"
"bebsu-g1-original","bebsu-9c14de9ec01ab81d","math","kma.g1.addition","0.475","0","","G1","numeric","machine_checked","needs_expert_review"
"bebsu-g1-original","bebsu-fb034e25155b25f2","math","kma.g1.addition","0.5","0","","G1","numeric","machine_checked","needs_expert_review"
"bebsu-g1-original","bebsu-b047ea00351ab424","math","kma.g1.comparison","-0.05","0.2","","G1","choice","machine_checked","needs_expert_review"
"bebsu-g1-original","bebsu-072a1b185a1ab3dd","math","kma.g1.counting","-0.025","0","","G1","numeric","machine_checked","needs_expert_review"
"bebsu-g1-original","bebsu-360737199fb48a2f","math","kma.g1.addition","0","0","","G1","numeric","machine_checked","needs_expert_review"
"bebsu-g1-original","bebsu-270b06a032e3494a","math","kma.g1.addition","0.025","0.2","","G1","choice","machine_checked","needs_expert_review"
"bebsu-g1-original","bebsu-aeb5d1f989c787d7","math","kma.g1.counting","0.05","0","","G1","numeric","machine_checked","needs_expert_review"
"bebsu-g1-original","bebsu-4a9d386db0712298","math","kma.g1.subtraction","0.075","0.2","","G1","choice","machine_checked","needs_expert_review"
"bebsu-g1-original","bebsu-b49d78846846c926","math","kma.g1.subtraction","0.1","0","","G1","numeric","machine_checked","needs_expert_review"
"bebsu-g1-original","bebsu-450fafaead102ca8","math","kma.g1.addition","-0.1","0.2","","G1","choice","machine_checked","needs_expert_review"
"bebsu-g1-original","bebsu-599162ae4f1b0ba4","math","kma.g1.order","0.125","0","","G1","numeric","machine_checked","needs_expert_review"
"bebsu-g1-original","bebsu-986d517de50ff2bc","math","kma.g1.order","0.15","0","","G1","numeric","machine_checked","needs_expert_review"
"bebsu-g1-original","bebsu-889816bbc56ab077","math","kma.g1.subtraction","0.175","0","","G1","numeric","machine_checked","needs_expert_review"
"bebsu-g1-original","bebsu-fcc683fd63f5a4df","math","kma.g1.addition","0.2","0","","G1","numeric","machine_checked","needs_expert_review"
"bebsu-g1-original","bebsu-7e1d454f2054f5b2","math","kma.g1.addition","0.225","0","","G1","numeric","machine_checked","needs_expert_review"
"bebsu-g1-original","bebsu-98a9411b0fb37818","math","kma.g1.addition","0.25","0","","G1","numeric","machine_checked","needs_expert_review"
"bebsu-g1-original","bebsu-1a69efae2ab83ca0","math","kma.g1.addition","0.275","0","","G1","numeric","machine_checked","needs_expert_review"
"bebsu-g1-original","bebsu-51cbd0642bc5a7d6","math","kma.g1.addition","0.3","0","","G1","numeric","machine_checked","needs_expert_review"
"bebsu-g1-original","bebsu-6ee923942a2fc0f6","math","kma.g1.addition","0.325","0","","G1","numeric","machine_checked","needs_expert_review"
"bebsu-g1-original","bebsu-799e81fc13d80bcb","math","kma.g1.addition","0.35","0","","G1","numeric","machine_checked","needs_expert_review"
"bebsu-g1-original","bebsu-4bb5561cb91f9b96","math","kma.g1.subtraction","-0.075","0","","G1","numeric","machine_checked","needs_expert_review"
"bebsu-g1-original","bebsu-b3e5c072e42e0dda","math","kma.g1.order","0.375","0","","G1","numeric","machine_checked","needs_expert_review"
"bebsu-g1-original","bebsu-a3a5f7c269364e8f","math","kma.g1.addition","0.4","0","","G1","numeric","machine_checked","needs_expert_review"
"bebsu-g1-original","bebsu-151fff6fa4c69e6f","math","kma.g1.addition","0.425","0","","G1","numeric","machine_checked","needs_expert_review"
"bebsu-g1-original","bebsu-f477dc6787603ccb","math","kma.g1.addition","0.45","0","","G1","numeric","machine_checked","needs_expert_review"
"bebsu-g1-original","bebsu-fe6cd5c06f0a2baf","math","kma.g1.addition","0.475","0","","G1","numeric","machine_checked","needs_expert_review"
"bebsu-g1-original","bebsu-7f56610661046128","math","kma.g1.addition","0.5","0","","G1","numeric","machine_checked","needs_expert_review"
"bebsu-g1-original","bebsu-0fc63e45d18ec757","math","kma.g1.subtraction","-0.05","0","","G1","numeric","machine_checked","needs_expert_review"
"bebsu-g1-original","bebsu-0e20ecbb38d045a8","math","kma.g1.addition","-0.025","0","","G1","numeric","machine_checked","needs_expert_review"
"bebsu-g1-original","bebsu-a69710680a50d82d","math","kma.g1.addition","0","0","","G1","numeric","machine_checked","needs_expert_review"
"bebsu-g1-original","bebsu-c1d7ba9540d4b893","math","kma.g1.addition","0.025","0","","G1","numeric","machine_checked","needs_expert_review"
"bebsu-g1-original","bebsu-01d34efce13a9e3e","math","kma.g1.addition","0.05","0","","G1","numeric","machine_checked","needs_expert_review"
"bebsu-g1-original","bebsu-74b92dce7f94d8de","math","kma.g1.addition","0.075","0","","G1","numeric","machine_checked","needs_expert_review"
"bebsu-g1-original","bebsu-2cfd22b6c70c2d0b","math","kma.g1.addition","0.1","0","","G1","numeric","machine_checked","needs_expert_review"
"bebsu-g1-original","bebsu-fb1e4178fb1554a9","math","kma.g1.addition","-0.1","0","","G1","numeric","machine_checked","needs_expert_review"
"bebsu-g1-original","bebsu-00f93095fc029700","math","kma.g1.addition","0.125","0.2","","G1","choice","machine_checked","needs_expert_review"
"bebsu-g1-original","bebsu-e18af12236931315","math","kma.g1.addition","0.15","0","","G1","numeric","machine_checked","needs_expert_review"
"bebsu-g1-original","bebsu-9b2460fa1903cd34","math","kma.g1.addition","0.175","0","","G1","numeric","machine_checked","needs_expert_review"
"bebsu-g1-original","bebsu-f3e36ea97e3af32e","math","kma.g1.addition","0.2","0","","G1","numeric","machine_checked","needs_expert_review"
"bebsu-g1-original","bebsu-1da58ad6985a7856","math","kma.g1.counting","0.225","0","","G1","numeric","machine_checked","needs_expert_review"
"bebsu-g1-original","bebsu-0080e2e7d0a1024d","math","kma.g1.addition","0.25","0","","G1","numeric","machine_checked","needs_expert_review"
"bebsu-g1-original","bebsu-f2b3ee75dedcfa69","math","kma.g1.addition","0.275","0","","G1","numeric","machine_checked","needs_expert_review"
"bebsu-g1-original","bebsu-108abf1c490dccd7","math","kma.g1.addition","0.3","0","","G1","numeric","machine_checked","needs_expert_review"
"bebsu-g1-original","bebsu-2a98af045dcf0817","math","kma.g1.addition","0.325","0","","G1","numeric","machine_checked","needs_expert_review"
"bebsu-g1-original","bebsu-8f6ae21117b0a037","math","kma.g1.subtraction","0.35","0","","G1","numeric","machine_checked","needs_expert_review"
"bebsu-g1-original","bebsu-4da45aea4b4738ff","math","kma.g1.order","-0.075","0","","G1","numeric","machine_checked","needs_expert_review"
"bebsu-g1-original","bebsu-0c326c3771b49fed","math","kma.g1.addition","0.375","0","","G1","numeric","machine_checked","needs_expert_review"
"bebsu-g1-original","bebsu-d9c4a5243fa9707b","math","kma.g1.addition","0.4","0","","G1","numeric","machine_checked","needs_expert_review"
"bebsu-g1-original","bebsu-7467cd14ed325bad","math","kma.g1.addition","0.425","0","","G1","numeric","machine_checked","needs_expert_review"
"bebsu-g1-original","bebsu-b0ac2557e321f196","math","kma.g1.addition","0.45","0","","G1","numeric","machine_checked","needs_expert_review"
"bebsu-g1-original","bebsu-cb6cef99f85606dd","math","kma.g1.addition","0.475","0","","G1","numeric","machine_checked","needs_expert_review"
"bebsu-g1-original","bebsu-c51247674a6419b2","math","kma.g1.addition","0.5","0","","G1","numeric","machine_checked","needs_expert_review"
"bebsu-g1-original","bebsu-c2fa0262813b2cd3","math","kma.g1.addition","-0.05","0","","G1","numeric","machine_checked","needs_expert_review"
"bebsu-g1-original","bebsu-09cddbb5b117f408","math","kma.g1.addition","-0.025","0","","G1","numeric","machine_checked","needs_expert_review"
"bebsu-g1-original","bebsu-8690f863ccfbdd53","math","kma.g1.addition","0","0","","G1","numeric","machine_checked","needs_expert_review"
"bebsu-g1-original","bebsu-1b791248711563a9","math","kma.g1.addition","0.025","0","","G1","numeric","machine_checked","needs_expert_review"
"bebsu-g1-original","bebsu-71efbdf65f943abc","math","kma.g1.addition","0.05","0","","G1","numeric","machine_checked","needs_expert_review"
"bebsu-g1-original","bebsu-388d2a7759c13a1d","math","kma.g1.addition","0.075","0","","G1","numeric","machine_checked","needs_expert_review"
"bebsu-g1-original","bebsu-4fb3753ab0f47a6b","math","kma.g1.geometry","0.1","0","","G1","numeric","machine_checked","needs_expert_review"
"bebsu-g1-original","bebsu-bef4e1ffc3fb0d62","math","kma.g1.subtraction","-0.1","0.2","","G1","choice","machine_checked","needs_expert_review"
"bebsu-g1-original","bebsu-90940eebb90bcf1e","math","kma.g1.addition","0.125","0","","G1","numeric","machine_checked","needs_expert_review"
"bebsu-g1-original","bebsu-7ccc4d5169de921c","math","kma.g1.subtraction","0.15","0.2","","G1","choice","machine_checked","needs_expert_review"
"bebsu-g1-original","bebsu-1354066b1b75cd6d","math","kma.g1.addition","0.175","0.2","","G1","choice","machine_checked","needs_expert_review"
"bebsu-g1-original","bebsu-2b4fc295b0c2a0db","math","kma.g1.addition","0.2","0.2","","G1","choice","machine_checked","needs_expert_review"
"bebsu-g1-original","bebsu-3e0f45911896be2f","math","kma.g1.subtraction","0.225","0","","G1","numeric","machine_checked","needs_expert_review"
"bebsu-g1-original","bebsu-8f1c8c9a60d4cfbd","math","kma.g1.addition","0.25","0","","G1","numeric","machine_checked","needs_expert_review"
"bebsu-g1-original","bebsu-47109484dd99155b","math","kma.g1.addition","0.275","0","","G1","numeric","machine_checked","needs_expert_review"
"bebsu-g1-original","bebsu-66ed83382927b388","math","kma.g1.addition","0.3","0","","G1","numeric","machine_checked","needs_expert_review"
"bebsu-g1-original","bebsu-0d13c816a36a901a","math","kma.g1.subtraction","0.325","0","","G1","numeric","machine_checked","needs_expert_review"
"bebsu-g1-original","bebsu-abcaed7bc6af1149","math","kma.g1.comparison","0.35","0.2","","G1","choice","machine_checked","needs_expert_review"
"bebsu-g1-original","bebsu-f5f368f4cc59dc82","math","kma.g1.addition","-0.075","0","","G1","numeric","machine_checked","needs_expert_review"
"bebsu-g1-original","bebsu-51ff6de69f7b8268","math","kma.g1.addition","0.375","0","","G1","numeric","machine_checked","needs_expert_review"
"bebsu-g1-original","bebsu-0e4e4975231a7cd6","math","kma.g1.addition","0.4","0","","G1","numeric","machine_checked","needs_expert_review"
"bebsu-g1-original","bebsu-4ec6bdcfe7a46378","math","kma.g1.addition","0.425","0.2","","G1","choice","machine_checked","needs_expert_review"
"bebsu-g1-original","bebsu-5285a01e02ddecdd","math","kma.g1.unclassified","0.45","0","","G1","numeric","machine_checked","needs_expert_review"
"bebsu-g1-original","bebsu-2588bca8af422893","math","kma.g1.addition","0.475","0","","G1","numeric","machine_checked","needs_expert_review"
"bebsu-g1-original","bebsu-f411bac6e32f0126","math","kma.g1.addition","0.5","0.2","","G1","choice","machine_checked","needs_expert_review"
"bebsu-g1-original","bebsu-6817d07661a0f129","math","kma.g1.addition","-0.05","0","","G1","numeric","machine_checked","needs_expert_review"
"bebsu-g1-original","bebsu-33d52af18ae3100e","math","kma.g1.addition","-0.025","0","","G1","numeric","machine_checked","needs_expert_review"
"bebsu-g1-original","bebsu-e2ab0917efc1c359","math","kma.g1.addition","0","0","","G1","numeric","machine_checked","needs_expert_review"
"bebsu-g1-original","bebsu-a1c7852e5d68ce32","math","kma.g1.addition","0.025","0","","G1","numeric","machine_checked","needs_expert_review"
"bebsu-g1-original","bebsu-3daf959bd862b48e","math","kma.g1.counting","0.05","0","","G1","numeric","machine_checked","needs_expert_review"
"bebsu-g1-original","bebsu-375e220e104757ce","math","kma.g1.addition","0.075","0","","G1","numeric","machine_checked","needs_expert_review"
"bebsu-g1-original","bebsu-03d154d2bec733f3","math","kma.g1.subtraction","0.1","0","","G1","numeric","machine_checked","needs_expert_review"
"bebsu-g1-original","bebsu-52b0dc9f080df709","math","kma.g1.addition","-0.1","0","","G1","numeric","machine_checked","needs_expert_review"
"bebsu-g1-original","bebsu-84f5bf1e26c8ddc6","math","kma.g1.addition","0.125","0.2","","G1","choice","machine_checked","needs_expert_review"
"bebsu-g1-original","bebsu-d58b9630b51a39db","math","kma.g1.addition","0.15","0","","G1","numeric","machine_checked","needs_expert_review"
"bebsu-g1-original","bebsu-716da4e7990c0abb","math","kma.g1.addition","0.175","0","","G1","numeric","machine_checked","needs_expert_review"
"bebsu-g1-original","bebsu-6715deb919548bc7","math","kma.g1.addition","0.2","0","","G1","numeric","machine_checked","needs_expert_review"
"bebsu-g1-original","bebsu-129df232cc767a48","math","kma.g1.addition","0.225","0","","G1","numeric","machine_checked","needs_expert_review"
"bebsu-g1-original","bebsu-a5030646f5f9cac9","math","kma.g1.addition","0.25","0","","G1","numeric","machine_checked","needs_expert_review"
"bebsu-g1-original","bebsu-3587f505a1b2c161","math","kma.g1.addition","0.275","0","","G1","numeric","machine_checked","needs_expert_review"
"bebsu-g1-original","bebsu-01cc22fe30fb7470","math","kma.g1.subtraction","0.3","0","","G1","numeric","machine_checked","needs_expert_review"
"bebsu-g1-original","bebsu-c94b5463b4285e44","math","kma.g1.geometry","0.325","0","","G1","numeric","machine_checked","needs_expert_review"
"bebsu-g1-original","bebsu-b8425e05df43710a","math","kma.g1.subtraction","0.35","0","","G1","numeric","machine_checked","needs_expert_review"
"bebsu-g1-original","bebsu-491256d200a03d3a","math","kma.g1.addition","-0.075","0.2","","G1","choice","machine_checked","needs_expert_review"
"bebsu-g1-original","bebsu-56f8fd1d835a24b3","math","kma.g1.addition","0.375","0","","G1","numeric","machine_checked","needs_expert_review"
"bebsu-g1-original","bebsu-b1f54e3dacdeb1f6","math","kma.g1.addition","0.4","0","","G1","numeric","machine_checked","needs_expert_review"
"bebsu-g1-original","bebsu-9d45a0794801b5f9","math","kma.g1.addition","0.425","0","","G1","numeric","machine_checked","needs_expert_review"
"bebsu-g1-original","bebsu-15cbbaff16d98ed1","math","kma.g1.addition","0.45","0","","G1","numeric","machine_checked","needs_expert_review"
"bebsu-g1-original","bebsu-e69fc884a08ccc56","math","kma.g1.addition","0.475","0","","G1","numeric","machine_checked","needs_expert_review"
"bebsu-g1-original","bebsu-59366e744d6adc94","math","kma.g1.addition","0.5","0","","G1","numeric","machine_checked","needs_expert_review"
"bebsu-g1-original","bebsu-1dcd8626af344ceb","math","kma.g1.addition","-0.05","0","","G1","numeric","machine_checked","needs_expert_review"
"bebsu-g1-original","bebsu-22bf34b6512d87ae","math","kma.g1.addition","-0.025","0","","G1","numeric","machine_checked","needs_expert_review"
"bebsu-g1-original","bebsu-146e73cc6aa3f9a9","math","kma.g1.addition","0","0","","G1","numeric","machine_checked","needs_expert_review"
"bebsu-g1-original","bebsu-36ff2d6a0ee689db","math","kma.g1.addition","0.025","0","","G1","numeric","machine_checked","needs_expert_review"
"bebsu-g1-original","bebsu-fb22ac297e2c1230","math","kma.g1.addition","0.05","0","","G1","numeric","machine_checked","needs_expert_review"
"bebsu-g1-original","bebsu-f3bc49368df64fcf","math","kma.g1.geometry","0.075","0.2","","G1","choice","machine_checked","needs_expert_review"
"bebsu-g1-original","bebsu-e674c79097134b45","math","kma.g1.addition","0.1","0","","G1","numeric","machine_checked","needs_expert_review"
"bebsu-g1-original","bebsu-3dcdea90c7bf309c","math","kma.g1.addition","-0.1","0.2","","G1","choice","machine_checked","needs_expert_review"
"bebsu-g1-original","bebsu-b82076c4faaee92b","math","kma.g1.addition","0.125","0","","G1","numeric","machine_checked","needs_expert_review"
"bebsu-g1-original","bebsu-905b156e5108b641","math","kma.g1.order","0.15","0","","G1","numeric","machine_checked","needs_expert_review"
"bebsu-g1-original","bebsu-8868f49c5c3d5a24","math","kma.g1.addition","0.175","0.2","","G1","choice","machine_checked","needs_expert_review"
"bebsu-g1-original","bebsu-9770bd0bc4e55c45","math","kma.g1.order","0.2","0.2","","G1","choice","machine_checked","needs_expert_review"
"bebsu-g1-original","bebsu-777d657fd8ba975a","math","kma.g1.addition","0.225","0.2","","G1","choice","machine_checked","needs_expert_review"
"bebsu-g1-original","bebsu-180e84c7f4888ad2","math","kma.g1.counting","0.25","0","","G1","numeric","machine_checked","needs_expert_review"
"bebsu-g1-original","bebsu-533c29d7e6b23fdd","math","kma.g1.addition","0.275","0","","G1","numeric","machine_checked","needs_expert_review"
"bebsu-g1-original","bebsu-de2918a7a2577420","math","kma.g1.addition","0.3","0","","G1","numeric","machine_checked","needs_expert_review"
"bebsu-g1-original","bebsu-dfbc2f8e760e85cc","math","kma.g1.addition","0.325","0","","G1","numeric","machine_checked","needs_expert_review"
"bebsu-g1-original","bebsu-bb34186f26b87fbb","math","kma.g1.subtraction","0.35","0.2","","G1","choice","machine_checked","needs_expert_review"
"bebsu-g1-original","bebsu-9257f25bc6383d68","math","kma.g1.addition","-0.075","0.2","","G1","choice","machine_checked","needs_expert_review"
"bebsu-g1-original","bebsu-3084f84b4cb5fdc0","math","kma.g1.comparison","0.375","0.2","","G1","choice","machine_checked","needs_expert_review"
"bebsu-g1-original","bebsu-26910228100c10c0","math","kma.g1.comparison","0.4","0","","G1","numeric","machine_checked","needs_expert_review"
"bebsu-g1-original","bebsu-f4c2ebff76af38f1","math","kma.g1.addition","0.425","0","","G1","numeric","machine_checked","needs_expert_review"
"bebsu-g1-original","bebsu-8ee7eb6dc04b1f76","math","kma.g1.order","0.45","0","","G1","numeric","machine_checked","needs_expert_review"
"bebsu-g1-original","bebsu-1b38ef4a5ee6818c","math","kma.g1.subtraction","0.475","0.2","","G1","choice","machine_checked","needs_expert_review"
"bebsu-g1-original","bebsu-18d2c764bdf92cae","math","kma.g1.addition","0.5","0","","G1","numeric","machine_checked","needs_expert_review"
"bebsu-g1-original","bebsu-ca88771bfa702ae9","math","kma.g1.addition","-0.05","0","","G1","numeric","machine_checked","needs_expert_review"
"bebsu-g1-original","bebsu-17cf8a7d17ca7395","math","kma.g1.counting","-0.025","0","","G1","numeric","machine_checked","needs_expert_review"
"bebsu-g1-original","bebsu-40d0989a13a7bdc2","math","kma.g1.addition","0","0","","G1","numeric","machine_checked","needs_expert_review"
"bebsu-g1-original","bebsu-6490d975821b1bb4","math","kma.g1.addition","0.025","0","","G1","numeric","machine_checked","needs_expert_review"
"bebsu-g1-original","bebsu-63b4bfa67f808564","math","kma.g1.addition","0.05","0.2","","G1","choice","machine_checked","needs_expert_review"
"bebsu-g1-original","bebsu-687f65fb937f8c14","math","kma.g1.addition","0.075","0.2","","G1","choice","machine_checked","needs_expert_review"
"bebsu-g1-original","bebsu-c7787b856fd4ba55","math","kma.g1.addition","0.1","0","","G1","numeric","machine_checked","needs_expert_review"
"bebsu-g1-original","bebsu-a6c4ce57b3f4bb0c","math","kma.g1.addition","-0.1","0.2","","G1","choice","machine_checked","needs_expert_review"
"bebsu-g1-original","bebsu-6ecdad99fb447b60","math","kma.g1.subtraction","0.125","0","","G1","numeric","machine_checked","needs_expert_review"
"bebsu-g1-original","bebsu-4d6e904fa581f3af","math","kma.g1.addition","0.15","0","","G1","numeric","machine_checked","needs_expert_review"
"bebsu-g1-original","bebsu-a91b7e2e25285c43","math","kma.g1.addition","0.175","0","","G1","numeric","machine_checked","needs_expert_review"
"bebsu-g1-original","bebsu-e8a574715f529bf5","math","kma.g1.place_value","0.2","0.2","","G1","choice","machine_checked","needs_expert_review"
"bebsu-g1-original","bebsu-304b907fa9e5351a","math","kma.g1.subtraction","0.225","0","","G1","numeric","machine_checked","needs_expert_review"
"bebsu-g1-original","bebsu-34415ac2390e1303","math","kma.g1.addition","0.25","0","","G1","numeric","machine_checked","needs_expert_review"
"bebsu-g1-original","bebsu-f78491443a29e2f2","math","kma.g1.addition","0.275","0","","G1","numeric","machine_checked","needs_expert_review"
"bebsu-g1-original","bebsu-3a7a279fab4d1885","math","kma.g1.addition","0.3","0.2","","G1","choice","machine_checked","needs_expert_review"
"bebsu-g1-original","bebsu-2a2f5180262e00b8","math","kma.g1.addition","0.325","0","","G1","numeric","machine_checked","needs_expert_review"
"bebsu-g1-original","bebsu-afc0f281ab6da7ef","math","kma.g1.addition","0.35","0","","G1","numeric","machine_checked","needs_expert_review"
"bebsu-g1-original","bebsu-e23198e3e64193bf","math","kma.g1.comparison","-0.075","0","","G1","numeric","machine_checked","needs_expert_review"
"bebsu-g1-original","bebsu-34fc0505a5022ccc","math","kma.g1.addition","0.375","0","","G1","numeric","machine_checked","needs_expert_review"
"bebsu-g1-original","bebsu-53e4421b015d6801","math","kma.g1.subtraction","0.4","0","","G1","numeric","machine_checked","needs_expert_review"
"bebsu-g1-original","bebsu-252e62418904c8a5","math","kma.g1.addition","0.425","0","","G1","numeric","machine_checked","needs_expert_review"
"bebsu-g1-original","bebsu-f95ac1be392c559e","math","kma.g1.counting","0.45","0","","G1","numeric","machine_checked","needs_expert_review"
"bebsu-g1-original","bebsu-4aca190ec9b51c69","math","kma.g1.addition","0.475","0","","G1","numeric","machine_checked","needs_expert_review"
"bebsu-g1-original","bebsu-2cdae4bd19abe0bb","math","kma.g1.addition","0.5","0","","G1","numeric","machine_checked","needs_expert_review"
"bebsu-g1-original","bebsu-d199a0750f89fabd","math","kma.g1.addition","-0.05","0","","G1","numeric","machine_checked","needs_expert_review"
"bebsu-g1-original","bebsu-3206262438fc779d","math","kma.g1.addition","-0.025","0","","G1","numeric","machine_checked","needs_expert_review"
"bebsu-g1-original","bebsu-a91f8498fca3bb3f","math","kma.g1.addition","0","0","","G1","numeric","machine_checked","needs_expert_review"
"bebsu-g1-original","bebsu-ec5be36bee35cd2b","math","kma.g1.place_value","0.025","0","","G1","numeric","machine_checked","needs_expert_review"
"bebsu-g1-original","bebsu-c6cfd4bb3a2ef875","math","kma.g1.geometry","0.05","0.2","","G1","choice","machine_checked","needs_expert_review"
"bebsu-g1-original","bebsu-9643605dedd807e5","math","kma.g1.addition","0.075","0.2","","G1","choice","machine_checked","needs_expert_review"
"bebsu-g1-original","bebsu-4d62ae2cfa029ad4","math","kma.g1.subtraction","0.1","0","","G1","numeric","machine_checked","needs_expert_review"
"bebsu-g2-original","bebsu-dc909e0dd77c9105","math","kma.g2.addition","1.3","0","","G2","numeric","machine_checked","needs_expert_review"
"bebsu-g2-original","bebsu-e317547ad7a29ae8","math","kma.g2.subtraction","1.525","0.2","","G2","choice","machine_checked","needs_expert_review"
"bebsu-g2-original","bebsu-cb6c08802cd81816","math","kma.g2.addition","1.55","0","","G2","numeric","machine_checked","needs_expert_review"
"bebsu-g2-original","bebsu-8961b8d9bb7c90e0","math","kma.g2.subtraction","1.575","0","","G2","numeric","machine_checked","needs_expert_review"
"bebsu-g2-original","bebsu-b4c8bdd1ba4d9215","math","kma.g2.addition","1.6","0.2","","G2","choice","machine_checked","needs_expert_review"
"bebsu-g2-original","bebsu-199813a2794fed52","math","kma.g2.addition","1.625","0","","G2","numeric","machine_checked","needs_expert_review"
"bebsu-g2-original","bebsu-2bb521438890128b","math","kma.g2.addition","1.65","0","","G2","numeric","machine_checked","needs_expert_review"
"bebsu-g2-original","bebsu-c9174309556b1f52","math","kma.g2.addition","1.675","0","","G2","numeric","machine_checked","needs_expert_review"
"bebsu-g2-original","bebsu-0971930cb8f64da4","math","kma.g2.comparison","1.7","0","","G2","numeric","machine_checked","needs_expert_review"
"bebsu-g2-original","bebsu-09b868e283c4fda9","math","kma.g2.addition","1.725","0","","G2","numeric","machine_checked","needs_expert_review"
"bebsu-g2-original","bebsu-413cdedcb7ae3b4f","math","kma.g2.addition","1.75","0","","G2","numeric","machine_checked","needs_expert_review"
"bebsu-g2-original","bebsu-2e7d23ef09bcfd9e","math","kma.g2.addition","1.325","0","","G2","numeric","machine_checked","needs_expert_review"
"bebsu-g2-original","bebsu-949f8cf3f74965d9","math","kma.g2.addition","1.775","0","","G2","numeric","machine_checked","needs_expert_review"
"bebsu-g2-original","bebsu-09e0e546046fb761","math","kma.g2.addition","1.8","0","","G2","numeric","machine_checked","needs_expert_review"
"bebsu-g2-original","bebsu-ba8a4f1b8a0e68b2","math","kma.g2.addition","1.825","0","","G2","numeric","machine_checked","needs_expert_review"
"bebsu-g2-original","bebsu-99a0fe40e6d66d4a","math","kma.g2.subtraction","1.85","0","","G2","numeric","machine_checked","needs_expert_review"
"bebsu-g2-original","bebsu-ccbcef11e52009ac","math","kma.g2.addition","1.875","0","","G2","numeric","machine_checked","needs_expert_review"
"bebsu-g2-original","bebsu-4994d62585f8de3c","math","kma.g2.addition","1.9","0","","G2","numeric","machine_checked","needs_expert_review"
"bebsu-g2-original","bebsu-1a4faece7becc4d2","math","kma.g2.geometry","1.35","0.2","","G2","choice","machine_checked","needs_expert_review"
"bebsu-g2-original","bebsu-5de78a2a2eb0bbfd","math","kma.g2.counting","1.375","0","","G2","numeric","machine_checked","needs_expert_review"
"bebsu-g2-original","bebsu-8f97d25726799dbe","math","kma.g2.addition","1.4","0","","G2","numeric","machine_checked","needs_expert_review"
"bebsu-g2-original","bebsu-a8f14eff10474b44","math","kma.g2.addition","1.425","0","","G2","numeric","machine_checked","needs_expert_review"
"bebsu-g2-original","bebsu-71ad06e3c52c972b","math","kma.g2.addition","1.45","0","","G2","numeric","machine_checked","needs_expert_review"
"bebsu-g2-original","bebsu-2d4906987a092243","math","kma.g2.measurement","1.475","0","","G2","numeric","machine_checked","needs_expert_review"
"bebsu-g2-original","bebsu-76065ecf22db285a","math","kma.g2.addition","1.5","0","","G2","numeric","machine_checked","needs_expert_review"
"bebsu-g2-original","bebsu-3681361fe5f0e0bd","math","kma.g2.addition","1.3","0","","G2","numeric","machine_checked","needs_expert_review"
"bebsu-g2-original","bebsu-746a281cc375f44f","math","kma.g2.addition","1.525","0","","G2","numeric","machine_checked","needs_expert_review"
"bebsu-g2-original","bebsu-ba42c95fd3a4ca77","math","kma.g2.time","1.55","0","","G2","numeric","machine_checked","needs_expert_review"
"bebsu-g2-original","bebsu-a0e8fcd38ec901e4","math","kma.g2.addition","1.575","0","","G2","numeric","machine_checked","needs_expert_review"
"bebsu-g2-original","bebsu-6573d656ec887e65","math","kma.g2.addition","1.6","0","","G2","numeric","machine_checked","needs_expert_review"
"bebsu-g2-original","bebsu-aca6ddebf8a433f7","math","kma.g2.addition","1.625","0","","G2","numeric","machine_checked","needs_expert_review"
"bebsu-g2-original","bebsu-853a8cbe06c72820","math","kma.g2.addition","1.65","0","","G2","numeric","machine_checked","needs_expert_review"
"bebsu-g2-original","bebsu-8e92106f0225b32f","math","kma.g2.addition","1.675","0","","G2","numeric","machine_checked","needs_expert_review"
"bebsu-g2-original","bebsu-f2e49c4018a33f04","math","kma.g2.addition","1.7","0","","G2","numeric","machine_checked","needs_expert_review"
"bebsu-g2-original","bebsu-5315773a98c6a972","math","kma.g2.addition","1.725","0","","G2","numeric","machine_checked","needs_expert_review"
"bebsu-g2-original","bebsu-d2e2c864eddca517","math","kma.g2.addition","1.75","0","","G2","numeric","machine_checked","needs_expert_review"
"bebsu-g2-original","bebsu-cb33c9438bcf0b23","math","kma.g2.subtraction","1.325","0.2","","G2","choice","machine_checked","needs_expert_review"
"bebsu-g2-original","bebsu-56143116c1bf08cb","math","kma.g2.addition","1.775","0","","G2","numeric","machine_checked","needs_expert_review"
"bebsu-g2-original","bebsu-b48dcaa3bfcebbac","math","kma.g2.addition","1.8","0","","G2","numeric","machine_checked","needs_expert_review"
"bebsu-g2-original","bebsu-9c9d84ca2ee3fe9f","math","kma.g2.subtraction","1.825","0","","G2","numeric","machine_checked","needs_expert_review"
"bebsu-g2-original","bebsu-73b705d073561565","math","kma.g2.comparison","1.85","0","","G2","numeric","machine_checked","needs_expert_review"
"bebsu-g2-original","bebsu-f0e2525a17dce318","math","kma.g2.addition","1.875","0","","G2","numeric","machine_checked","needs_expert_review"
"bebsu-g2-original","bebsu-25d65cc0f72dc44d","math","kma.g2.addition","1.9","0","","G2","numeric","machine_checked","needs_expert_review"
"bebsu-g2-original","bebsu-f35541af07043a37","math","kma.g2.addition","1.35","0","","G2","numeric","machine_checked","needs_expert_review"
"bebsu-g2-original","bebsu-d9abaeab76d13797","math","kma.g2.addition","1.375","0","","G2","numeric","machine_checked","needs_expert_review"
"bebsu-g2-original","bebsu-cd2c95155750f2db","math","kma.g2.addition","1.4","0","","G2","numeric","machine_checked","needs_expert_review"
"bebsu-g2-original","bebsu-aee20981bcb4a670","math","kma.g2.addition","1.425","0","","G2","numeric","machine_checked","needs_expert_review"
"bebsu-g2-original","bebsu-a42d2d286f6257a8","math","kma.g2.addition","1.45","0","","G2","numeric","machine_checked","needs_expert_review"
"bebsu-g2-original","bebsu-13a05b99c32087bf","math","kma.g2.addition","1.475","0","","G2","numeric","machine_checked","needs_expert_review"
"bebsu-g2-original","bebsu-62b8cb761c08b241","math","kma.g2.addition","1.5","0","","G2","numeric","machine_checked","needs_expert_review"
"bebsu-g2-original","bebsu-a4bab1faa0443ffc","math","kma.g2.addition","1.3","0","","G2","numeric","machine_checked","needs_expert_review"
"bebsu-g2-original","bebsu-d8f68b0591348bf9","math","kma.g2.comparison","1.525","0.2","","G2","choice","machine_checked","needs_expert_review"
"bebsu-g2-original","bebsu-73e929f63e4529b7","math","kma.g2.comparison","1.55","0","","G2","numeric","machine_checked","needs_expert_review"
"bebsu-g2-original","bebsu-959a4d39ba845036","math","kma.g2.addition","1.575","0","","G2","numeric","machine_checked","needs_expert_review"
"bebsu-g2-original","bebsu-44affd47b2dcc0da","math","kma.g2.geometry","1.6","0.2","","G2","choice","machine_checked","needs_expert_review"
"bebsu-g2-original","bebsu-0f47b8b6a1894552","math","kma.g2.addition","1.625","0","","G2","numeric","machine_checked","needs_expert_review"
"bebsu-g2-original","bebsu-579c194deb31eecf","math","kma.g2.addition","1.65","0","","G2","numeric","machine_checked","needs_expert_review"
"bebsu-g2-original","bebsu-f0c7cb7dcef6858c","math","kma.g2.addition","1.675","0","","G2","numeric","machine_checked","needs_expert_review"
"bebsu-g2-original","bebsu-529ddce512a4b474","math","kma.g2.addition","1.7","0","","G2","numeric","machine_checked","needs_expert_review"
"bebsu-g2-original","bebsu-ba99e03c8d76125d","math","kma.g2.addition","1.725","0","","G2","numeric","machine_checked","needs_expert_review"
"bebsu-g2-original","bebsu-85cb1e96b603d8c3","math","kma.g2.addition","1.75","0","","G2","numeric","machine_checked","needs_expert_review"
"bebsu-g2-original","bebsu-253ee8ded0f9c8a9","math","kma.g2.addition","1.325","0","","G2","numeric","machine_checked","needs_expert_review"
"bebsu-g2-original","bebsu-64d9fbe058b0aaca","math","kma.g2.addition","1.775","0","","G2","numeric","machine_checked","needs_expert_review"
"bebsu-g2-original","bebsu-054df8520bd596c5","math","kma.g2.subtraction","1.8","0","","G2","numeric","machine_checked","needs_expert_review"
"bebsu-g2-original","bebsu-8ad848ef95ac2712","math","kma.g2.addition","1.825","0","","G2","numeric","machine_checked","needs_expert_review"
"bebsu-g2-original","bebsu-687c30798e2c6fab","math","kma.g2.addition","1.85","0","","G2","numeric","machine_checked","needs_expert_review"
"bebsu-g2-original","bebsu-023d6fb8ae4e1800","math","kma.g2.counting","1.875","0","","G2","numeric","machine_checked","needs_expert_review"
"bebsu-g2-original","bebsu-817fc51a1fe1beee","math","kma.g2.addition","1.9","0","","G2","numeric","machine_checked","needs_expert_review"
"bebsu-g2-original","bebsu-d096778c68585100","math","kma.g2.addition","1.35","0","","G2","numeric","machine_checked","needs_expert_review"
"bebsu-g2-original","bebsu-3c8fe14980289196","math","kma.g2.addition","1.375","0.2","","G2","choice","machine_checked","needs_expert_review"
"bebsu-g2-original","bebsu-4bcc86965f472f07","math","kma.g2.addition","1.4","0","","G2","numeric","machine_checked","needs_expert_review"
"bebsu-g2-original","bebsu-8e76e76619265097","math","kma.g2.subtraction","1.425","0","","G2","numeric","machine_checked","needs_expert_review"
"bebsu-g2-original","bebsu-cfdbb51d881c6604","math","kma.g2.addition","1.45","0","","G2","numeric","machine_checked","needs_expert_review"
"bebsu-g2-original","bebsu-861f878841f69b21","math","kma.g2.measurement","1.475","0.2","","G2","choice","machine_checked","needs_expert_review"
"bebsu-g2-original","bebsu-95d55dd50e77f05b","math","kma.g2.geometry","1.5","0.2","","G2","choice","machine_checked","needs_expert_review"
"bebsu-g2-original","bebsu-5d2f1eb41e26c886","math","kma.g2.addition","1.3","0","","G2","numeric","machine_checked","needs_expert_review"
"bebsu-g2-original","bebsu-92707ce605c1d0d7","math","kma.g2.geometry","1.525","0.2","","G2","choice","machine_checked","needs_expert_review"
"bebsu-g2-original","bebsu-7a87e65ecd8d9146","math","kma.g2.addition","1.55","0","","G2","numeric","machine_checked","needs_expert_review"
"bebsu-g2-original","bebsu-e64807b02a0d2c2b","math","kma.g2.addition","1.575","0","","G2","numeric","machine_checked","needs_expert_review"
"bebsu-g2-original","bebsu-7189b8034b1e6d70","math","kma.g2.addition","1.6","0","","G2","numeric","machine_checked","needs_expert_review"
"bebsu-g2-original","bebsu-3f2272a9554e8ab9","math","kma.g2.addition","1.625","0","","G2","numeric","machine_checked","needs_expert_review"
"bebsu-g2-original","bebsu-1332372bc7821792","math","kma.g2.addition","1.65","0","","G2","numeric","machine_checked","needs_expert_review"
"bebsu-g2-original","bebsu-698908ca49a7931c","math","kma.g2.addition","1.675","0","","G2","numeric","machine_checked","needs_expert_review"
"bebsu-g2-original","bebsu-686b7f523b26c4c4","math","kma.g2.pattern_logic","1.7","0","","G2","numeric","machine_checked","needs_expert_review"
"bebsu-g2-original","bebsu-fe037c78ceb35129","math","kma.g2.addition","1.725","0","","G2","numeric","machine_checked","needs_expert_review"
"bebsu-g2-original","bebsu-9f9be097e82b675b","math","kma.g2.unclassified","1.75","0","","G2","numeric","machine_checked","needs_expert_review"
"bebsu-g2-original","bebsu-68693a8c34229b32","math","kma.g2.addition","1.325","0","","G2","numeric","machine_checked","needs_expert_review"
"bebsu-g2-original","bebsu-d6fb3f3cc72e64f2","math","kma.g2.addition","1.775","0","","G2","numeric","machine_checked","needs_expert_review"
"bebsu-g2-original","bebsu-43aa82e3fa25e0a8","math","kma.g2.subtraction","1.8","0","","G2","numeric","machine_checked","needs_expert_review"
"bebsu-g2-original","bebsu-b926c722e2492b51","math","kma.g2.addition","1.825","0","","G2","numeric","machine_checked","needs_expert_review"
"bebsu-g2-original","bebsu-c2d4f9e60d21f915","math","kma.g2.addition","1.85","0","","G2","numeric","machine_checked","needs_expert_review"
"bebsu-g2-original","bebsu-81c432f8d4b39467","math","kma.g2.addition","1.875","0","","G2","numeric","machine_checked","needs_expert_review"
"bebsu-g2-original","bebsu-5c9437d27743238b","math","kma.g2.addition","1.9","0","","G2","numeric","machine_checked","needs_expert_review"
"bebsu-g2-original","bebsu-acab939f623f6177","math","kma.g2.addition","1.35","0","","G2","numeric","machine_checked","needs_expert_review"
"bebsu-g2-original","bebsu-599ad2805cfe2cf2","math","kma.g2.geometry","1.375","0","","G2","numeric","machine_checked","needs_expert_review"
"bebsu-g2-original","bebsu-4b17cfaf8b0e3561","math","kma.g2.addition","1.4","0","","G2","numeric","machine_checked","needs_expert_review"
"bebsu-g2-original","bebsu-a982371e71e4abad","math","kma.g2.addition","1.425","0","","G2","numeric","machine_checked","needs_expert_review"
"bebsu-g2-original","bebsu-4493253058a5c5f5","math","kma.g2.measurement","1.45","0","","G2","numeric","machine_checked","needs_expert_review"
"bebsu-g2-original","bebsu-d77b83e57c800c1e","math","kma.g2.comparison","1.475","0.2","","G2","choice","machine_checked","needs_expert_review"
"bebsu-g2-original","bebsu-6f7f147eefd4d716","math","kma.g2.addition","1.5","0","","G2","numeric","machine_checked","needs_expert_review"
"bebsu-g2-original","bebsu-a7d5357c38810e6c","math","kma.g2.addition","1.3","0","","G2","numeric","machine_checked","needs_expert_review"
"bebsu-g2-original","bebsu-0f05ca1124588c54","math","kma.g2.addition","1.525","0","","G2","numeric","machine_checked","needs_expert_review"
"bebsu-g2-original","bebsu-83094c619a79423a","math","kma.g2.time","1.55","0","","G2","numeric","machine_checked","needs_expert_review"
"bebsu-g2-original","bebsu-606ff248f1e75e31","math","kma.g2.addition","1.575","0","","G2","numeric","machine_checked","needs_expert_review"
"bebsu-g2-original","bebsu-cf912b9b097d5e65","math","kma.g2.addition","1.6","0","","G2","numeric","machine_checked","needs_expert_review"
"bebsu-g2-original","bebsu-fcc83c7792ef68d0","math","kma.g2.addition","1.625","0","","G2","numeric","machine_checked","needs_expert_review"
"bebsu-g2-original","bebsu-ffc97c5058f115fe","math","kma.g2.addition","1.65","0","","G2","numeric","machine_checked","needs_expert_review"
"bebsu-g2-original","bebsu-61e2a4c40eb655d7","math","kma.g2.addition","1.675","0","","G2","numeric","machine_checked","needs_expert_review"
"bebsu-g2-original","bebsu-5373b228d45b89e0","math","kma.g2.measurement","1.7","0","","G2","numeric","machine_checked","needs_expert_review"
"bebsu-g2-original","bebsu-3e9fcf372f5d73ec","math","kma.g2.addition","1.725","0","","G2","numeric","machine_checked","needs_expert_review"
"bebsu-g2-original","bebsu-eeb15901534b36a4","math","kma.g2.comparison","1.75","0.2","","G2","choice","machine_checked","needs_expert_review"
"bebsu-g2-original","bebsu-85081822847ae2f7","math","kma.g2.subtraction","1.325","0","","G2","numeric","machine_checked","needs_expert_review"
"bebsu-g2-original","bebsu-f4af4ad635ce9e5e","math","kma.g2.addition","1.775","0","","G2","numeric","machine_checked","needs_expert_review"
"bebsu-g2-original","bebsu-b1c5d9e765145d71","math","kma.g2.unclassified","1.8","0","","G2","numeric","machine_checked","needs_expert_review"
"bebsu-g2-original","bebsu-326f2bf4426b8560","math","kma.g2.addition","1.825","0","","G2","numeric","machine_checked","needs_expert_review"
"bebsu-g2-original","bebsu-e82c745515b93c0e","math","kma.g2.addition","1.85","0","","G2","numeric","machine_checked","needs_expert_review"
"bebsu-g2-original","bebsu-78b5ada053b760e9","math","kma.g2.addition","1.875","0","","G2","numeric","machine_checked","needs_expert_review"
"bebsu-g2-original","bebsu-4b397033875693fd","math","kma.g2.addition","1.9","0","","G2","numeric","machine_checked","needs_expert_review"
"bebsu-g2-original","bebsu-13426fe182c8721f","math","kma.g2.comparison","1.35","0.2","","G2","choice","machine_checked","needs_expert_review"
"bebsu-g2-original","bebsu-40acddf29025ac4a","math","kma.g2.subtraction","1.375","0.2","","G2","choice","machine_checked","needs_expert_review"
"bebsu-g2-original","bebsu-93cb599a5a1a731c","math","kma.g2.addition","1.4","0.2","","G2","choice","machine_checked","needs_expert_review"
"bebsu-g2-original","bebsu-de8d3e7b6d3801ef","math","kma.g2.addition","1.425","0","","G2","numeric","machine_checked","needs_expert_review"
"bebsu-g2-original","bebsu-0175968d28bc3973","math","kma.g2.addition","1.45","0","","G2","numeric","machine_checked","needs_expert_review"
"bebsu-g2-original","bebsu-09a51a45419a8017","math","kma.g2.addition","1.475","0","","G2","numeric","machine_checked","needs_expert_review"
"bebsu-g2-original","bebsu-4b0805293e30bc73","math","kma.g2.measurement","1.5","0","","G2","numeric","machine_checked","needs_expert_review"
"bebsu-g2-original","bebsu-4719120342976fc1","math","kma.g2.addition","1.3","0","","G2","numeric","machine_checked","needs_expert_review"
"bebsu-g2-original","bebsu-a47d19552fc72da5","math","kma.g2.time","1.525","0","","G2","numeric","machine_checked","needs_expert_review"
"bebsu-g2-original","bebsu-1b1dfed715cc5287","math","kma.g2.subtraction","1.55","0.2","","G2","choice","machine_checked","needs_expert_review"
"bebsu-g2-original","bebsu-37f86d851f06ae89","math","kma.g2.addition","1.575","0","","G2","numeric","machine_checked","needs_expert_review"
"bebsu-g2-original","bebsu-012e93d7f10c7743","math","kma.g2.addition","1.6","0","","G2","numeric","machine_checked","needs_expert_review"
"bebsu-g2-original","bebsu-32b41e33037e1e11","math","kma.g2.addition","1.625","0","","G2","numeric","machine_checked","needs_expert_review"
"bebsu-g2-original","bebsu-8781fdc10ac1cb67","math","kma.g2.counting","1.65","0","","G2","numeric","machine_checked","needs_expert_review"
"bebsu-g2-original","bebsu-47488312e4a0fe75","math","kma.g2.addition","1.675","0","","G2","numeric","machine_checked","needs_expert_review"
"bebsu-g2-original","bebsu-000b90713e19b91c","math","kma.g2.addition","1.7","0","","G2","numeric","machine_checked","needs_expert_review"
"bebsu-g2-original","bebsu-e424b3fb3036aa5c","math","kma.g2.addition","1.725","0","","G2","numeric","machine_checked","needs_expert_review"
"bebsu-g2-original","bebsu-d76089ef6e579534","math","kma.g2.addition","1.75","0","","G2","numeric","machine_checked","needs_expert_review"
"bebsu-g2-original","bebsu-cbbf4d6a5d47cb87","math","kma.g2.comparison","1.325","0.2","","G2","choice","machine_checked","needs_expert_review"
"bebsu-g2-original","bebsu-175021a8458740ce","math","kma.g2.addition","1.775","0.2","","G2","choice","machine_checked","needs_expert_review"
"bebsu-g2-original","bebsu-9dd7bb6537799ab6","math","kma.g2.addition","1.8","0","","G2","numeric","machine_checked","needs_expert_review"
"bebsu-g2-original","bebsu-968a93e926a223fa","math","kma.g2.addition","1.825","0","","G2","numeric","machine_checked","needs_expert_review"
"bebsu-g2-original","bebsu-39daa497a8f0146c","math","kma.g2.addition","1.85","0","","G2","numeric","machine_checked","needs_expert_review"
"bebsu-g2-original","bebsu-37d9b757be5111f7","math","kma.g2.addition","1.875","0","","G2","numeric","machine_checked","needs_expert_review"
"bebsu-g2-original","bebsu-84b78c142f2d1591","math","kma.g2.addition","1.9","0","","G2","numeric","machine_checked","needs_expert_review"
"bebsu-g2-original","bebsu-da25172e9ee68900","math","kma.g2.subtraction","1.35","0.2","","G2","choice","machine_checked","needs_expert_review"
"bebsu-g2-original","bebsu-76add0579db9c993","math","kma.g2.subtraction","1.375","0","","G2","numeric","machine_checked","needs_expert_review"
"bebsu-g2-original","bebsu-e37b1dfcd38e0edf","math","kma.g2.unclassified","1.4","0.2","","G2","choice","machine_checked","needs_expert_review"
"bebsu-g2-original","bebsu-569e3cee8afbb383","math","kma.g2.addition","1.425","0","","G2","numeric","machine_checked","needs_expert_review"
"bebsu-g2-original","bebsu-157cb26828863f17","math","kma.g2.subtraction","1.45","0","","G2","numeric","machine_checked","needs_expert_review"
"bebsu-g2-original","bebsu-2c4e5b5ceb1f5c4c","math","kma.g2.addition","1.475","0","","G2","numeric","machine_checked","needs_expert_review"
"bebsu-g2-original","bebsu-f0ae7002a22c4695","math","kma.g2.comparison","1.5","0.2","","G2","choice","machine_checked","needs_expert_review"
"bebsu-g2-original","bebsu-ae26b76dcc276361","math","kma.g2.addition","1.3","0","","G2","numeric","machine_checked","needs_expert_review"
"bebsu-g2-original","bebsu-84887ae83b6bb6b8","math","kma.g2.addition","1.525","0","","G2","numeric","machine_checked","needs_expert_review"
"bebsu-g2-original","bebsu-b5e1467078ebddbc","math","kma.g2.subtraction","1.55","0","","G2","numeric","machine_checked","needs_expert_review"
"bebsu-g2-original","bebsu-fcf2319607222189","math","kma.g2.addition","1.575","0","","G2","numeric","machine_checked","needs_expert_review"
"bebsu-g2-original","bebsu-c14a5777a700414c","math","kma.g2.addition","1.6","0.2","","G2","choice","machine_checked","needs_expert_review"
"bebsu-g2-original","bebsu-f0e9b312bc747753","math","kma.g2.counting","1.625","0","","G2","numeric","machine_checked","needs_expert_review"
"bebsu-g2-original","bebsu-9dc4340f06dfba0e","math","kma.g2.addition","1.65","0","","G2","numeric","machine_checked","needs_expert_review"
"bebsu-g2-original","bebsu-3c9193ee5dd0b9f0","math","kma.g2.addition","1.675","0","","G2","numeric","machine_checked","needs_expert_review"
"bebsu-g2-original","bebsu-a0db3e4479c7e0ad","math","kma.g2.addition","1.7","0","","G2","numeric","machine_checked","needs_expert_review"
"bebsu-g2-original","bebsu-b73e98df6528590c","math","kma.g2.addition","1.725","0","","G2","numeric","machine_checked","needs_expert_review"
"bebsu-g2-original","bebsu-260ff8c8ab830d28","math","kma.g2.addition","1.75","0","","G2","numeric","machine_checked","needs_expert_review"
"bebsu-g2-original","bebsu-176e703f94353280","math","kma.g2.addition","1.325","0.2","","G2","choice","machine_checked","needs_expert_review"
"bebsu-g2-original","bebsu-c48ba246eaa653a1","math","kma.g2.addition","1.775","0","","G2","numeric","machine_checked","needs_expert_review"
"bebsu-g2-original","bebsu-7452645f25f21538","math","kma.g2.addition","1.8","0","","G2","numeric","machine_checked","needs_expert_review"
"bebsu-g2-original","bebsu-45788c1bf0aab5a6","math","kma.g2.addition","1.825","0","","G2","numeric","machine_checked","needs_expert_review"
"bebsu-g2-original","bebsu-c72071d0a934597d","math","kma.g2.addition","1.85","0","","G2","numeric","machine_checked","needs_expert_review"
"bebsu-g2-original","bebsu-3a5d83a2afab5a97","math","kma.g2.addition","1.875","0","","G2","numeric","machine_checked","needs_expert_review"
"bebsu-g2-original","bebsu-46a232757593c75f","math","kma.g2.addition","1.9","0","","G2","numeric","machine_checked","needs_expert_review"
"bebsu-g2-original","bebsu-98955d6dceb538dd","math","kma.g2.addition","1.35","0","","G2","numeric","machine_checked","needs_expert_review"
"bebsu-g2-original","bebsu-575b610f29fe4d12","math","kma.g2.subtraction","1.375","0.2","","G2","choice","machine_checked","needs_expert_review"
"bebsu-g2-original","bebsu-1d4a28dc35ce9090","math","kma.g2.addition","1.4","0","","G2","numeric","machine_checked","needs_expert_review"
"bebsu-g2-original","bebsu-512c2516c278d3d3","math","kma.g2.addition","1.425","0","","G2","numeric","machine_checked","needs_expert_review"
"bebsu-g2-original","bebsu-cb2fb467ea970a5b","math","kma.g2.measurement","1.45","0","","G2","numeric","machine_checked","needs_expert_review"
"bebsu-g2-original","bebsu-e5471c9270b99b8d","math","kma.g2.addition","1.475","0","","G2","numeric","machine_checked","needs_expert_review"
"bebsu-g2-original","bebsu-ce056593a0c06e61","math","kma.g2.subtraction","1.5","0.2","","G2","choice","machine_checked","needs_expert_review"
"bebsu-g2-original","bebsu-6a8c26082202cee1","math","kma.g2.subtraction","1.3","0.2","","G2","choice","machine_checked","needs_expert_review"
"bebsu-g2-original","bebsu-7fbf82cde99f3391","math","kma.g2.subtraction","1.525","0.2","","G2","choice","machine_checked","needs_expert_review"
"bebsu-g2-original","bebsu-0131a0ecaa52ce30","math","kma.g2.addition","1.55","0.2","","G2","choice","machine_checked","needs_expert_review"
"bebsu-g2-original","bebsu-711a62008c9eb6a0","math","kma.g2.addition","1.575","0","","G2","numeric","machine_checked","needs_expert_review"
"bebsu-g2-original","bebsu-948e68724c740837","math","kma.g2.addition","1.6","0","","G2","numeric","machine_checked","needs_expert_review"
"bebsu-g2-original","bebsu-dfea4127dc33fe3b","math","kma.g2.addition","1.625","0","","G2","numeric","machine_checked","needs_expert_review"
"bebsu-g2-original","bebsu-f5d96775153f5410","math","kma.g2.pattern_logic","1.65","0","","G2","numeric","machine_checked","needs_expert_review"
"bebsu-g2-original","bebsu-a83940bbc990fcc5","math","kma.g2.counting","1.675","0","","G2","numeric","machine_checked","needs_expert_review"
"bebsu-g2-original","bebsu-7d79833fa183d47f","math","kma.g2.addition","1.7","0","","G2","numeric","machine_checked","needs_expert_review"
"bebsu-g2-original","bebsu-97e587aebb4c6d9f","math","kma.g2.addition","1.725","0","","G2","numeric","machine_checked","needs_expert_review"
"bebsu-g2-original","bebsu-9176b5cc18d1c624","math","kma.g2.addition","1.75","0","","G2","numeric","machine_checked","needs_expert_review"
"bebsu-g2-original","bebsu-5ebfdca8c69fe9c2","math","kma.g2.addition","1.325","0.2","","G2","choice","machine_checked","needs_expert_review"
"bebsu-g2-original","bebsu-35486299dfd88431","math","kma.g2.time","1.775","0","","G2","numeric","machine_checked","needs_expert_review"
"bebsu-g2-original","bebsu-8c6e6a16c70eb4dd","math","kma.g2.addition","1.8","0","","G2","numeric","machine_checked","needs_expert_review"
"bebsu-g2-original","bebsu-ad06419c29eadc09","math","kma.g2.subtraction","1.825","0","","G2","numeric","machine_checked","needs_expert_review"
"bebsu-g2-original","bebsu-519a9644d327ff72","math","kma.g2.addition","1.85","0","","G2","numeric","machine_checked","needs_expert_review"
"bebsu-g2-original","bebsu-77a517aebaed4005","math","kma.g2.addition","1.875","0","","G2","numeric","machine_checked","needs_expert_review"
"bebsu-g2-original","bebsu-a4f1a2788d7f579c","math","kma.g2.addition","1.9","0","","G2","numeric","machine_checked","needs_expert_review"
"bebsu-g2-original","bebsu-89b63be3a602ff49","math","kma.g2.addition","1.35","0.2","","G2","choice","machine_checked","needs_expert_review"
"bebsu-g2-original","bebsu-00090b288d401ed5","math","kma.g2.addition","1.375","0","","G2","numeric","machine_checked","needs_expert_review"
"bebsu-g2-original","bebsu-787bc275427cfa32","math","kma.g2.addition","1.4","0","","G2","numeric","machine_checked","needs_expert_review"
"bebsu-g2-original","bebsu-e4e71f28be005371","math","kma.g2.subtraction","1.425","0","","G2","numeric","machine_checked","needs_expert_review"
"bebsu-g2-original","bebsu-9346cb9d420db015","math","kma.g2.subtraction","1.45","0.2","","G2","choice","machine_checked","needs_expert_review"
"bebsu-g2-original","bebsu-94f60ed6847d2308","math","kma.g2.addition","1.475","0","","G2","numeric","machine_checked","needs_expert_review"
"bebsu-g2-original","bebsu-1f96c067ed03c3a0","math","kma.g2.addition","1.5","0","","G2","numeric","machine_checked","needs_expert_review"
"bebsu-g2-original","bebsu-c84727cbf121167e","math","kma.g2.addition","1.3","0.2","","G2","choice","machine_checked","needs_expert_review"
"bebsu-g2-original","bebsu-330f0a8621086668","math","kma.g2.addition","1.525","0","","G2","numeric","machine_checked","needs_expert_review"
"bebsu-g2-original","bebsu-eb16d1e2bcde6b43","math","kma.g2.addition","1.55","0","","G2","numeric","machine_checked","needs_expert_review"
"bebsu-g2-original","bebsu-509d757853f7c04c","math","kma.g2.comparison","1.575","0","","G2","numeric","machine_checked","needs_expert_review"
"bebsu-g2-original","bebsu-2954248b6bd278ab","math","kma.g2.subtraction","1.6","0","","G2","numeric","machine_checked","needs_expert_review"
"bebsu-g2-original","bebsu-5fd239b02de3851f","math","kma.g2.addition","1.625","0","","G2","numeric","machine_checked","needs_expert_review"
"bebsu-g2-original","bebsu-585f8f69821dc4ce","math","kma.g2.addition","1.65","0","","G2","numeric","machine_checked","needs_expert_review"
"bebsu-g2-original","bebsu-d5289968141f128d","math","kma.g2.addition","1.675","0","","G2","numeric","machine_checked","needs_expert_review"
"bebsu-g2-original","bebsu-e4ea1e5d47c5167e","math","kma.g2.addition","1.7","0","","G2","numeric","machine_checked","needs_expert_review"
"bebsu-g2-original","bebsu-a3eca4d8485dbd8c","math","kma.g2.addition","1.725","0","","G2","numeric","machine_checked","needs_expert_review"
"bebsu-g2-original","bebsu-840263979ad5841e","math","kma.g2.addition","1.75","0","","G2","numeric","machine_checked","needs_expert_review"
"bebsu-g2-original","bebsu-bf06fb98fecdb98f","math","kma.g2.addition","1.325","0","","G2","numeric","machine_checked","needs_expert_review"
"bebsu-g2-original","bebsu-da384931f774cfee","math","kma.g2.addition","1.775","0","","G2","numeric","machine_checked","needs_expert_review"
"bebsu-g2-original","bebsu-0e3db45d4862f661","math","kma.g2.comparison","1.8","0","","G2","numeric","machine_checked","needs_expert_review"
"bebsu-g2-original","bebsu-e8c6928aba605679","math","kma.g2.addition","1.825","0","","G2","numeric","machine_checked","needs_expert_review"
"bebsu-g2-original","bebsu-62c94dc6856391f2","math","kma.g2.addition","1.85","0","","G2","numeric","machine_checked","needs_expert_review"
"bebsu-g2-original","bebsu-86eff3fd0b6d2a6e","math","kma.g2.addition","1.875","0","","G2","numeric","machine_checked","needs_expert_review"
"bebsu-g2-original","bebsu-085197f97f53ee48","math","kma.g2.addition","1.9","0","","G2","numeric","machine_checked","needs_expert_review"
"bebsu-g2-original","bebsu-b47637eca7b4f12f","math","kma.g2.addition","1.35","0.2","","G2","choice","machine_checked","needs_expert_review"
"bebsu-g2-original","bebsu-5988221ebbd6ab4b","math","kma.g2.geometry","1.375","0.2","","G2","choice","machine_checked","needs_expert_review"
"bebsu-g2-original","bebsu-4aabde19e4a13881","math","kma.g2.addition","1.4","0","","G2","numeric","machine_checked","needs_expert_review"
"bebsu-g2-original","bebsu-15ef9f08c88566c4","math","kma.g2.addition","1.425","0","","G2","numeric","machine_checked","needs_expert_review"
"bebsu-g2-original","bebsu-1d6cc67b23ee524c","math","kma.g2.addition","1.45","0","","G2","numeric","machine_checked","needs_expert_review"
"bebsu-g2-original","bebsu-e7ec63efe96267a9","math","kma.g2.addition","1.475","0.2","","G2","choice","machine_checked","needs_expert_review"
"bebsu-g2-original","bebsu-b9b10e6fd8f14776","math","kma.g2.comparison","1.5","0.2","","G2","choice","machine_checked","needs_expert_review"
"bebsu-g2-original","bebsu-e9271b2b08e2c4cd","math","kma.g2.comparison","1.3","0.2","","G2","choice","machine_checked","needs_expert_review"
"bebsu-g2-original","bebsu-1e1938f9a532c81e","math","kma.g2.addition","1.525","0.2","","G2","choice","machine_checked","needs_expert_review"
"bebsu-g2-original","bebsu-b36472cfecaf58ef","math","kma.g2.comparison","1.55","0","","G2","numeric","machine_checked","needs_expert_review"
"bebsu-g2-original","bebsu-15a13a2a34e49f9e","math","kma.g2.addition","1.575","0","","G2","numeric","machine_checked","needs_expert_review"
"bebsu-g2-original","bebsu-52feea20a99bc36a","math","kma.g2.addition","1.6","0","","G2","numeric","machine_checked","needs_expert_review"
"bebsu-g2-original","bebsu-32faa48bbc2436be","math","kma.g2.addition","1.625","0","","G2","numeric","machine_checked","needs_expert_review"
"bebsu-g2-original","bebsu-4fb663622190d531","math","kma.g2.addition","1.65","0.2","","G2","choice","machine_checked","needs_expert_review"
"bebsu-g2-original","bebsu-2383f8d56af7dd42","math","kma.g2.subtraction","1.675","0","","G2","numeric","machine_checked","needs_expert_review"
"bebsu-g2-original","bebsu-665334cbdb124df5","math","kma.g2.addition","1.7","0","","G2","numeric","machine_checked","needs_expert_review"
"bebsu-g2-original","bebsu-b9f671bcda033e0b","math","kma.g2.addition","1.725","0","","G2","numeric","machine_checked","needs_expert_review"
"bebsu-g2-original","bebsu-79346dcd6295c63c","math","kma.g2.addition","1.75","0","","G2","numeric","machine_checked","needs_expert_review"
"bebsu-g2-original","bebsu-7bd759117061c915","math","kma.g2.addition","1.325","0.2","","G2","choice","machine_checked","needs_expert_review"
"bebsu-g2-original","bebsu-23d474109015f25f","math","kma.g2.addition","1.775","0.2","","G2","choice","machine_checked","needs_expert_review"
"bebsu-g2-original","bebsu-be9b007d0de84ff2","math","kma.g2.addition","1.8","0","","G2","numeric","machine_checked","needs_expert_review"
"bebsu-g2-original","bebsu-e20ab6100a253403","math","kma.g2.addition","1.825","0","","G2","numeric","machine_checked","needs_expert_review"
"bebsu-g2-original","bebsu-53ba9b7f053b3b5b","math","kma.g2.addition","1.85","0","","G2","numeric","machine_checked","needs_expert_review"
"bebsu-g2-original","bebsu-4859991eb70b9ea3","math","kma.g2.addition","1.875","0","","G2","numeric","machine_checked","needs_expert_review"
"bebsu-g2-original","bebsu-1abf1d34e21e729d","math","kma.g2.addition","1.9","0","","G2","numeric","machine_checked","needs_expert_review"
"bebsu-g2-original","bebsu-9f714b7ba445e432","math","kma.g2.addition","1.35","0","","G2","numeric","machine_checked","needs_expert_review"
"bebsu-g2-original","bebsu-a8f4565ba6651b0c","math","kma.g2.addition","1.375","0","","G2","numeric","machine_checked","needs_expert_review"
"bebsu-g2-original","bebsu-059c2188d9ae97fb","math","kma.g2.addition","1.4","0","","G2","numeric","machine_checked","needs_expert_review"
"bebsu-g2-original","bebsu-d3a4ab2e3ba406e2","math","kma.g2.addition","1.425","0","","G2","numeric","machine_checked","needs_expert_review"
"bebsu-g2-original","bebsu-6eb912a3afe59a04","math","kma.g2.addition","1.45","0.2","","G2","choice","machine_checked","needs_expert_review"
"bebsu-g2-original","bebsu-1eae5ae614a33f70","math","kma.g2.addition","1.475","0","","G2","numeric","machine_checked","needs_expert_review"
"bebsu-g2-original","bebsu-bef2ed53c76da3b2","math","kma.g2.unclassified","1.5","0.2","","G2","choice","machine_checked","needs_expert_review"
"bebsu-g2-original","bebsu-9010141a65947323","math","kma.g2.addition","1.3","0","","G2","numeric","machine_checked","needs_expert_review"
"bebsu-g2-original","bebsu-ca59bcd7dadaf531","math","kma.g2.subtraction","1.525","0.2","","G2","choice","machine_checked","needs_expert_review"
"bebsu-g2-original","bebsu-5e9cec8d12d7cf5a","math","kma.g2.addition","1.55","0","","G2","numeric","machine_checked","needs_expert_review"
"bebsu-g2-original","bebsu-2b3ba04d57ecea50","math","kma.g2.addition","1.575","0","","G2","numeric","machine_checked","needs_expert_review"
"bebsu-g2-original","bebsu-10c1829191d0c91f","math","kma.g2.subtraction","1.6","0.2","","G2","choice","machine_checked","needs_expert_review"
"bebsu-g2-original","bebsu-3ae37e0c1b89dbcb","math","kma.g2.addition","1.625","0","","G2","numeric","machine_checked","needs_expert_review"
"bebsu-g2-original","bebsu-e92e8abaeedfc886","math","kma.g2.addition","1.65","0","","G2","numeric","machine_checked","needs_expert_review"
"bebsu-g2-original","bebsu-a2003ed810963350","math","kma.g2.addition","1.675","0","","G2","numeric","machine_checked","needs_expert_review"
"bebsu-g2-original","bebsu-d982885cf33ac481","math","kma.g2.addition","1.7","0","","G2","numeric","machine_checked","needs_expert_review"
"bebsu-g2-original","bebsu-e7551b99bb7cce8c","math","kma.g2.addition","1.725","0","","G2","numeric","machine_checked","needs_expert_review"
"bebsu-g2-original","bebsu-8703247515fe9516","math","kma.g2.addition","1.75","0","","G2","numeric","machine_checked","needs_expert_review"
"bebsu-g2-original","bebsu-e247d6e9512bce0d","math","kma.g2.addition","1.325","0","","G2","numeric","machine_checked","needs_expert_review"
"bebsu-g2-original","bebsu-a5a71cdf094af79c","math","kma.g2.addition","1.775","0","","G2","numeric","machine_checked","needs_expert_review"
"bebsu-g2-original","bebsu-88d85206b54cd4b2","math","kma.g2.addition","1.8","0","","G2","numeric","machine_checked","needs_expert_review"
"bebsu-g2-original","bebsu-bc734406d53e2e1c","math","kma.g2.addition","1.825","0","","G2","numeric","machine_checked","needs_expert_review"
"bebsu-g2-original","bebsu-18240e89e382ba8d","math","kma.g2.addition","1.85","0","","G2","numeric","machine_checked","needs_expert_review"
"bebsu-g2-original","bebsu-77e550f27d252660","math","kma.g2.addition","1.875","0","","G2","numeric","machine_checked","needs_expert_review"
"bebsu-g2-original","bebsu-9b123e46d5f4b32f","math","kma.g2.addition","1.9","0","","G2","numeric","machine_checked","needs_expert_review"
"bebsu-g2-original","bebsu-eee3428c5e3ee334","math","kma.g2.addition","1.35","0","","G2","numeric","machine_checked","needs_expert_review"
"bebsu-g2-original","bebsu-32b48780eb54ed97","math","kma.g2.addition","1.375","0.2","","G2","choice","machine_checked","needs_expert_review"
"bebsu-g2-original","bebsu-d2ea95b7701ef0cb","math","kma.g2.addition","1.4","0","","G2","numeric","machine_checked","needs_expert_review"
"bebsu-g2-original","bebsu-ddb706e1d99b3231","math","kma.g2.addition","1.425","0","","G2","numeric","machine_checked","needs_expert_review"
"bebsu-g2-original","bebsu-20addf72b62b1c06","math","kma.g2.addition","1.45","0","","G2","numeric","machine_checked","needs_expert_review"
"bebsu-g2-original","bebsu-5d429556fb265dc1","math","kma.g2.subtraction","1.475","0","","G2","numeric","machine_checked","needs_expert_review"
"bebsu-g2-original","bebsu-3bc8aaeb71177e1a","math","kma.g2.addition","1.5","0.2","","G2","choice","machine_checked","needs_expert_review"
"bebsu-g2-original","bebsu-6aaea076d032f2e6","math","kma.g2.subtraction","1.3","0.2","","G2","choice","machine_checked","needs_expert_review"
"bebsu-g2-original","bebsu-95d7a9c3b00326ab","math","kma.g2.addition","1.525","0","","G2","numeric","machine_checked","needs_expert_review"
"bebsu-g2-original","bebsu-f94fd6ed4b11630a","math","kma.g2.addition","1.55","0","","G2","numeric","machine_checked","needs_expert_review"
"bebsu-g2-original","bebsu-6632982701915579","math","kma.g2.addition","1.575","0","","G2","numeric","machine_checked","needs_expert_review"
"bebsu-g2-original","bebsu-95b9958e279180be","math","kma.g2.unclassified","1.6","0.2","","G2","choice","machine_checked","needs_expert_review"
"bebsu-g2-original","bebsu-8550c20c717e2dd3","math","kma.g2.addition","1.625","0","","G2","numeric","machine_checked","needs_expert_review"
"bebsu-g2-original","bebsu-cc8e23e402352d2c","math","kma.g2.addition","1.65","0","","G2","numeric","machine_checked","needs_expert_review"
"bebsu-g2-original","bebsu-b23eb8c4f8223047","math","kma.g2.addition","1.675","0","","G2","numeric","machine_checked","needs_expert_review"
"bebsu-g2-original","bebsu-448d6d771bb6a61e","math","kma.g2.addition","1.7","0","","G2","numeric","machine_checked","needs_expert_review"
"bebsu-g2-original","bebsu-e6b022309e190d2d","math","kma.g2.subtraction","1.725","0","","G2","numeric","machine_checked","needs_expert_review"
"bebsu-g2-original","bebsu-acead9f87a37cfa2","math","kma.g2.addition","1.75","0","","G2","numeric","machine_checked","needs_expert_review"
"bebsu-g2-original","bebsu-401adab5dd2a0d39","math","kma.g2.addition","1.325","0","","G2","numeric","machine_checked","needs_expert_review"
"bebsu-g2-original","bebsu-1284aac3e0bfb8b2","math","kma.g2.addition","1.775","0","","G2","numeric","machine_checked","needs_expert_review"
"bebsu-g2-original","bebsu-a207ce273bb40462","math","kma.g2.addition","1.8","0","","G2","numeric","machine_checked","needs_expert_review"
"bebsu-g2-original","bebsu-1a7be5bd5684b1e5","math","kma.g2.addition","1.825","0","","G2","numeric","machine_checked","needs_expert_review"
"bebsu-g2-original","bebsu-95ed69671b2eb28c","math","kma.g2.addition","1.85","0","","G2","numeric","machine_checked","needs_expert_review"
"bebsu-g2-original","bebsu-6bb5cbc7d3c17c48","math","kma.g2.addition","1.875","0","","G2","numeric","machine_checked","needs_expert_review"
"bebsu-g2-original","bebsu-7627e408a3c0684a","math","kma.g2.addition","1.9","0","","G2","numeric","machine_checked","needs_expert_review"
"bebsu-g2-original","bebsu-e6a1d7c6e6de018a","math","kma.g2.unclassified","1.35","0","","G2","numeric","machine_checked","needs_expert_review"
"bebsu-g2-original","bebsu-18e913b1f95c31ed","math","kma.g2.addition","1.375","0.2","","G2","choice","machine_checked","needs_expert_review"
"bebsu-g2-original","bebsu-8131136978e7af57","math","kma.g2.addition","1.4","0","","G2","numeric","machine_checked","needs_expert_review"
"bebsu-g2-original","bebsu-899d7c588bab3943","math","kma.g2.counting","1.425","0","","G2","numeric","machine_checked","needs_expert_review"
"bebsu-g2-original","bebsu-d2fe7a21330f7dbc","math","kma.g2.subtraction","1.45","0.2","","G2","choice","machine_checked","needs_expert_review"
"bebsu-g2-original","bebsu-c10915dedecb593d","math","kma.g2.addition","1.475","0.2","","G2","choice","machine_checked","needs_expert_review"
"bebsu-g2-original","bebsu-f258207e8f6f0358","math","kma.g2.addition","1.5","0","","G2","numeric","machine_checked","needs_expert_review"
"bebsu-g3-original","bebsu-853e25069f15b696","math","kma.g3.addition","2.4","0","","G3","numeric","machine_checked","needs_expert_review"
"bebsu-g3-original","bebsu-fb24ec5b97613a7a","math","kma.g3.addition","2.625","0","","G3","numeric","machine_checked","needs_expert_review"
"bebsu-g3-original","bebsu-1263ae63829ffc0a","math","kma.g3.addition","2.65","0","","G3","numeric","machine_checked","needs_expert_review"
"bebsu-g3-original","bebsu-d63985a7df101ebc","math","kma.g3.addition","2.675","0","","G3","numeric","machine_checked","needs_expert_review"
"bebsu-g3-original","bebsu-5598b2b6876b03ae","math","kma.g3.addition","2.7","0","","G3","numeric","machine_checked","needs_expert_review"
"bebsu-g3-original","bebsu-1e929393b1f2a724","math","kma.g3.addition","2.725","0","","G3","numeric","machine_checked","needs_expert_review"
"bebsu-g3-original","bebsu-3dbd785517a5f02f","math","kma.g3.addition","2.75","0","","G3","numeric","machine_checked","needs_expert_review"
"bebsu-g3-original","bebsu-ada3f71bc80f09a7","math","kma.g3.addition","2.775","0","","G3","numeric","machine_checked","needs_expert_review"
"bebsu-g3-original","bebsu-1fa8c82d0b23cd82","math","kma.g3.addition","2.8","0","","G3","numeric","machine_checked","needs_expert_review"
"bebsu-g3-original","bebsu-7460722357858bc1","math","kma.g3.addition","2.825","0","","G3","numeric","machine_checked","needs_expert_review"
"bebsu-g3-original","bebsu-8a0cffbaf0ebe15b","math","kma.g3.addition","2.85","0","","G3","numeric","machine_checked","needs_expert_review"
"bebsu-g3-original","bebsu-20a8fb92c7cc3c8e","math","kma.g3.addition","2.425","0","","G3","numeric","machine_checked","needs_expert_review"
"bebsu-g3-original","bebsu-320c1c3215d4066c","math","kma.g3.addition","2.875","0","","G3","numeric","machine_checked","needs_expert_review"
"bebsu-g3-original","bebsu-c8ce026d73d607ce","math","kma.g3.addition","2.9","0","","G3","numeric","machine_checked","needs_expert_review"
"bebsu-g3-original","bebsu-67c860451a787737","math","kma.g3.addition","2.925","0","","G3","numeric","machine_checked","needs_expert_review"
"bebsu-g3-original","bebsu-7264c18a812f9285","math","kma.g3.addition","2.95","0","","G3","numeric","machine_checked","needs_expert_review"
"bebsu-g3-original","bebsu-0ad6bee7ff70d29e","math","kma.g3.addition","2.975","0","","G3","numeric","machine_checked","needs_expert_review"
"bebsu-g3-original","bebsu-a7b26fcee8b433ab","math","kma.g3.addition","3","0","","G3","numeric","machine_checked","needs_expert_review"
"bebsu-g3-original","bebsu-375b4ac4c4783f2e","math","kma.g3.addition","3","0","","G3","numeric","machine_checked","needs_expert_review"
"bebsu-g3-original","bebsu-1bef289f3877a8f9","math","kma.g3.addition","3","0","","G3","numeric","machine_checked","needs_expert_review"
"bebsu-g3-original","bebsu-13e64578fa32a2bb","math","kma.g3.addition","3","0","","G3","numeric","machine_checked","needs_expert_review"
"bebsu-g3-original","bebsu-f68c77cd134c45dc","math","kma.g3.place_value","3","0","","G3","numeric","machine_checked","needs_expert_review"
"bebsu-g3-original","bebsu-0f141037444fb389","math","kma.g3.comparison","2.45","0","","G3","numeric","machine_checked","needs_expert_review"
"bebsu-g3-original","bebsu-f652703a5b221ea6","math","kma.g3.addition","3","0","","G3","numeric","machine_checked","needs_expert_review"
"bebsu-g3-original","bebsu-ca248bb34f7e57fa","math","kma.g3.addition","2.475","0","","G3","numeric","machine_checked","needs_expert_review"
"bebsu-g3-original","bebsu-6b5566e1af0bd314","math","kma.g3.unclassified","2.5","0","","G3","numeric","machine_checked","needs_expert_review"
"bebsu-g3-original","bebsu-c0a7abe3c1804166","math","kma.g3.addition","2.525","0","","G3","numeric","machine_checked","needs_expert_review"
"bebsu-g3-original","bebsu-1abc4c115fa8407f","math","kma.g3.pattern_logic","2.55","0","","G3","numeric","machine_checked","needs_expert_review"
"bebsu-g3-original","bebsu-50f58411d849c931","math","kma.g3.addition","2.575","0","","G3","numeric","machine_checked","needs_expert_review"
"bebsu-g3-original","bebsu-7581bf9eaa94a21f","math","kma.g3.addition","2.6","0","","G3","numeric","machine_checked","needs_expert_review"
"bebsu-g3-original","bebsu-33adad016bd96cef","math","kma.g3.addition","2.4","0","","G3","numeric","machine_checked","needs_expert_review"
"bebsu-g3-original","bebsu-f6649a7ceb83e50a","math","kma.g3.addition","2.625","0","","G3","numeric","machine_checked","needs_expert_review"
"bebsu-g3-original","bebsu-ab591b5aa8a8cea0","math","kma.g3.addition","2.65","0","","G3","numeric","machine_checked","needs_expert_review"
"bebsu-g3-original","bebsu-6b132505f2bcf2f1","math","kma.g3.subtraction","2.675","0","","G3","numeric","machine_checked","needs_expert_review"
"bebsu-g3-original","bebsu-ac7c723c6144d262","math","kma.g3.addition","2.7","0","","G3","numeric","machine_checked","needs_expert_review"
"bebsu-g3-original","bebsu-4241155abb18e419","math","kma.g3.addition","2.725","0","","G3","numeric","machine_checked","needs_expert_review"
"bebsu-g3-original","bebsu-46a500f837d29eef","math","kma.g3.addition","2.75","0","","G3","numeric","machine_checked","needs_expert_review"
"bebsu-g3-original","bebsu-0126a1250eeff825","math","kma.g3.addition","2.775","0","","G3","numeric","machine_checked","needs_expert_review"
"bebsu-g3-original","bebsu-76576b761fb062d3","math","kma.g3.addition","2.8","0","","G3","numeric","machine_checked","needs_expert_review"
"bebsu-g3-original","bebsu-375c0f3f571d17c8","math","kma.g3.addition","2.825","0","","G3","numeric","machine_checked","needs_expert_review"
"bebsu-g3-original","bebsu-6d8718768187ea8d","math","kma.g3.addition","2.85","0","","G3","numeric","machine_checked","needs_expert_review"
"bebsu-g3-original","bebsu-2dc69ddeeaa73c3d","math","kma.g3.addition","2.425","0","","G3","numeric","machine_checked","needs_expert_review"
"bebsu-g3-original","bebsu-967da69a6e42f2d6","math","kma.g3.addition","2.875","0","","G3","numeric","machine_checked","needs_expert_review"
"bebsu-g3-original","bebsu-ed04529615db5092","math","kma.g3.addition","2.9","0","","G3","numeric","machine_checked","needs_expert_review"
"bebsu-g3-original","bebsu-ff29b52c11de3a44","math","kma.g3.addition","2.925","0","","G3","numeric","machine_checked","needs_expert_review"
"bebsu-g3-original","bebsu-c8b4447916ebf979","math","kma.g3.addition","2.95","0","","G3","numeric","machine_checked","needs_expert_review"
"bebsu-g3-original","bebsu-480109c56df97a9b","math","kma.g3.addition","2.975","0","","G3","numeric","machine_checked","needs_expert_review"
"bebsu-g3-original","bebsu-fc2d855d8c3435c4","math","kma.g3.addition","3","0","","G3","numeric","machine_checked","needs_expert_review"
"bebsu-g3-original","bebsu-d6df94f305ed19e0","math","kma.g3.addition","3","0","","G3","numeric","machine_checked","needs_expert_review"
"bebsu-g3-original","bebsu-07dac5fdc9971b7b","math","kma.g3.addition","3","0","","G3","numeric","machine_checked","needs_expert_review"
"bebsu-g3-original","bebsu-bb869578bfa32814","math","kma.g3.addition","3","0","","G3","numeric","machine_checked","needs_expert_review"
"bebsu-g3-original","bebsu-0a026021c51b4b4b","math","kma.g3.addition","3","0","","G3","numeric","machine_checked","needs_expert_review"
"bebsu-g3-original","bebsu-c3ecaeeaa583c705","math","kma.g3.addition","2.45","0","","G3","numeric","machine_checked","needs_expert_review"
"bebsu-g3-original","bebsu-c3010387063030f3","math","kma.g3.addition","3","0","","G3","numeric","machine_checked","needs_expert_review"
"bebsu-g3-original","bebsu-e272a2c8dc3cecb7","math","kma.g3.addition","2.475","0","","G3","numeric","machine_checked","needs_expert_review"
"bebsu-g3-original","bebsu-acf9d625e2fcbe95","math","kma.g3.addition","2.5","0","","G3","numeric","machine_checked","needs_expert_review"
"bebsu-g3-original","bebsu-30e48e9f9ebbc6f8","math","kma.g3.addition","2.525","0","","G3","numeric","machine_checked","needs_expert_review"
"bebsu-g3-original","bebsu-08ca2cfd5e2a5f3a","math","kma.g3.addition","2.55","0","","G3","numeric","machine_checked","needs_expert_review"
"bebsu-g3-original","bebsu-47241f93f04f65f5","math","kma.g3.comparison","2.575","0","","G3","numeric","machine_checked","needs_expert_review"
"bebsu-g3-original","bebsu-f1c00a12d8b7751c","math","kma.g3.addition","2.6","0","","G3","numeric","machine_checked","needs_expert_review"
"bebsu-g3-original","bebsu-b03ad7a43dc4beff","math","kma.g3.addition","2.4","0","","G3","numeric","machine_checked","needs_expert_review"
"bebsu-g3-original","bebsu-8130147a8b5b0d80","math","kma.g3.addition","2.625","0","","G3","numeric","machine_checked","needs_expert_review"
"bebsu-g3-original","bebsu-b16487b05a4587bf","math","kma.g3.order","2.65","0","","G3","numeric","machine_checked","needs_expert_review"
"bebsu-g3-original","bebsu-6280b3d153859a32","math","kma.g3.addition","2.675","0","","G3","numeric","machine_checked","needs_expert_review"
"bebsu-g3-original","bebsu-94951f3d22ba2e14","math","kma.g3.addition","2.7","0","","G3","numeric","machine_checked","needs_expert_review"
"bebsu-g3-original","bebsu-ace7016a04f89f88","math","kma.g3.addition","2.725","0","","G3","numeric","machine_checked","needs_expert_review"
"bebsu-g3-original","bebsu-0d4b412c01cf8c63","math","kma.g3.addition","2.75","0","","G3","numeric","machine_checked","needs_expert_review"
"bebsu-g3-original","bebsu-3202a8c1c97d9e2a","math","kma.g3.addition","2.775","0","","G3","numeric","machine_checked","needs_expert_review"
"bebsu-g3-original","bebsu-b7638190060e8dba","math","kma.g3.addition","2.8","0","","G3","numeric","machine_checked","needs_expert_review"
"bebsu-g3-original","bebsu-63edc423ec8cae1d","math","kma.g3.addition","2.825","0","","G3","numeric","machine_checked","needs_expert_review"
"bebsu-g3-original","bebsu-8bf9ad1ddcb08921","math","kma.g3.addition","2.85","0","","G3","numeric","machine_checked","needs_expert_review"
"bebsu-g3-original","bebsu-236ea5f082509883","math","kma.g3.addition","2.425","0","","G3","numeric","machine_checked","needs_expert_review"
"bebsu-g3-original","bebsu-e8edbde82321c2ed","math","kma.g3.addition","2.875","0","","G3","numeric","machine_checked","needs_expert_review"
"bebsu-g3-original","bebsu-26fcd3583be6723d","math","kma.g3.addition","2.9","0","","G3","numeric","machine_checked","needs_expert_review"
"bebsu-g3-original","bebsu-c605a4e7b7607aea","math","kma.g3.addition","2.925","0","","G3","numeric","machine_checked","needs_expert_review"
"bebsu-g3-original","bebsu-cb0dd9a4e7fc15ba","math","kma.g3.addition","2.95","0","","G3","numeric","machine_checked","needs_expert_review"
"bebsu-g3-original","bebsu-dc8e4e63f5d6de30","math","kma.g3.addition","2.975","0","","G3","numeric","machine_checked","needs_expert_review"
"bebsu-g3-original","bebsu-466907d506ce2cd7","math","kma.g3.addition","3","0","","G3","numeric","machine_checked","needs_expert_review"
"bebsu-g3-original","bebsu-189ee9eb7dd2eb5f","math","kma.g3.addition","2.45","0","","G3","numeric","machine_checked","needs_expert_review"
"bebsu-g3-original","bebsu-ad8444dd5c76adc1","math","kma.g3.addition","2.475","0","","G3","numeric","machine_checked","needs_expert_review"
"bebsu-g3-original","bebsu-a6c10c2c1cb151ef","math","kma.g3.addition","2.5","0","","G3","numeric","machine_checked","needs_expert_review"
"bebsu-g3-original","bebsu-a75da9cefdb83bc9","math","kma.g3.addition","2.525","0","","G3","numeric","machine_checked","needs_expert_review"
"bebsu-g3-original","bebsu-fbab35e83352edec","math","kma.g3.addition","2.55","0","","G3","numeric","machine_checked","needs_expert_review"
"bebsu-g3-original","bebsu-b2291358711e78bf","math","kma.g3.addition","2.575","0","","G3","numeric","machine_checked","needs_expert_review"
"bebsu-g3-original","bebsu-d34d976b7db77003","math","kma.g3.addition","2.6","0","","G3","numeric","machine_checked","needs_expert_review"
"bebsu-g3-original","bebsu-cb95f7cd7f8a2a4f","math","kma.g3.addition","2.4","0","","G3","numeric","machine_checked","needs_expert_review"
"bebsu-g3-original","bebsu-f871d332900cdeaf","math","kma.g3.addition","2.625","0","","G3","numeric","machine_checked","needs_expert_review"
"bebsu-g3-original","bebsu-34daafd361d0ca78","math","kma.g3.subtraction","2.65","0","","G3","numeric","machine_checked","needs_expert_review"
"bebsu-g3-original","bebsu-bd861f145431ca0e","math","kma.g3.subtraction","2.675","0","","G3","numeric","machine_checked","needs_expert_review"
"bebsu-g3-original","bebsu-f7d255880b9120a2","math","kma.g3.addition","2.7","0","","G3","numeric","machine_checked","needs_expert_review"
"bebsu-g3-original","bebsu-4bdbddd9509af890","math","kma.g3.addition","2.725","0","","G3","numeric","machine_checked","needs_expert_review"
"bebsu-g3-original","bebsu-9134341259d40a2e","math","kma.g3.addition","2.75","0","","G3","numeric","machine_checked","needs_expert_review"
"bebsu-g3-original","bebsu-603eb48afc06b806","math","kma.g3.addition","2.775","0","","G3","numeric","machine_checked","needs_expert_review"
"bebsu-g3-original","bebsu-50a454b8b403da3b","math","kma.g3.addition","2.8","0","","G3","numeric","machine_checked","needs_expert_review"
"bebsu-g3-original","bebsu-1f0b92db47e48b0b","math","kma.g3.addition","2.825","0","","G3","numeric","machine_checked","needs_expert_review"
"bebsu-g3-original","bebsu-512117731eabbcde","math","kma.g3.addition","2.85","0","","G3","numeric","machine_checked","needs_expert_review"
"bebsu-g3-original","bebsu-d9815380956cdd14","math","kma.g3.addition","2.425","0","","G3","numeric","machine_checked","needs_expert_review"
"bebsu-g3-original","bebsu-5681c7d29cd969c0","math","kma.g3.addition","2.875","0","","G3","numeric","machine_checked","needs_expert_review"
"bebsu-g3-original","bebsu-a031e7640e22f57f","math","kma.g3.addition","2.9","0","","G3","numeric","machine_checked","needs_expert_review"
"bebsu-g3-original","bebsu-5d1d5f58e829c93b","math","kma.g3.addition","2.925","0","","G3","numeric","machine_checked","needs_expert_review"
"bebsu-g3-original","bebsu-f6bc6260f9fb1f2a","math","kma.g3.addition","2.95","0","","G3","numeric","machine_checked","needs_expert_review"
"bebsu-g3-original","bebsu-1eb776e8592bebe4","math","kma.g3.addition","2.975","0","","G3","numeric","machine_checked","needs_expert_review"
"bebsu-g3-original","bebsu-b37d5b073043d673","math","kma.g3.addition","3","0","","G3","numeric","machine_checked","needs_expert_review"
"bebsu-g3-original","bebsu-0d313f055e680cce","math","kma.g3.addition","3","0","","G3","numeric","machine_checked","needs_expert_review"
"bebsu-g3-original","bebsu-a9b693ced6d53605","math","kma.g3.addition","3","0","","G3","numeric","machine_checked","needs_expert_review"
"bebsu-g3-original","bebsu-988bb286b653d279","math","kma.g3.addition","3","0","","G3","numeric","machine_checked","needs_expert_review"
"bebsu-g3-original","bebsu-c4ed284b5c820dfe","math","kma.g3.addition","3","0","","G3","numeric","machine_checked","needs_expert_review"
"bebsu-g3-original","bebsu-f7f285d786b6ce99","math","kma.g3.addition","2.45","0","","G3","numeric","machine_checked","needs_expert_review"
"bebsu-g3-original","bebsu-0fb1bbe20a2283b7","math","kma.g3.addition","3","0","","G3","numeric","machine_checked","needs_expert_review"
"bebsu-g3-original","bebsu-39954d3dc743e84e","math","kma.g3.addition","2.475","0","","G3","numeric","machine_checked","needs_expert_review"
"bebsu-g3-original","bebsu-069e09bf285ca5c5","math","kma.g3.unclassified","2.5","0","","G3","numeric","machine_checked","needs_expert_review"
"bebsu-g3-original","bebsu-991b8876a38399dc","math","kma.g3.addition","2.525","0","","G3","numeric","machine_checked","needs_expert_review"
"bebsu-g3-original","bebsu-4ba6a66e55889659","math","kma.g3.pattern_logic","2.55","0","","G3","numeric","machine_checked","needs_expert_review"
"bebsu-g3-original","bebsu-82cd1765d5029b5d","math","kma.g3.addition","2.575","0","","G3","numeric","machine_checked","needs_expert_review"
"bebsu-g3-original","bebsu-8d9bd1a9bec55b71","math","kma.g3.addition","2.6","0","","G3","numeric","machine_checked","needs_expert_review"
"bebsu-g3-original","bebsu-adb2f21d67352b7b","math","kma.g3.addition","2.4","0","","G3","numeric","machine_checked","needs_expert_review"
"bebsu-g3-original","bebsu-62334b132d7b39ef","math","kma.g3.addition","2.625","0","","G3","numeric","machine_checked","needs_expert_review"
"bebsu-g3-original","bebsu-841b060dee88d186","math","kma.g3.subtraction","2.65","0","","G3","numeric","machine_checked","needs_expert_review"
"bebsu-g3-original","bebsu-59c3ddaf6ba2ae7b","math","kma.g3.addition","2.675","0","","G3","numeric","machine_checked","needs_expert_review"
"bebsu-g3-original","bebsu-ccdb3f9e817c7835","math","kma.g3.addition","2.7","0","","G3","numeric","machine_checked","needs_expert_review"
"bebsu-g3-original","bebsu-a484cc8b88e913b9","math","kma.g3.counting","2.725","0","","G3","numeric","machine_checked","needs_expert_review"
"bebsu-g3-original","bebsu-bbe4a88c227041af","math","kma.g3.addition","2.75","0","","G3","numeric","machine_checked","needs_expert_review"
"bebsu-g3-original","bebsu-e4d3be38442b9860","math","kma.g3.addition","2.775","0","","G3","numeric","machine_checked","needs_expert_review"
"bebsu-g3-original","bebsu-e9838fa695b2f6ad","math","kma.g3.subtraction","2.8","0","","G3","numeric","machine_checked","needs_expert_review"
"bebsu-g3-original","bebsu-b2b04ae7bcb7e46f","math","kma.g3.addition","2.825","0","","G3","numeric","machine_checked","needs_expert_review"
"bebsu-g3-original","bebsu-236409365786a93b","math","kma.g3.addition","2.85","0","","G3","numeric","machine_checked","needs_expert_review"
"bebsu-g3-original","bebsu-f266714a7d681c59","math","kma.g3.addition","2.425","0","","G3","numeric","machine_checked","needs_expert_review"
"bebsu-g3-original","bebsu-0bfaa5a0d501efa3","math","kma.g3.addition","2.875","0","","G3","numeric","machine_checked","needs_expert_review"
"bebsu-g3-original","bebsu-beffc3027c272867","math","kma.g3.addition","2.9","0","","G3","numeric","machine_checked","needs_expert_review"
"bebsu-g3-original","bebsu-160abba76c37edf0","math","kma.g3.addition","2.925","0","","G3","numeric","machine_checked","needs_expert_review"
"bebsu-g3-original","bebsu-730ceaa43464f997","math","kma.g3.addition","2.95","0","","G3","numeric","machine_checked","needs_expert_review"
"bebsu-g3-original","bebsu-7e8e91d3ee673ba4","math","kma.g3.addition","2.975","0","","G3","numeric","machine_checked","needs_expert_review"
"bebsu-g3-original","bebsu-0a3c487fc8ae449d","math","kma.g3.addition","3","0","","G3","numeric","machine_checked","needs_expert_review"
"bebsu-g3-original","bebsu-532e30d9be61db6b","math","kma.g3.addition","3","0","","G3","numeric","machine_checked","needs_expert_review"
"bebsu-g3-original","bebsu-110dfa90e4a548d7","math","kma.g3.subtraction","3","0","","G3","numeric","machine_checked","needs_expert_review"
"bebsu-g3-original","bebsu-fee0b933acc5f0e5","math","kma.g3.addition","3","0","","G3","numeric","machine_checked","needs_expert_review"
"bebsu-g3-original","bebsu-4a3b9f24c69afd21","math","kma.g3.addition","3","0","","G3","numeric","machine_checked","needs_expert_review"
"bebsu-g3-original","bebsu-a0beaacf81ff1cb3","math","kma.g3.addition","2.45","0","","G3","numeric","machine_checked","needs_expert_review"
"bebsu-g3-original","bebsu-e6b4a5c8ff72f098","math","kma.g3.addition","3","0","","G3","numeric","machine_checked","needs_expert_review"
"bebsu-g3-original","bebsu-5e9dcdf6a28aa7f3","math","kma.g3.subtraction","2.475","0","","G3","numeric","machine_checked","needs_expert_review"
"bebsu-g3-original","bebsu-e7f48a5599a46294","math","kma.g3.addition","2.5","0","","G3","numeric","machine_checked","needs_expert_review"
"bebsu-g3-original","bebsu-6043f019c37bdd70","math","kma.g3.subtraction","2.525","0.2","","G3","choice","machine_checked","needs_expert_review"
"bebsu-g3-original","bebsu-afc942ddf9bc96fb","math","kma.g3.addition","2.55","0","","G3","numeric","machine_checked","needs_expert_review"
"bebsu-g3-original","bebsu-2ebd91f1824c80ea","math","kma.g3.addition","2.575","0","","G3","numeric","machine_checked","needs_expert_review"
"bebsu-g3-original","bebsu-2ba7a4fa3b1788b6","math","kma.g3.addition","2.6","0","","G3","numeric","machine_checked","needs_expert_review"
"bebsu-g3-original","bebsu-386645aca1dcec47","math","kma.g3.addition","2.4","0","","G3","numeric","machine_checked","needs_expert_review"
"bebsu-g3-original","bebsu-2d7ac511dce81039","math","kma.g3.counting","2.625","0","","G3","numeric","machine_checked","needs_expert_review"
"bebsu-g3-original","bebsu-4319803b20b1ae05","math","kma.g3.addition","2.65","0","","G3","numeric","machine_checked","needs_expert_review"
"bebsu-g3-original","bebsu-0dcaea1904aec636","math","kma.g3.subtraction","2.675","0","","G3","numeric","machine_checked","needs_expert_review"
"bebsu-g3-original","bebsu-fe62d5f1a5b466a5","math","kma.g3.addition","2.7","0","","G3","numeric","machine_checked","needs_expert_review"
"bebsu-g3-original","bebsu-504e421435d799d1","math","kma.g3.addition","2.725","0","","G3","numeric","machine_checked","needs_expert_review"
"bebsu-g3-original","bebsu-715ab6738ab3b245","math","kma.g3.addition","2.75","0","","G3","numeric","machine_checked","needs_expert_review"
"bebsu-g3-original","bebsu-0464db2fa8ced136","math","kma.g3.addition","2.775","0","","G3","numeric","machine_checked","needs_expert_review"
"bebsu-g3-original","bebsu-6e97222d061849e7","math","kma.g3.addition","2.8","0","","G3","numeric","machine_checked","needs_expert_review"
"bebsu-g3-original","bebsu-0c675220236aa07e","math","kma.g3.addition","2.825","0","","G3","numeric","machine_checked","needs_expert_review"
"bebsu-g3-original","bebsu-62d352d71af21259","math","kma.g3.addition","2.85","0","","G3","numeric","machine_checked","needs_expert_review"
"bebsu-g3-original","bebsu-d61489866b249948","math","kma.g3.subtraction","2.425","0","","G3","numeric","machine_checked","needs_expert_review"
"bebsu-g3-original","bebsu-daa97b2371cc97cc","math","kma.g3.addition","2.875","0","","G3","numeric","machine_checked","needs_expert_review"
"bebsu-g3-original","bebsu-9a12ae9546b4b1fd","math","kma.g3.addition","2.9","0","","G3","numeric","machine_checked","needs_expert_review"
"bebsu-g3-original","bebsu-fe2dac30d4cc80af","math","kma.g3.addition","2.925","0","","G3","numeric","machine_checked","needs_expert_review"
"bebsu-g3-original","bebsu-fff8ace6e05a38e4","math","kma.g3.addition","2.95","0","","G3","numeric","machine_checked","needs_expert_review"
"bebsu-g3-original","bebsu-d6ff0aa323d51f44","math","kma.g3.geometry","2.975","0","","G3","numeric","machine_checked","needs_expert_review"
"bebsu-g3-original","bebsu-1b5c97637c03a2f5","math","kma.g3.subtraction","3","0","","G3","numeric","machine_checked","needs_expert_review"
"bebsu-g3-original","bebsu-2632f751204a9c55","math","kma.g3.subtraction","3","0","","G3","numeric","machine_checked","needs_expert_review"
"bebsu-g3-original","bebsu-66c0d7b66c781a69","math","kma.g3.addition","3","0","","G3","numeric","machine_checked","needs_expert_review"
"bebsu-g3-original","bebsu-e8d3ab89c38ad367","math","kma.g3.addition","3","0","","G3","numeric","machine_checked","needs_expert_review"
"bebsu-g3-original","bebsu-4e0b7e751bd98c4c","math","kma.g3.counting","3","0","","G3","numeric","machine_checked","needs_expert_review"
"bebsu-g3-original","bebsu-689aae110da9e394","math","kma.g3.addition","2.45","0","","G3","numeric","machine_checked","needs_expert_review"
"bebsu-g3-original","bebsu-6610dfcd8c2c0b4f","math","kma.g3.addition","3","0","","G3","numeric","machine_checked","needs_expert_review"
"bebsu-g3-original","bebsu-78fb30473c51f4b3","math","kma.g3.unclassified","2.475","0.2","","G3","choice","machine_checked","needs_expert_review"
"bebsu-g3-original","bebsu-0c49681c328ea2e6","math","kma.g3.place_value","2.5","0","","G3","numeric","machine_checked","needs_expert_review"
"bebsu-g3-original","bebsu-262c474e9793c1b8","math","kma.g3.addition","2.525","0","","G3","numeric","machine_checked","needs_expert_review"
"bebsu-g3-original","bebsu-0495d29196366072","math","kma.g3.addition","2.55","0","","G3","numeric","machine_checked","needs_expert_review"
"bebsu-g3-original","bebsu-804bdc699bad8d90","math","kma.g3.subtraction","2.575","0","","G3","numeric","machine_checked","needs_expert_review"
"bebsu-g3-original","bebsu-6271f35c2316e9c0","math","kma.g3.place_value","2.6","0","","G3","numeric","machine_checked","needs_expert_review"
"bebsu-g3-original","bebsu-b480cdbabecc8139","math","kma.g3.addition","2.4","0","","G3","numeric","machine_checked","needs_expert_review"
"bebsu-g3-original","bebsu-994bfb71a8630dc2","math","kma.g3.addition","2.625","0","","G3","numeric","machine_checked","needs_expert_review"
"bebsu-g3-original","bebsu-fe8d645942eb708f","math","kma.g3.addition","2.65","0","","G3","numeric","machine_checked","needs_expert_review"
"bebsu-g3-original","bebsu-c13c2908b156d450","math","kma.g3.subtraction","2.675","0","","G3","numeric","machine_checked","needs_expert_review"
"bebsu-g3-original","bebsu-e91a1c3735e02b0d","math","kma.g3.subtraction","2.7","0","","G3","numeric","machine_checked","needs_expert_review"
"bebsu-g3-original","bebsu-c2bf57159aeb54f3","math","kma.g3.addition","2.725","0","","G3","numeric","machine_checked","needs_expert_review"
"bebsu-g3-original","bebsu-a9b1d6e6f9beae37","math","kma.g3.addition","2.75","0","","G3","numeric","machine_checked","needs_expert_review"
"bebsu-g3-original","bebsu-e1eed3730800fee0","math","kma.g3.addition","2.775","0","","G3","numeric","machine_checked","needs_expert_review"
"bebsu-g3-original","bebsu-cffbfdc9446f6f3c","math","kma.g3.addition","2.8","0","","G3","numeric","machine_checked","needs_expert_review"
"bebsu-g3-original","bebsu-cfaf6d73fa58d43b","math","kma.g3.subtraction","2.825","0","","G3","numeric","machine_checked","needs_expert_review"
"bebsu-g3-original","bebsu-2709fa97ddddc0ce","math","kma.g3.addition","2.85","0","","G3","numeric","machine_checked","needs_expert_review"
"bebsu-g3-original","bebsu-c642fe6c9c52aba2","math","kma.g3.pattern_logic","2.425","0","","G3","numeric","machine_checked","needs_expert_review"
"bebsu-g3-original","bebsu-6acbd76d39b3fa84","math","kma.g3.addition","2.875","0","","G3","numeric","machine_checked","needs_expert_review"
"bebsu-g3-original","bebsu-a4036f3cb8b7a48b","math","kma.g3.addition","2.9","0","","G3","numeric","machine_checked","needs_expert_review"
"bebsu-g3-original","bebsu-9517eff3560e0d58","math","kma.g3.addition","2.925","0","","G3","numeric","machine_checked","needs_expert_review"
"bebsu-g3-original","bebsu-638e356d7d789b8e","math","kma.g3.addition","2.95","0","","G3","numeric","machine_checked","needs_expert_review"
"bebsu-g3-original","bebsu-c99f0c60683c08d4","math","kma.g3.addition","2.975","0","","G3","numeric","machine_checked","needs_expert_review"
"bebsu-g3-original","bebsu-15e50856296acd5b","math","kma.g3.addition","3","0","","G3","numeric","machine_checked","needs_expert_review"
"bebsu-g3-original","bebsu-be410e530b84924d","math","kma.g3.addition","3","0","","G3","numeric","machine_checked","needs_expert_review"
"bebsu-g3-original","bebsu-2884121377b8302e","math","kma.g3.unclassified","3","0","","G3","numeric","machine_checked","needs_expert_review"
"bebsu-g3-original","bebsu-3269c6c777964035","math","kma.g3.addition","3","0","","G3","numeric","machine_checked","needs_expert_review"
"bebsu-g3-original","bebsu-efb2e3d181269723","math","kma.g3.addition","3","0","","G3","numeric","machine_checked","needs_expert_review"
"bebsu-g3-original","bebsu-3bd6ba1de97a03d9","math","kma.g3.pattern_logic","2.45","0","","G3","numeric","machine_checked","needs_expert_review"
"bebsu-g3-original","bebsu-bcd387950e0c3e4d","math","kma.g3.addition","3","0","","G3","numeric","machine_checked","needs_expert_review"
"bebsu-g3-original","bebsu-acbd531f94fc2231","math","kma.g3.addition","2.475","0","","G3","numeric","machine_checked","needs_expert_review"
"bebsu-g3-original","bebsu-c42ca23424e853ee","math","kma.g3.subtraction","2.5","0","","G3","numeric","machine_checked","needs_expert_review"
"bebsu-g3-original","bebsu-eeb8c8d09f805b2e","math","kma.g3.addition","2.525","0","","G3","numeric","machine_checked","needs_expert_review"
"bebsu-g3-original","bebsu-5979f7d0673a4129","math","kma.g3.addition","2.55","0","","G3","numeric","machine_checked","needs_expert_review"
"bebsu-g3-original","bebsu-1a4e3d6d6be15b56","math","kma.g3.addition","2.575","0","","G3","numeric","machine_checked","needs_expert_review"
"bebsu-g3-original","bebsu-3849f6a8ab24ef75","math","kma.g3.geometry","2.6","0","","G3","numeric","machine_checked","needs_expert_review"
"bebsu-g3-original","bebsu-0342e7939c8603b0","math","kma.g3.addition","2.4","0","","G3","numeric","machine_checked","needs_expert_review"
"bebsu-g3-original","bebsu-f00e759dde90acd4","math","kma.g3.addition","2.625","0","","G3","numeric","machine_checked","needs_expert_review"
"bebsu-g3-original","bebsu-b885ff04f35ec6aa","math","kma.g3.addition","2.65","0","","G3","numeric","machine_checked","needs_expert_review"
"bebsu-g3-original","bebsu-97a851c6c4a0a252","math","kma.g3.addition","2.675","0","","G3","numeric","machine_checked","needs_expert_review"
"bebsu-g3-original","bebsu-e806ccda65cde177","math","kma.g3.subtraction","2.7","0","","G3","numeric","machine_checked","needs_expert_review"
"bebsu-g3-original","bebsu-751a3e916b7b06a7","math","kma.g3.addition","2.725","0","","G3","numeric","machine_checked","needs_expert_review"
"bebsu-g3-original","bebsu-235d93369c1dffed","math","kma.g3.addition","2.75","0","","G3","numeric","machine_checked","needs_expert_review"
"bebsu-g3-original","bebsu-724becd69b502bb3","math","kma.g3.addition","2.775","0","","G3","numeric","machine_checked","needs_expert_review"
"bebsu-g3-original","bebsu-30746763b3e2379d","math","kma.g3.addition","2.8","0","","G3","numeric","machine_checked","needs_expert_review"
"bebsu-g3-original","bebsu-be5214e0412aebbd","math","kma.g3.addition","2.825","0","","G3","numeric","machine_checked","needs_expert_review"
"bebsu-g3-original","bebsu-ad5baf23d7f1eccb","math","kma.g3.addition","2.85","0","","G3","numeric","machine_checked","needs_expert_review"
"bebsu-g3-original","bebsu-d97b5f6a6add7988","math","kma.g3.addition","2.425","0","","G3","numeric","machine_checked","needs_expert_review"
"bebsu-g3-original","bebsu-4f401de28a978877","math","kma.g3.addition","2.875","0","","G3","numeric","machine_checked","needs_expert_review"
"bebsu-g3-original","bebsu-8a161732f179d0f5","math","kma.g3.addition","2.9","0","","G3","numeric","machine_checked","needs_expert_review"
"bebsu-g3-original","bebsu-ee909978c9f8b778","math","kma.g3.addition","2.925","0","","G3","numeric","machine_checked","needs_expert_review"
"bebsu-g3-original","bebsu-52af58babca02349","math","kma.g3.addition","2.95","0","","G3","numeric","machine_checked","needs_expert_review"
"bebsu-g3-original","bebsu-ea901d63f6a54415","math","kma.g3.addition","2.975","0","","G3","numeric","machine_checked","needs_expert_review"
"bebsu-g3-original","bebsu-a613f00bc8daa4d4","math","kma.g3.addition","3","0","","G3","numeric","machine_checked","needs_expert_review"
"bebsu-g3-original","bebsu-f6d88b2e4bc80d4d","math","kma.g3.addition","2.45","0","","G3","numeric","machine_checked","needs_expert_review"
"bebsu-g3-original","bebsu-93453ac674b3933f","math","kma.g3.addition","2.475","0","","G3","numeric","machine_checked","needs_expert_review"
"bebsu-g3-original","bebsu-7d53fcd218081b37","math","kma.g3.addition","2.5","0","","G3","numeric","machine_checked","needs_expert_review"
"bebsu-g3-original","bebsu-fb448680cce9b621","math","kma.g3.addition","2.525","0","","G3","numeric","machine_checked","needs_expert_review"
"bebsu-g3-original","bebsu-2252a5390d085595","math","kma.g3.addition","2.55","0","","G3","numeric","machine_checked","needs_expert_review"
"bebsu-g3-original","bebsu-a48a878d8b90e78b","math","kma.g3.addition","2.575","0","","G3","numeric","machine_checked","needs_expert_review"
"bebsu-g3-original","bebsu-4233e863fce8e9c8","math","kma.g3.addition","2.6","0","","G3","numeric","machine_checked","needs_expert_review"
"bebsu-g3-original","bebsu-cfb0c8158650da4f","math","kma.g3.addition","2.4","0","","G3","numeric","machine_checked","needs_expert_review"
"bebsu-g3-original","bebsu-5183948ecfd59cd0","math","kma.g3.addition","2.625","0","","G3","numeric","machine_checked","needs_expert_review"
"bebsu-g3-original","bebsu-f609d8ac4c85fc20","math","kma.g3.addition","2.65","0","","G3","numeric","machine_checked","needs_expert_review"
"bebsu-g3-original","bebsu-466ee8839ac44162","math","kma.g3.addition","2.675","0","","G3","numeric","machine_checked","needs_expert_review"
"bebsu-g3-original","bebsu-85ee5beaeb783e41","math","kma.g3.addition","2.7","0","","G3","numeric","machine_checked","needs_expert_review"
"bebsu-g3-original","bebsu-4f484668f04bd9e6","math","kma.g3.addition","2.725","0","","G3","numeric","machine_checked","needs_expert_review"
"bebsu-g3-original","bebsu-ea56249d62145deb","math","kma.g3.addition","2.75","0","","G3","numeric","machine_checked","needs_expert_review"
"bebsu-g3-original","bebsu-f8839b1a96afa737","math","kma.g3.addition","2.775","0","","G3","numeric","machine_checked","needs_expert_review"
"bebsu-g3-original","bebsu-12380fcc48c563a6","math","kma.g3.addition","2.8","0","","G3","numeric","machine_checked","needs_expert_review"
"bebsu-g3-original","bebsu-f60ecaa7b76b1a54","math","kma.g3.addition","2.825","0","","G3","numeric","machine_checked","needs_expert_review"
"bebsu-g3-original","bebsu-ebb6c3694a688aa6","math","kma.g3.addition","2.85","0","","G3","numeric","machine_checked","needs_expert_review"
"bebsu-g3-original","bebsu-fa6cd8196634b5f4","math","kma.g3.addition","2.425","0","","G3","numeric","machine_checked","needs_expert_review"
"bebsu-g3-original","bebsu-6e07932d018b9bc0","math","kma.g3.addition","2.875","0","","G3","numeric","machine_checked","needs_expert_review"
"bebsu-g3-original","bebsu-85e559a43e9052d6","math","kma.g3.addition","2.9","0","","G3","numeric","machine_checked","needs_expert_review"
"bebsu-g3-original","bebsu-b00cd56c2b2a22fe","math","kma.g3.addition","2.925","0","","G3","numeric","machine_checked","needs_expert_review"
"bebsu-g3-original","bebsu-387e0d7365f873d9","math","kma.g3.addition","2.95","0","","G3","numeric","machine_checked","needs_expert_review"
"bebsu-g3-original","bebsu-d8d0ce642c14e75b","math","kma.g3.addition","2.975","0","","G3","numeric","machine_checked","needs_expert_review"
"bebsu-g3-original","bebsu-5460adcdb5cb0d40","math","kma.g3.addition","3","0","","G3","numeric","machine_checked","needs_expert_review"
"bebsu-g3-original","bebsu-571b93ca93651712","math","kma.g3.subtraction","3","0","","G3","numeric","machine_checked","needs_expert_review"
"bebsu-g3-original","bebsu-ece50539263b3c44","math","kma.g3.addition","3","0","","G3","numeric","machine_checked","needs_expert_review"
"bebsu-g3-original","bebsu-500b06d3ca04d25b","math","kma.g3.addition","3","0","","G3","numeric","machine_checked","needs_expert_review"
"bebsu-g3-original","bebsu-62e6f737f2e397ab","math","kma.g3.addition","3","0","","G3","numeric","machine_checked","needs_expert_review"
"bebsu-g3-original","bebsu-2eab6fb81dcaf79a","math","kma.g3.addition","2.45","0","","G3","numeric","machine_checked","needs_expert_review"
"bebsu-g3-original","bebsu-eb5c830fcf5fd648","math","kma.g3.addition","3","0","","G3","numeric","machine_checked","needs_expert_review"
"bebsu-g3-original","bebsu-402ae871280aba28","math","kma.g3.addition","2.475","0","","G3","numeric","machine_checked","needs_expert_review"
"bebsu-g3-original","bebsu-9f07b62adfa02b5c","math","kma.g3.addition","2.5","0.2","","G3","choice","machine_checked","needs_expert_review"
"bebsu-g3-original","bebsu-6a04c18a99d2513d","math","kma.g3.addition","2.525","0","","G3","numeric","machine_checked","needs_expert_review"
"bebsu-g3-original","bebsu-b585265f58a5ab76","math","kma.g3.addition","2.55","0.2","","G3","choice","machine_checked","needs_expert_review"
"bebsu-g3-original","bebsu-e0b89dc57e1da08e","math","kma.g3.addition","2.575","0","","G3","numeric","machine_checked","needs_expert_review"
"bebsu-g3-original","bebsu-aa9d819bc26d3cba","math","kma.g3.addition","2.6","0","","G3","numeric","machine_checked","needs_expert_review"
"bebsu-g3-original","bebsu-bbfd0df304cf28ea","math","kma.g3.addition","2.4","0","","G3","numeric","machine_checked","needs_expert_review"
"bebsu-g3-original","bebsu-36b131cc794241a0","math","kma.g3.addition","2.625","0","","G3","numeric","machine_checked","needs_expert_review"
"bebsu-g3-original","bebsu-22d349f80034af7a","math","kma.g3.subtraction","2.65","0","","G3","numeric","machine_checked","needs_expert_review"
"bebsu-g3-original","bebsu-ced301d269c382c4","math","kma.g3.addition","2.675","0","","G3","numeric","machine_checked","needs_expert_review"
"bebsu-g3-original","bebsu-c1d4150ee8169e43","math","kma.g3.addition","2.7","0","","G3","numeric","machine_checked","needs_expert_review"
"bebsu-g3-original","bebsu-747733559da98704","math","kma.g3.addition","2.725","0","","G3","numeric","machine_checked","needs_expert_review"
"bebsu-g3-original","bebsu-bd6c1f2603e9b624","math","kma.g3.addition","2.75","0","","G3","numeric","machine_checked","needs_expert_review"
"bebsu-g3-original","bebsu-5333dca7ece55a32","math","kma.g3.addition","2.775","0","","G3","numeric","machine_checked","needs_expert_review"
"bebsu-g3-original","bebsu-d86d0141160adadf","math","kma.g3.addition","2.8","0","","G3","numeric","machine_checked","needs_expert_review"
"bebsu-g3-original","bebsu-55d1d1487ad6c747","math","kma.g3.addition","2.825","0","","G3","numeric","machine_checked","needs_expert_review"
"bebsu-g3-original","bebsu-00f6c78aec6d0fd9","math","kma.g3.addition","2.85","0","","G3","numeric","machine_checked","needs_expert_review"
"bebsu-g3-original","bebsu-c2c6aa688f9ea460","math","kma.g3.place_value","2.425","0","","G3","numeric","machine_checked","needs_expert_review"
"bebsu-g3-original","bebsu-c8ffadd1236c5b19","math","kma.g3.addition","2.875","0","","G3","numeric","machine_checked","needs_expert_review"
"bebsu-g3-original","bebsu-ee251ab01e34b3df","math","kma.g3.place_value","2.9","0","","G3","numeric","machine_checked","needs_expert_review"
"bebsu-g3-original","bebsu-12ce1bf4bc3d5fa8","math","kma.g3.addition","2.925","0","","G3","numeric","machine_checked","needs_expert_review"
"bebsu-g3-original","bebsu-25ed40a0b4bfe283","math","kma.g3.addition","2.95","0","","G3","numeric","machine_checked","needs_expert_review"
"bebsu-g3-original","bebsu-633e96d28fdbf902","math","kma.g3.addition","2.975","0","","G3","numeric","machine_checked","needs_expert_review"
"bebsu-g3-original","bebsu-bbf877be3c0579c1","math","kma.g3.addition","3","0","","G3","numeric","machine_checked","needs_expert_review"
"bebsu-g3-original","bebsu-303e99fe6767ee8c","math","kma.g3.addition","3","0","","G3","numeric","machine_checked","needs_expert_review"
"bebsu-g3-original","bebsu-ae4a14ebea9c12be","math","kma.g3.addition","3","0","","G3","numeric","machine_checked","needs_expert_review"
"bebsu-g3-original","bebsu-7e9b7605d8323e22","math","kma.g3.addition","3","0","","G3","numeric","machine_checked","needs_expert_review"
"bebsu-g3-original","bebsu-7c0f5b729f89d8e0","math","kma.g3.addition","3","0","","G3","numeric","machine_checked","needs_expert_review"
"bebsu-g3-original","bebsu-37ed158219179ce1","math","kma.g3.addition","2.45","0","","G3","numeric","machine_checked","needs_expert_review"
"bebsu-g3-original","bebsu-0cc446ce4b332d60","math","kma.g3.addition","3","0","","G3","numeric","machine_checked","needs_expert_review"
"bebsu-g3-original","bebsu-dc0dd41ccd3f4238","math","kma.g3.addition","2.475","0","","G3","numeric","machine_checked","needs_expert_review"
"bebsu-g3-original","bebsu-777bae3b5b187951","math","kma.g3.unclassified","2.5","0","","G3","numeric","machine_checked","needs_expert_review"
"bebsu-g3-original","bebsu-f28987d6630f5c14","math","kma.g3.addition","2.525","0","","G3","numeric","machine_checked","needs_expert_review"
"bebsu-g3-original","bebsu-9108eac643ed9edc","math","kma.g3.comparison","2.55","0","","G3","numeric","machine_checked","needs_expert_review"
"bebsu-g3-original","bebsu-9937abdca260486e","math","kma.g3.addition","2.575","0","","G3","numeric","machine_checked","needs_expert_review"
"bebsu-g3-original","bebsu-1fc65f8aeb7f8937","math","kma.g3.addition","2.6","0","","G3","numeric","machine_checked","needs_expert_review"
"bebsu-g3-original","bebsu-7137224852175b32","math","kma.g3.addition","2.4","0","","G3","numeric","machine_checked","needs_expert_review"
"bebsu-g3-original","bebsu-b3e14aa7415199bf","math","kma.g3.addition","2.625","0","","G3","numeric","machine_checked","needs_expert_review"
"bebsu-g3-original","bebsu-7b9c23e4c5256634","math","kma.g3.addition","2.65","0","","G3","numeric","machine_checked","needs_expert_review"
"bebsu-g3-original","bebsu-90cd5c165140fc39","math","kma.g3.addition","2.675","0","","G3","numeric","machine_checked","needs_expert_review"
"bebsu-g3-original","bebsu-9de0f6520abaeb3a","math","kma.g3.addition","2.7","0","","G3","numeric","machine_checked","needs_expert_review"
"bebsu-g3-original","bebsu-f6d47f2c9085050c","math","kma.g3.geometry","2.725","0","","G3","numeric","machine_checked","needs_expert_review"
"bebsu-g3-original","bebsu-360b4fa992241377","math","kma.g3.addition","2.75","0","","G3","numeric","machine_checked","needs_expert_review"
"bebsu-g3-original","bebsu-2b0132a5897ca475","math","kma.g3.addition","2.775","0","","G3","numeric","machine_checked","needs_expert_review"
"bebsu-g3-original","bebsu-b0ef599bfa5632e7","math","kma.g3.addition","2.8","0","","G3","numeric","machine_checked","needs_expert_review"
"bebsu-g3-original","bebsu-bcd4cf19271cf906","math","kma.g3.addition","2.825","0","","G3","numeric","machine_checked","needs_expert_review"
"bebsu-g3-original","bebsu-d389081fbfe0fe49","math","kma.g3.addition","2.85","0","","G3","numeric","machine_checked","needs_expert_review"
"bebsu-g3-original","bebsu-b2e7a5ba79d424b0","math","kma.g3.addition","2.425","0","","G3","numeric","machine_checked","needs_expert_review"
"bebsu-g3-original","bebsu-45058ef660c0072e","math","kma.g3.addition","2.875","0","","G3","numeric","machine_checked","needs_expert_review"
"bebsu-g3-original","bebsu-5eba12323a0b54aa","math","kma.g3.addition","2.9","0","","G3","numeric","machine_checked","needs_expert_review"
"bebsu-g3-original","bebsu-4c4ced9453b2aa97","math","kma.g3.addition","2.925","0","","G3","numeric","machine_checked","needs_expert_review"
"bebsu-g3-original","bebsu-083344a85b501a04","math","kma.g3.addition","2.95","0","","G3","numeric","machine_checked","needs_expert_review"
"bebsu-g3-original","bebsu-3ea04748648ad4df","math","kma.g3.counting","2.975","0","","G3","numeric","machine_checked","needs_expert_review"
"bebsu-g3-original","bebsu-ef331a89c6b8c660","math","kma.g3.addition","3","0","","G3","numeric","machine_checked","needs_expert_review"
"bebsu-g3-original","bebsu-da0a6652f2b1fe98","math","kma.g3.addition","2.45","0","","G3","numeric","machine_checked","needs_expert_review"
"bebsu-g3-original","bebsu-f02e1743a6960662","math","kma.g3.addition","2.475","0","","G3","numeric","machine_checked","needs_expert_review"
"bebsu-g3-original","bebsu-a32088e84d4de955","math","kma.g3.addition","2.5","0","","G3","numeric","machine_checked","needs_expert_review"
"bebsu-g3-original","bebsu-4a99db1f03f98dd2","math","kma.g3.addition","2.525","0","","G3","numeric","machine_checked","needs_expert_review"
"bebsu-g3-original","bebsu-af4dc4ccb11bb5fa","math","kma.g3.addition","2.55","0","","G3","numeric","machine_checked","needs_expert_review"
"bebsu-g3-original","bebsu-61f41175a8cb4d29","math","kma.g3.comparison","2.575","0","","G3","numeric","machine_checked","needs_expert_review"
"bebsu-g3-original","bebsu-2cf39a79980f9049","math","kma.g3.addition","2.6","0","","G3","numeric","machine_checked","needs_expert_review"
"bebsu-g3-original","bebsu-8c27a0247c9832d7","math","kma.g3.addition","2.4","0","","G3","numeric","machine_checked","needs_expert_review"
"bebsu-g3-original","bebsu-357e7e0d9b924054","math","kma.g3.addition","2.625","0","","G3","numeric","machine_checked","needs_expert_review"
"bebsu-g3-original","bebsu-f8dbe667b011aec7","math","kma.g3.addition","2.65","0","","G3","numeric","machine_checked","needs_expert_review"
"bebsu-g3-original","bebsu-7e7c6043588ee582","math","kma.g3.addition","2.675","0","","G3","numeric","machine_checked","needs_expert_review"
"bebsu-g3-original","bebsu-236f4ad19ba21edf","math","kma.g3.addition","2.7","0","","G3","numeric","machine_checked","needs_expert_review"
"bebsu-g3-original","bebsu-3e76677899b03fad","math","kma.g3.addition","2.725","0","","G3","numeric","machine_checked","needs_expert_review"
"bebsu-g3-original","bebsu-175ddaf7b7be88f9","math","kma.g3.unclassified","2.75","0","","G3","numeric","machine_checked","needs_expert_review"
"bebsu-g3-original","bebsu-ae8d2ae64a6cec49","math","kma.g3.addition","2.775","0","","G3","numeric","machine_checked","needs_expert_review"
"bebsu-g3-original","bebsu-33fb0511664bd875","math","kma.g3.addition","2.8","0","","G3","numeric","machine_checked","needs_expert_review"
"bebsu-g3-original","bebsu-fa4bb1eeabf68ca4","math","kma.g3.addition","2.825","0","","G3","numeric","machine_checked","needs_expert_review"
"bebsu-g3-original","bebsu-ad9c9eeb3583dc81","math","kma.g3.addition","2.85","0","","G3","numeric","machine_checked","needs_expert_review"
"bebsu-g3-original","bebsu-64190ecd38ec18b1","math","kma.g3.addition","2.425","0","","G3","numeric","machine_checked","needs_expert_review"
"bebsu-g3-original","bebsu-e6df4b1d1cf3583a","math","kma.g3.addition","2.875","0","","G3","numeric","machine_checked","needs_expert_review"
"bebsu-g3-original","bebsu-ea18379b72f20ca1","math","kma.g3.addition","2.9","0","","G3","numeric","machine_checked","needs_expert_review"
"bebsu-g3-original","bebsu-c499104ea14fa29c","math","kma.g3.addition","2.925","0","","G3","numeric","machine_checked","needs_expert_review"
"bebsu-g3-original","bebsu-04838625931ebbda","math","kma.g3.addition","2.95","0","","G3","numeric","machine_checked","needs_expert_review"
"bebsu-g3-original","bebsu-a80366f74c3d8208","math","kma.g3.addition","2.975","0","","G3","numeric","machine_checked","needs_expert_review"
"bebsu-g3-original","bebsu-415da07a94246848","math","kma.g3.addition","3","0","","G3","numeric","machine_checked","needs_expert_review"
"bebsu-g3-original","bebsu-c23f785e01ea8da9","math","kma.g3.addition","3","0","","G3","numeric","machine_checked","needs_expert_review"
"bebsu-g3-original","bebsu-1b672fbe75f6e351","math","kma.g3.addition","3","0","","G3","numeric","machine_checked","needs_expert_review"
"bebsu-g3-original","bebsu-0535feec8cf301bf","math","kma.g3.addition","3","0","","G3","numeric","machine_checked","needs_expert_review"
"bebsu-g3-original","bebsu-f24e5cd1c110f657","math","kma.g3.addition","3","0","","G3","numeric","machine_checked","needs_expert_review"
"bebsu-g3-original","bebsu-d57e138dc33f3743","math","kma.g3.addition","2.45","0.2","","G3","choice","machine_checked","needs_expert_review"
"bebsu-g3-original","bebsu-3be03d3ef4a3fb5a","math","kma.g3.addition","3","0","","G3","numeric","machine_checked","needs_expert_review"
"bebsu-g3-original","bebsu-3ee9e80de982ea78","math","kma.g3.addition","2.475","0","","G3","numeric","machine_checked","needs_expert_review"
"bebsu-g3-original","bebsu-869da111d431821c","math","kma.g3.addition","2.5","0","","G3","numeric","machine_checked","needs_expert_review"
"bebsu-g3-original","bebsu-f22b5cd5a0353633","math","kma.g3.addition","2.525","0","","G3","numeric","machine_checked","needs_expert_review"
"bebsu-g3-original","bebsu-2d27c154ed5674e5","math","kma.g3.addition","2.55","0","","G3","numeric","machine_checked","needs_expert_review"
"bebsu-g3-original","bebsu-e4c76d306ab0183e","math","kma.g3.addition","2.575","0","","G3","numeric","machine_checked","needs_expert_review"
"bebsu-g3-original","bebsu-eb95cf27dd51eda9","math","kma.g3.addition","2.6","0","","G3","numeric","machine_checked","needs_expert_review"
"bebsu-g3-original","bebsu-25ca3b80d4e7cf5d","math","kma.g3.addition","2.4","0","","G3","numeric","machine_checked","needs_expert_review"
"bebsu-g3-original","bebsu-9b9392e95f9ef8b7","math","kma.g3.addition","2.625","0","","G3","numeric","machine_checked","needs_expert_review"
"bebsu-g3-original","bebsu-bec2177870345ba7","math","kma.g3.addition","2.65","0","","G3","numeric","machine_checked","needs_expert_review"
"bebsu-g3-original","bebsu-ed15fe65f02d9272","math","kma.g3.addition","2.675","0","","G3","numeric","machine_checked","needs_expert_review"
"bebsu-g3-original","bebsu-895bdf7c1f6f9474","math","kma.g3.addition","2.7","0","","G3","numeric","machine_checked","needs_expert_review"
"bebsu-g3-original","bebsu-4c3dd9677da629e6","math","kma.g3.addition","2.725","0","","G3","numeric","machine_checked","needs_expert_review"
"bebsu-g3-original","bebsu-8fd6718f5f14fb14","math","kma.g3.addition","2.75","0","","G3","numeric","machine_checked","needs_expert_review"
"bebsu-g3-original","bebsu-bdbc896c5f4c2082","math","kma.g3.addition","2.775","0","","G3","numeric","machine_checked","needs_expert_review"
"bebsu-g3-original","bebsu-0699471a51cefc7f","math","kma.g3.addition","2.8","0","","G3","numeric","machine_checked","needs_expert_review"
"bebsu-g3-original","bebsu-cd09b7e8a272d50b","math","kma.g3.counting","2.825","0","","G3","numeric","machine_checked","needs_expert_review"
"bebsu-g3-original","bebsu-502485c8a41c63b9","math","kma.g3.addition","2.85","0","","G3","numeric","machine_checked","needs_expert_review"
"bebsu-g3-original","bebsu-38adeaa609c42f37","math","kma.g3.addition","2.425","0","","G3","numeric","machine_checked","needs_expert_review"
"bebsu-g3-original","bebsu-d4a4f1361142f296","math","kma.g3.order","2.875","0","","G3","numeric","machine_checked","needs_expert_review"
"bebsu-g3-original","bebsu-268d66360a7c3dec","math","kma.g3.geometry","2.9","0","","G3","numeric","machine_checked","needs_expert_review"
"bebsu-g3-original","bebsu-5879b963ea1b7990","math","kma.g3.addition","2.925","0","","G3","numeric","machine_checked","needs_expert_review"
"bebsu-g3-original","bebsu-b85165cb2fba9408","math","kma.g3.addition","2.95","0","","G3","numeric","machine_checked","needs_expert_review"
"bebsu-g3-original","bebsu-df20397df10de0bb","math","kma.g3.addition","2.975","0","","G3","numeric","machine_checked","needs_expert_review"
"bebsu-g3-original","bebsu-bf52ca8845bb8674","math","kma.g3.addition","3","0","","G3","numeric","machine_checked","needs_expert_review"
"bebsu-g3-original","bebsu-234086a95bae59e2","math","kma.g3.addition","2.45","0","","G3","numeric","machine_checked","needs_expert_review"
"bebsu-g3-original","bebsu-aee093bf76d4f37e","math","kma.g3.addition","2.475","0","","G3","numeric","machine_checked","needs_expert_review"
"bebsu-g3-original","bebsu-0306862ef04dd179","math","kma.g3.addition","2.5","0","","G3","numeric","machine_checked","needs_expert_review"
"bebsu-g3-original","bebsu-e996a48badd86d80","math","kma.g3.addition","2.525","0","","G3","numeric","machine_checked","needs_expert_review"
"bebsu-g3-original","bebsu-98120091ad9f700f","math","kma.g3.addition","2.55","0","","G3","numeric","machine_checked","needs_expert_review"
"bebsu-g3-original","bebsu-cf0a1b1a17917100","math","kma.g3.addition","2.575","0","","G3","numeric","machine_checked","needs_expert_review"
"bebsu-g3-original","bebsu-027fe91cf0c3b144","math","kma.g3.addition","2.6","0","","G3","numeric","machine_checked","needs_expert_review"
"bebsu-g3-original","bebsu-b97a689d411b33b6","math","kma.g3.addition","2.4","0","","G3","numeric","machine_checked","needs_expert_review"
"bebsu-g3-original","bebsu-c85e50d24413490a","math","kma.g3.addition","2.625","0","","G3","numeric","machine_checked","needs_expert_review"
"bebsu-g3-original","bebsu-d634b25e5d627947","math","kma.g3.geometry","2.65","0","","G3","numeric","machine_checked","needs_expert_review"
"bebsu-g3-original","bebsu-146a9ea05aafa8db","math","kma.g3.addition","2.675","0","","G3","numeric","machine_checked","needs_expert_review"
"bebsu-g3-original","bebsu-094062e54fc3814c","math","kma.g3.addition","2.7","0","","G3","numeric","machine_checked","needs_expert_review"
"bebsu-g3-original","bebsu-d6e0e7eb71f98fc1","math","kma.g3.addition","2.725","0","","G3","numeric","machine_checked","needs_expert_review"
"bebsu-g3-original","bebsu-aa6f560d6eb489a0","math","kma.g3.addition","2.75","0","","G3","numeric","machine_checked","needs_expert_review"
"bebsu-g3-original","bebsu-8bee7d230785797b","math","kma.g3.subtraction","2.775","0","","G3","numeric","machine_checked","needs_expert_review"
"bebsu-g3-original","bebsu-a6f36ae33061c764","math","kma.g3.addition","2.8","0","","G3","numeric","machine_checked","needs_expert_review"
"bebsu-g3-original","bebsu-7e5314383555ae1b","math","kma.g3.addition","2.825","0","","G3","numeric","machine_checked","needs_expert_review"
"bebsu-g3-original","bebsu-df7c6ac3d9ad6b89","math","kma.g3.subtraction","2.85","0","","G3","numeric","machine_checked","needs_expert_review"
"bebsu-g3-original","bebsu-3ad1e2f90c5a2318","math","kma.g3.addition","2.425","0","","G3","numeric","machine_checked","needs_expert_review"
"bebsu-g3-original","bebsu-a0b9e4eee1af058b","math","kma.g3.subtraction","2.875","0","","G3","numeric","machine_checked","needs_expert_review"
"bebsu-g3-original","bebsu-d12fbdefa08e4f58","math","kma.g3.subtraction","2.9","0","","G3","numeric","machine_checked","needs_expert_review"
"bebsu-g3-original","bebsu-107e18008176f9c1","math","kma.g3.subtraction","2.925","0","","G3","numeric","machine_checked","needs_expert_review"
"bebsu-g3-original","bebsu-4012c0a800b2ddd5","math","kma.g3.addition","2.95","0","","G3","numeric","machine_checked","needs_expert_review"
"bebsu-g3-original","bebsu-58a700d64abb7492","math","kma.g3.addition","2.975","0","","G3","numeric","machine_checked","needs_expert_review"
"bebsu-g3-original","bebsu-4332d6584cd1722b","math","kma.g3.addition","3","0","","G3","numeric","machine_checked","needs_expert_review"
"bebsu-g3-original","bebsu-54b1e9c163411d5e","math","kma.g3.addition","3","0","","G3","numeric","machine_checked","needs_expert_review"
"bebsu-g3-original","bebsu-4c47d1e77c541195","math","kma.g3.addition","3","0","","G3","numeric","machine_checked","needs_expert_review"
"bebsu-g3-original","bebsu-92bb352e574f5cb2","math","kma.g3.addition","3","0","","G3","numeric","machine_checked","needs_expert_review"
"bebsu-g3-original","bebsu-99294328d422c62e","math","kma.g3.addition","3","0","","G3","numeric","machine_checked","needs_expert_review"
"bebsu-g3-original","bebsu-6e3beaba43a6adee","math","kma.g3.addition","2.45","0","","G3","numeric","machine_checked","needs_expert_review"
"bebsu-g3-original","bebsu-0b56d864ddaef308","math","kma.g3.subtraction","3","0","","G3","numeric","machine_checked","needs_expert_review"
"bebsu-g3-original","bebsu-c66800438b924877","math","kma.g3.comparison","2.475","0","","G3","numeric","machine_checked","needs_expert_review"
"bebsu-g3-original","bebsu-eb12acfc2883a9af","math","kma.g3.subtraction","2.5","0","","G3","numeric","machine_checked","needs_expert_review"
"bebsu-g3-original","bebsu-e083a745e923baf9","math","kma.g3.addition","2.525","0","","G3","numeric","machine_checked","needs_expert_review"
"bebsu-g3-original","bebsu-c696f1fb9c875079","math","kma.g3.subtraction","2.55","0","","G3","numeric","machine_checked","needs_expert_review"
"bebsu-g3-original","bebsu-451ca6010360eea9","math","kma.g3.geometry","2.575","0","","G3","numeric","machine_checked","needs_expert_review"
"bebsu-g3-original","bebsu-7fb78f1c216f63f1","math","kma.g3.addition","2.6","0","","G3","numeric","machine_checked","needs_expert_review"
"bebsu-g3-original","bebsu-c3ccb66518e5019a","math","kma.g3.subtraction","2.4","0","","G3","numeric","machine_checked","needs_expert_review"
"bebsu-g3-original","bebsu-4ad17d516201bd82","math","kma.g3.addition","2.625","0","","G3","numeric","machine_checked","needs_expert_review"
"bebsu-g3-original","bebsu-c19583d453eed6d6","math","kma.g3.addition","2.65","0","","G3","numeric","machine_checked","needs_expert_review"
"bebsu-g3-original","bebsu-ae923971a5b403ea","math","kma.g3.subtraction","2.675","0","","G3","numeric","machine_checked","needs_expert_review"
"bebsu-g3-original","bebsu-8f4753d95e1f355d","math","kma.g3.subtraction","2.7","0","","G3","numeric","machine_checked","needs_expert_review"
"bebsu-g3-original","bebsu-5f2a6a3347d69b7a","math","kma.g3.addition","2.725","0","","G3","numeric","machine_checked","needs_expert_review"
"bebsu-g3-original","bebsu-1538b64adaa2b32a","math","kma.g3.addition","2.75","0","","G3","numeric","machine_checked","needs_expert_review"
"bebsu-g3-original","bebsu-9f7edac8263d133a","math","kma.g3.addition","2.775","0","","G3","numeric","machine_checked","needs_expert_review"
"bebsu-g3-original","bebsu-09472ef81b6c4e3f","math","kma.g3.addition","2.8","0","","G3","numeric","machine_checked","needs_expert_review"
"bebsu-g3-original","bebsu-69fdd0a63e0145d2","math","kma.g3.addition","2.825","0","","G3","numeric","machine_checked","needs_expert_review"
"bebsu-g3-original","bebsu-c3587e85a5a01977","math","kma.g3.addition","2.85","0","","G3","numeric","machine_checked","needs_expert_review"
"bebsu-g3-original","bebsu-e2014303eaf9cfb7","math","kma.g3.addition","2.425","0","","G3","numeric","machine_checked","needs_expert_review"
"bebsu-g3-original","bebsu-05e8072713459510","math","kma.g3.addition","2.875","0","","G3","numeric","machine_checked","needs_expert_review"
"bebsu-g3-original","bebsu-a77a080028f30534","math","kma.g3.addition","2.9","0","","G3","numeric","machine_checked","needs_expert_review"
"bebsu-g3-original","bebsu-b0ddab4d1f59a803","math","kma.g3.addition","2.925","0","","G3","numeric","machine_checked","needs_expert_review"
"bebsu-g3-original","bebsu-41f7451977af3bcd","math","kma.g3.subtraction","2.95","0","","G3","numeric","machine_checked","needs_expert_review"
"bebsu-g3-original","bebsu-a4bfbb8f753fd3d9","math","kma.g3.addition","2.975","0","","G3","numeric","machine_checked","needs_expert_review"
"bebsu-g3-original","bebsu-53e9d6ea5dbcb62a","math","kma.g3.addition","3","0","","G3","numeric","machine_checked","needs_expert_review"
"bebsu-g3-original","bebsu-2984cf121a258728","math","kma.g3.addition","2.45","0","","G3","numeric","machine_checked","needs_expert_review"
"bebsu-g3-original","bebsu-5e5d5bdf062affeb","math","kma.g3.addition","2.475","0","","G3","numeric","machine_checked","needs_expert_review"
"bebsu-g3-original","bebsu-2d070a4b1495cdf8","math","kma.g3.addition","2.5","0","","G3","numeric","machine_checked","needs_expert_review"
"bebsu-g3-original","bebsu-f24c6e17344eb7a7","math","kma.g3.addition","2.525","0","","G3","numeric","machine_checked","needs_expert_review"
"bebsu-g3-original","bebsu-b5ac004e1bb009a4","math","kma.g3.addition","2.55","0","","G3","numeric","machine_checked","needs_expert_review"
"bebsu-g3-original","bebsu-d5eb66d897e00203","math","kma.g3.addition","2.575","0","","G3","numeric","machine_checked","needs_expert_review"
"bebsu-g3-original","bebsu-8c67bb4310d306bf","math","kma.g3.addition","2.6","0","","G3","numeric","machine_checked","needs_expert_review"
"bebsu-g3-original","bebsu-2ca4dfc61073f92e","math","kma.g3.addition","2.4","0","","G3","numeric","machine_checked","needs_expert_review"
"bebsu-g3-original","bebsu-a5a9e578178ba764","math","kma.g3.unclassified","2.625","0","","G3","numeric","machine_checked","needs_expert_review"
"bebsu-g3-original","bebsu-7cb7d85ea799e36b","math","kma.g3.addition","2.65","0","","G3","numeric","machine_checked","needs_expert_review"
"bebsu-g3-original","bebsu-826c03946a9aa040","math","kma.g3.addition","2.675","0","","G3","numeric","machine_checked","needs_expert_review"
"bebsu-g3-original","bebsu-717d08e257469571","math","kma.g3.addition","2.7","0","","G3","numeric","machine_checked","needs_expert_review"
"bebsu-g3-original","bebsu-3b796738d3c54f93","math","kma.g3.addition","2.725","0","","G3","numeric","machine_checked","needs_expert_review"
"bebsu-g3-original","bebsu-772ecbf26ba5cb78","math","kma.g3.addition","2.75","0","","G3","numeric","machine_checked","needs_expert_review"
"bebsu-g3-original","bebsu-b453e5e0510c4c24","math","kma.g3.addition","2.775","0","","G3","numeric","machine_checked","needs_expert_review"
"bebsu-g3-original","bebsu-c03a4684cf8b83fc","math","kma.g3.subtraction","2.8","0","","G3","numeric","machine_checked","needs_expert_review"
"bebsu-g3-original","bebsu-1dd7ed9fab30d0ed","math","kma.g3.subtraction","2.825","0","","G3","numeric","machine_checked","needs_expert_review"
"bebsu-g3-original","bebsu-8a947f1d81e68efd","math","kma.g3.addition","2.85","0","","G3","numeric","machine_checked","needs_expert_review"
"bebsu-g3-original","bebsu-69af56052106bfe1","math","kma.g3.pattern_logic","2.425","0","","G3","numeric","machine_checked","needs_expert_review"
"bebsu-g3-original","bebsu-07ffe084f6e6df33","math","kma.g3.addition","2.875","0","","G3","numeric","machine_checked","needs_expert_review"
"bebsu-g3-original","bebsu-0697485458f31f60","math","kma.g3.addition","2.9","0","","G3","numeric","machine_checked","needs_expert_review"
"bebsu-g3-original","bebsu-820e8c48801640ec","math","kma.g3.addition","2.925","0","","G3","numeric","machine_checked","needs_expert_review"
"bebsu-g3-original","bebsu-b9cb7dcdd9d33f80","math","kma.g3.addition","2.95","0","","G3","numeric","machine_checked","needs_expert_review"
"bebsu-g3-original","bebsu-10f30465f2963e68","math","kma.g3.addition","2.975","0","","G3","numeric","machine_checked","needs_expert_review"
"bebsu-g3-original","bebsu-27083d0f80141bcc","math","kma.g3.addition","3","0","","G3","numeric","machine_checked","needs_expert_review"
"bebsu-g3-original","bebsu-b9f38893f2437b5b","math","kma.g3.addition","3","0","","G3","numeric","machine_checked","needs_expert_review"
"bebsu-g3-original","bebsu-caf7bb5a83695e90","math","kma.g3.addition","3","0","","G3","numeric","machine_checked","needs_expert_review"
"bebsu-g3-original","bebsu-266cb6d66c7bf2cc","math","kma.g3.addition","3","0","","G3","numeric","machine_checked","needs_expert_review"
"bebsu-g3-original","bebsu-20e41017c62a78c0","math","kma.g3.addition","3","0","","G3","numeric","machine_checked","needs_expert_review"
"bebsu-g3-original","bebsu-3fa0403b3679460d","math","kma.g3.addition","2.45","0","","G3","numeric","machine_checked","needs_expert_review"
"bebsu-g3-original","bebsu-86cc568537295edd","math","kma.g3.addition","3","0","","G3","numeric","machine_checked","needs_expert_review"
"bebsu-g3-original","bebsu-0ba1520cd19f5c57","math","kma.g3.addition","2.475","0","","G3","numeric","machine_checked","needs_expert_review"
"bebsu-g3-original","bebsu-beb522b12871e015","math","kma.g3.addition","2.5","0","","G3","numeric","machine_checked","needs_expert_review"
"bebsu-g3-original","bebsu-faac5bdbf52118b8","math","kma.g3.addition","2.525","0","","G3","numeric","machine_checked","needs_expert_review"
"bebsu-g3-original","bebsu-9f0bf4a026d63099","math","kma.g3.addition","2.55","0","","G3","numeric","machine_checked","needs_expert_review"
"bebsu-g3-original","bebsu-e106f3ac2e886d98","math","kma.g3.addition","2.575","0","","G3","numeric","machine_checked","needs_expert_review"
"bebsu-g3-original","bebsu-a76d5b85a5b1b057","math","kma.g3.addition","2.6","0","","G3","numeric","machine_checked","needs_expert_review"
"bebsu-g3-original","bebsu-09cfd849d7a90108","math","kma.g3.addition","2.4","0","","G3","numeric","machine_checked","needs_expert_review"
"bebsu-g3-original","bebsu-14385c7f85313de4","math","kma.g3.counting","2.625","0","","G3","numeric","machine_checked","needs_expert_review"
"bebsu-g3-original","bebsu-c9d57c3608764352","math","kma.g3.addition","2.65","0","","G3","numeric","machine_checked","needs_expert_review"
"bebsu-g3-original","bebsu-36bb90f186160334","math","kma.g3.addition","2.675","0","","G3","numeric","machine_checked","needs_expert_review"
"bebsu-g3-original","bebsu-2c6cfc30ce58f28b","math","kma.g3.addition","2.7","0","","G3","numeric","machine_checked","needs_expert_review"
"bebsu-g3-original","bebsu-66bf895f722f4cfa","math","kma.g3.addition","2.725","0","","G3","numeric","machine_checked","needs_expert_review"
"bebsu-g3-original","bebsu-0b87db0d75a4ec14","math","kma.g3.addition","2.75","0","","G3","numeric","machine_checked","needs_expert_review"
"bebsu-g3-original","bebsu-e784a373863bfa76","math","kma.g3.addition","2.775","0","","G3","numeric","machine_checked","needs_expert_review"
"bebsu-g3-original","bebsu-5dfe4894bcaddbd5","math","kma.g3.addition","2.8","0","","G3","numeric","machine_checked","needs_expert_review"
"bebsu-g3-original","bebsu-a841ca760d411764","math","kma.g3.addition","2.825","0","","G3","numeric","machine_checked","needs_expert_review"
"bebsu-g3-original","bebsu-87786906044ad30d","math","kma.g3.addition","2.85","0","","G3","numeric","machine_checked","needs_expert_review"
"bebsu-g3-original","bebsu-66459e6300bd0538","math","kma.g3.unclassified","2.425","0","","G3","numeric","machine_checked","needs_expert_review"
"bebsu-g3-original","bebsu-85682584cbd9f569","math","kma.g3.comparison","2.875","0.2","","G3","choice","machine_checked","needs_expert_review"
"bebsu-g3-original","bebsu-a2f00ae37b9a0e4e","math","kma.g3.addition","2.9","0","","G3","numeric","machine_checked","needs_expert_review"
"bebsu-g3-original","bebsu-12dcfcd250fabcd5","math","kma.g3.addition","2.925","0","","G3","numeric","machine_checked","needs_expert_review"
"bebsu-g3-original","bebsu-de64f83e75b82ce5","math","kma.g3.addition","2.95","0","","G3","numeric","machine_checked","needs_expert_review"
"bebsu-g3-original","bebsu-fb9f2cb0d6cebc43","math","kma.g3.addition","2.975","0","","G3","numeric","machine_checked","needs_expert_review"
"bebsu-g3-original","bebsu-9eb6f63c73f9bfa0","math","kma.g3.addition","3","0","","G3","numeric","machine_checked","needs_expert_review"
"bebsu-g3-original","bebsu-c0d3e13f95d7ca27","math","kma.g3.addition","3","0","","G3","numeric","machine_checked","needs_expert_review"
"bebsu-g3-original","bebsu-cdc758f8351ff7eb","math","kma.g3.addition","3","0","","G3","numeric","machine_checked","needs_expert_review"
"bebsu-g3-original","bebsu-e95dca4df95cb872","math","kma.g3.addition","3","0","","G3","numeric","machine_checked","needs_expert_review"
"bebsu-g3-original","bebsu-012e553b0b45d831","math","kma.g3.addition","3","0","","G3","numeric","machine_checked","needs_expert_review"
"bebsu-g3-original","bebsu-94afefd6b5ea3b68","math","kma.g3.addition","2.45","0","","G3","numeric","machine_checked","needs_expert_review"
"bebsu-g3-original","bebsu-70425f3e8d71ee73","math","kma.g3.subtraction","3","0","","G3","numeric","machine_checked","needs_expert_review"
"bebsu-g3-original","bebsu-8f27bf7c039c617f","math","kma.g3.addition","2.475","0","","G3","numeric","machine_checked","needs_expert_review"
"bebsu-g3-original","bebsu-6d123b7beecbb703","math","kma.g3.subtraction","2.5","0","","G3","numeric","machine_checked","needs_expert_review"
"bebsu-g3-original","bebsu-d62066b2c581ebca","math","kma.g3.addition","2.525","0","","G3","numeric","machine_checked","needs_expert_review"
"bebsu-g3-original","bebsu-65b8e5877639d1ea","math","kma.g3.addition","2.55","0","","G3","numeric","machine_checked","needs_expert_review"
"bebsu-g3-original","bebsu-6f237b2f0a708f7c","math","kma.g3.addition","2.575","0","","G3","numeric","machine_checked","needs_expert_review"
"bebsu-g3-original","bebsu-1b5f29726893fab8","math","kma.g3.comparison","2.6","0","","G3","numeric","machine_checked","needs_expert_review"
"bebsu-g4-original","bebsu-05fd77df81bb4f05","math","kma.g4.addition","3.4","0","","G4","numeric","machine_checked","needs_expert_review"
"bebsu-g4-original","bebsu-51f43c118a28f36f","math","kma.g4.subtraction","3.625","0","","G4","numeric","machine_checked","needs_expert_review"
"bebsu-g4-original","bebsu-f7c40de5daa19b89","math","kma.g4.addition","3.65","0","","G4","numeric","machine_checked","needs_expert_review"
"bebsu-g4-original","bebsu-77c6e6ead4e90572","math","kma.g4.unclassified","3.675","0","","G4","numeric","machine_checked","needs_expert_review"
"bebsu-g4-original","bebsu-0c3f4e04505eb8b9","math","kma.g4.addition","3.7","0","","G4","numeric","machine_checked","needs_expert_review"
"bebsu-g4-original","bebsu-28eac333c7216aef","math","kma.g4.time","3.725","0.2","","G4","choice","machine_checked","needs_expert_review"
"bebsu-g4-original","bebsu-22d4b9eb9afba04a","math","kma.g4.addition","3.75","0","","G4","numeric","machine_checked","needs_expert_review"
"bebsu-g4-original","bebsu-bc58c8f30381f7d7","math","kma.g4.addition","3.775","0","","G4","numeric","machine_checked","needs_expert_review"
"bebsu-g4-original","bebsu-02c435f09c297a49","math","kma.g4.addition","3.8","0","","G4","numeric","machine_checked","needs_expert_review"
"bebsu-g4-original","bebsu-72eb3590ffbb95b6","math","kma.g4.addition","3.825","0","","G4","numeric","machine_checked","needs_expert_review"
"bebsu-g4-original","bebsu-ac5c4e5dabcce210","math","kma.g4.addition","3.85","0","","G4","numeric","machine_checked","needs_expert_review"
"bebsu-g4-original","bebsu-d51f1206030fcf8e","math","kma.g4.subtraction","3.425","0","","G4","numeric","machine_checked","needs_expert_review"
"bebsu-g4-original","bebsu-9278d6cb7135a1cd","math","kma.g4.addition","3.875","0","","G4","numeric","machine_checked","needs_expert_review"
"bebsu-g4-original","bebsu-ed855246c85ef9ca","math","kma.g4.subtraction","3.9","0","","G4","numeric","machine_checked","needs_expert_review"
"bebsu-g4-original","bebsu-d3433835b93aeba5","math","kma.g4.addition","3.925","0","","G4","numeric","machine_checked","needs_expert_review"
"bebsu-g4-original","bebsu-99a4c96e441f83d2","math","kma.g4.addition","3.95","0","","G4","numeric","machine_checked","needs_expert_review"
"bebsu-g4-original","bebsu-3d6d609e3173f8eb","math","kma.g4.addition","3.975","0","","G4","numeric","machine_checked","needs_expert_review"
"bebsu-g4-original","bebsu-73c6892eb2757cbc","math","kma.g4.addition","4","0","","G4","numeric","machine_checked","needs_expert_review"
"bebsu-g4-original","bebsu-5e995a422cbc0583","math","kma.g4.addition","4","0","","G4","numeric","machine_checked","needs_expert_review"
"bebsu-g4-original","bebsu-371ee2d91cb7a799","math","kma.g4.addition","4","0","","G4","numeric","machine_checked","needs_expert_review"
"bebsu-g4-original","bebsu-33034181166c9457","math","kma.g4.addition","4","0","","G4","numeric","machine_checked","needs_expert_review"
"bebsu-g4-original","bebsu-6710eb883e0fce6b","math","kma.g4.addition","4","0","","G4","numeric","machine_checked","needs_expert_review"
"bebsu-g4-original","bebsu-17a5196993045b64","math","kma.g4.addition","3.45","0","","G4","numeric","machine_checked","needs_expert_review"
"bebsu-g4-original","bebsu-ef04df71e83c6310","math","kma.g4.addition","4","0","","G4","numeric","machine_checked","needs_expert_review"
"bebsu-g4-original","bebsu-c01600079800db5d","math","kma.g4.addition","3.475","0.2","","G4","choice","machine_checked","needs_expert_review"
"bebsu-g4-original","bebsu-f8a51c17ab7fd504","math","kma.g4.addition","3.5","0.2","","G4","choice","machine_checked","needs_expert_review"
"bebsu-g4-original","bebsu-e99fd74f1027a492","math","kma.g4.addition","3.525","0","","G4","numeric","machine_checked","needs_expert_review"
"bebsu-g4-original","bebsu-9a0d7f74e3715981","math","kma.g4.order","3.55","0.2","","G4","choice","machine_checked","needs_expert_review"
"bebsu-g4-original","bebsu-e313cb2758f7f494","math","kma.g4.addition","3.575","0.2","","G4","choice","machine_checked","needs_expert_review"
"bebsu-g4-original","bebsu-11dde7dad43dc28f","math","kma.g4.order","3.6","0","","G4","numeric","machine_checked","needs_expert_review"
"bebsu-g4-original","bebsu-540f9bdb2788b067","math","kma.g4.addition","3.4","0","","G4","numeric","machine_checked","needs_expert_review"
"bebsu-g4-original","bebsu-48921a5508b5585e","math","kma.g4.addition","3.625","0","","G4","numeric","machine_checked","needs_expert_review"
"bebsu-g4-original","bebsu-cdfcb432bae98bf6","math","kma.g4.addition","3.65","0","","G4","numeric","machine_checked","needs_expert_review"
"bebsu-g4-original","bebsu-92ea74b0ded6c789","math","kma.g4.addition","3.675","0","","G4","numeric","machine_checked","needs_expert_review"
"bebsu-g4-original","bebsu-1a6c09cadfc52208","math","kma.g4.addition","3.7","0","","G4","numeric","machine_checked","needs_expert_review"
"bebsu-g4-original","bebsu-57172496541d28e5","math","kma.g4.addition","3.725","0","","G4","numeric","machine_checked","needs_expert_review"
"bebsu-g4-original","bebsu-90d6c3aacaf56ab1","math","kma.g4.addition","3.75","0","","G4","numeric","machine_checked","needs_expert_review"
"bebsu-g4-original","bebsu-7efb3bfaf5f840ac","math","kma.g4.addition","3.775","0","","G4","numeric","machine_checked","needs_expert_review"
"bebsu-g4-original","bebsu-784ef22e9b0e03c3","math","kma.g4.addition","3.8","0","","G4","numeric","machine_checked","needs_expert_review"
"bebsu-g4-original","bebsu-a6cfb686d5105347","math","kma.g4.addition","3.825","0","","G4","numeric","machine_checked","needs_expert_review"
"bebsu-g4-original","bebsu-edaab023368ace8e","math","kma.g4.addition","3.85","0","","G4","numeric","machine_checked","needs_expert_review"
"bebsu-g4-original","bebsu-13b095569e1dea5e","math","kma.g4.addition","3.425","0","","G4","numeric","machine_checked","needs_expert_review"
"bebsu-g4-original","bebsu-8302010f45e95ee8","math","kma.g4.subtraction","3.875","0","","G4","numeric","machine_checked","needs_expert_review"
"bebsu-g4-original","bebsu-4f358b5b38beee90","math","kma.g4.addition","3.9","0","","G4","numeric","machine_checked","needs_expert_review"
"bebsu-g4-original","bebsu-46e19f46c71c8d11","math","kma.g4.addition","3.925","0","","G4","numeric","machine_checked","needs_expert_review"
"bebsu-g4-original","bebsu-d577ec4cad4ed469","math","kma.g4.addition","3.95","0","","G4","numeric","machine_checked","needs_expert_review"
"bebsu-g4-original","bebsu-5a438a70a830bb58","math","kma.g4.subtraction","3.975","0","","G4","numeric","machine_checked","needs_expert_review"
"bebsu-g4-original","bebsu-e1d331679dc17243","math","kma.g4.subtraction","4","0","","G4","numeric","machine_checked","needs_expert_review"
"bebsu-g4-original","bebsu-816db674756f2c30","math","kma.g4.addition","4","0","","G4","numeric","machine_checked","needs_expert_review"
"bebsu-g4-original","bebsu-a315d2db05e4b7d3","math","kma.g4.addition","4","0","","G4","numeric","machine_checked","needs_expert_review"
"bebsu-g4-original","bebsu-e4021134ec0fd36b","math","kma.g4.addition","4","0","","G4","numeric","machine_checked","needs_expert_review"
"bebsu-g4-original","bebsu-2550a2eb185ed809","math","kma.g4.addition","4","0","","G4","numeric","machine_checked","needs_expert_review"
"bebsu-g4-original","bebsu-aad2a86b147c6dac","math","kma.g4.addition","3.45","0","","G4","numeric","machine_checked","needs_expert_review"
"bebsu-g4-original","bebsu-6d2928cee4178430","math","kma.g4.addition","4","0","","G4","numeric","machine_checked","needs_expert_review"
"bebsu-g4-original","bebsu-ec0c6c6274ed9ca3","math","kma.g4.addition","3.475","0","","G4","numeric","machine_checked","needs_expert_review"
"bebsu-g4-original","bebsu-6c688eeba46e89af","math","kma.g4.addition","3.5","0","","G4","numeric","machine_checked","needs_expert_review"
"bebsu-g4-original","bebsu-82d4e26c96d7e486","math","kma.g4.addition","3.525","0","","G4","numeric","machine_checked","needs_expert_review"
"bebsu-g4-original","bebsu-2ac7c4f1855fd860","math","kma.g4.addition","3.55","0","","G4","numeric","machine_checked","needs_expert_review"
"bebsu-g4-original","bebsu-395a24440a0b7db0","math","kma.g4.comparison","3.575","0","","G4","numeric","machine_checked","needs_expert_review"
"bebsu-g4-original","bebsu-834f94341ee9aa09","math","kma.g4.addition","3.6","0","","G4","numeric","machine_checked","needs_expert_review"
"bebsu-g4-original","bebsu-6a13443537decc5a","math","kma.g4.addition","3.4","0","","G4","numeric","machine_checked","needs_expert_review"
"bebsu-g4-original","bebsu-e7f944c645622005","math","kma.g4.subtraction","3.625","0","","G4","numeric","machine_checked","needs_expert_review"
"bebsu-g4-original","bebsu-e61785656d8bcd6b","math","kma.g4.addition","3.65","0","","G4","numeric","machine_checked","needs_expert_review"
"bebsu-g4-original","bebsu-369887fd2f616445","math","kma.g4.addition","3.675","0","","G4","numeric","machine_checked","needs_expert_review"
"bebsu-g4-original","bebsu-16407c3b0b3c9638","math","kma.g4.addition","3.7","0","","G4","numeric","machine_checked","needs_expert_review"
"bebsu-g4-original","bebsu-c555572136ffa8c5","math","kma.g4.addition","3.725","0","","G4","numeric","machine_checked","needs_expert_review"
"bebsu-g4-original","bebsu-abdba62514abe152","math","kma.g4.subtraction","3.75","0","","G4","numeric","machine_checked","needs_expert_review"
"bebsu-g4-original","bebsu-538273eece5fd5ab","math","kma.g4.addition","3.775","0","","G4","numeric","machine_checked","needs_expert_review"
"bebsu-g4-original","bebsu-593f48466443f49a","math","kma.g4.subtraction","3.8","0","","G4","numeric","machine_checked","needs_expert_review"
"bebsu-g4-original","bebsu-e7dfe514840bf7d4","math","kma.g4.addition","3.825","0","","G4","numeric","machine_checked","needs_expert_review"
"bebsu-g4-original","bebsu-ee1eb5de83a5f3c0","math","kma.g4.addition","3.85","0","","G4","numeric","machine_checked","needs_expert_review"
"bebsu-g4-original","bebsu-18913f0a7608692e","math","kma.g4.addition","3.425","0","","G4","numeric","machine_checked","needs_expert_review"
"bebsu-g4-original","bebsu-bf7fc279e17c593c","math","kma.g4.addition","3.875","0","","G4","numeric","machine_checked","needs_expert_review"
"bebsu-g4-original","bebsu-b633bfc890a8dfa2","math","kma.g4.addition","3.9","0","","G4","numeric","machine_checked","needs_expert_review"
"bebsu-g4-original","bebsu-657e627643ff4c82","math","kma.g4.addition","3.95","0","","G4","numeric","machine_checked","needs_expert_review"
"bebsu-g4-original","bebsu-e4650f9aff5a7466","math","kma.g4.addition","3.975","0","","G4","numeric","machine_checked","needs_expert_review"
"bebsu-g4-original","bebsu-9b088a7b0b40c497","math","kma.g4.addition","4","0","","G4","numeric","machine_checked","needs_expert_review"
"bebsu-g4-original","bebsu-510c19abb8b4dd03","math","kma.g4.addition","3.45","0","","G4","numeric","machine_checked","needs_expert_review"
"bebsu-g4-original","bebsu-4d904ee887698fbb","math","kma.g4.addition","3.475","0","","G4","numeric","machine_checked","needs_expert_review"
"bebsu-g4-original","bebsu-d2a46b3f845e6ea5","math","kma.g4.addition","3.5","0","","G4","numeric","machine_checked","needs_expert_review"
"bebsu-g4-original","bebsu-25f045215bbf7db1","math","kma.g4.addition","3.525","0","","G4","numeric","machine_checked","needs_expert_review"
"bebsu-g4-original","bebsu-76c837846633583f","math","kma.g4.addition","3.55","0","","G4","numeric","machine_checked","needs_expert_review"
"bebsu-g4-original","bebsu-ef2065e2f0bcea1f","math","kma.g4.order","3.575","0","","G4","numeric","machine_checked","needs_expert_review"
"bebsu-g4-original","bebsu-2781c40049513733","math","kma.g4.addition","3.6","0","","G4","numeric","machine_checked","needs_expert_review"
"bebsu-g4-original","bebsu-1f2b9c204d5d81ea","math","kma.g4.place_value","3.4","0.2","","G4","choice","machine_checked","needs_expert_review"
"bebsu-g4-original","bebsu-f315fac5fffbebe1","math","kma.g4.subtraction","3.625","0","","G4","numeric","machine_checked","needs_expert_review"
"bebsu-g4-original","bebsu-42b97094222d48b0","math","kma.g4.place_value","3.65","0.2","","G4","choice","machine_checked","needs_expert_review"
"bebsu-g4-original","bebsu-1d074fafa7b6305a","math","kma.g4.addition","3.675","0","","G4","numeric","machine_checked","needs_expert_review"
"bebsu-g4-original","bebsu-f2311da399b0f4e1","math","kma.g4.subtraction","3.7","0","","G4","numeric","machine_checked","needs_expert_review"
"bebsu-g4-original","bebsu-a8622c9526d03396","math","kma.g4.addition","3.725","0","","G4","numeric","machine_checked","needs_expert_review"
"bebsu-g4-original","bebsu-c6b44c07fd63235a","math","kma.g4.counting","3.75","0.2","","G4","choice","machine_checked","needs_expert_review"
"bebsu-g4-original","bebsu-4cf5b6b2c46264d8","math","kma.g4.addition","3.775","0","","G4","numeric","machine_checked","needs_expert_review"
"bebsu-g4-original","bebsu-d747f21d38aa1c60","math","kma.g4.addition","3.8","0","","G4","numeric","machine_checked","needs_expert_review"
"bebsu-g4-original","bebsu-090cd2bc36c2b8ad","math","kma.g4.addition","3.825","0","","G4","numeric","machine_checked","needs_expert_review"
"bebsu-g4-original","bebsu-364180fcf71da2d8","math","kma.g4.addition","3.85","0","","G4","numeric","machine_checked","needs_expert_review"
"bebsu-g4-original","bebsu-b078a3cb575d3ec7","math","kma.g4.subtraction","3.425","0","","G4","numeric","machine_checked","needs_expert_review"
"bebsu-g4-original","bebsu-ecd348859a6c2c1a","math","kma.g4.addition","3.875","0","","G4","numeric","machine_checked","needs_expert_review"
"bebsu-g4-original","bebsu-5ca3af4fbd261c97","math","kma.g4.addition","3.9","0","","G4","numeric","machine_checked","needs_expert_review"
"bebsu-g4-original","bebsu-652c1dcd60b5e2fe","math","kma.g4.addition","3.925","0","","G4","numeric","machine_checked","needs_expert_review"
"bebsu-g4-original","bebsu-f10d0856c8e0dc60","math","kma.g4.addition","3.95","0","","G4","numeric","machine_checked","needs_expert_review"
"bebsu-g4-original","bebsu-4bfc3d780192bee7","math","kma.g4.order","3.975","0.2","","G4","choice","machine_checked","needs_expert_review"
"bebsu-g4-original","bebsu-de0e7ad5b4b4ec93","math","kma.g4.addition","4","0","","G4","numeric","machine_checked","needs_expert_review"
"bebsu-g4-original","bebsu-ef2b1e7df9882fd0","math","kma.g4.addition","4","0","","G4","numeric","machine_checked","needs_expert_review"
"bebsu-g4-original","bebsu-02d972d03aa47e7a","math","kma.g4.addition","4","0","","G4","numeric","machine_checked","needs_expert_review"
"bebsu-g4-original","bebsu-96b086ea13ea475d","math","kma.g4.addition","4","0","","G4","numeric","machine_checked","needs_expert_review"
"bebsu-g4-original","bebsu-574c333a82ac2cba","math","kma.g4.addition","4","0","","G4","numeric","machine_checked","needs_expert_review"
"bebsu-g4-original","bebsu-290d8a9e38f12a99","math","kma.g4.addition","3.45","0","","G4","numeric","machine_checked","needs_expert_review"
"bebsu-g4-original","bebsu-29c99b58b544c7c6","math","kma.g4.addition","4","0","","G4","numeric","machine_checked","needs_expert_review"
"bebsu-g4-original","bebsu-2a454977d518330a","math","kma.g4.addition","3.475","0.2","","G4","choice","machine_checked","needs_expert_review"
"bebsu-g4-original","bebsu-3b33ad36b890aba7","math","kma.g4.addition","3.5","0","","G4","numeric","machine_checked","needs_expert_review"
"bebsu-g4-original","bebsu-1a15e4eabc17c34d","math","kma.g4.addition","3.525","0","","G4","numeric","machine_checked","needs_expert_review"
"bebsu-g4-original","bebsu-8e86bdc8427fdea0","math","kma.g4.addition","3.55","0.2","","G4","choice","machine_checked","needs_expert_review"
"bebsu-g4-original","bebsu-7c74b593c33e22e8","math","kma.g4.order","3.575","0.2","","G4","choice","machine_checked","needs_expert_review"
"bebsu-g4-original","bebsu-574732dba3c69ba2","math","kma.g4.addition","3.6","0.2","","G4","choice","machine_checked","needs_expert_review"
"bebsu-g4-original","bebsu-d6d53589a4f01a66","math","kma.g4.addition","3.4","0","","G4","numeric","machine_checked","needs_expert_review"
"bebsu-g4-original","bebsu-fe70313147c4f56c","math","kma.g4.addition","3.625","0","","G4","numeric","machine_checked","needs_expert_review"
"bebsu-g4-original","bebsu-80e3701ed5c5ef8d","math","kma.g4.addition","3.65","0","","G4","numeric","machine_checked","needs_expert_review"
"bebsu-g4-original","bebsu-8eb79a6174892370","math","kma.g4.subtraction","3.675","0","","G4","numeric","machine_checked","needs_expert_review"
"bebsu-g4-original","bebsu-92310036e7fbc541","math","kma.g4.addition","3.7","0","","G4","numeric","machine_checked","needs_expert_review"
"bebsu-g4-original","bebsu-163bbb66d541709f","math","kma.g4.addition","3.725","0","","G4","numeric","machine_checked","needs_expert_review"
"bebsu-g4-original","bebsu-1bbc1d635d51d891","math","kma.g4.addition","3.75","0","","G4","numeric","machine_checked","needs_expert_review"
"bebsu-g4-original","bebsu-67a76342d523ef5d","math","kma.g4.addition","3.775","0","","G4","numeric","machine_checked","needs_expert_review"
"bebsu-g4-original","bebsu-0f307b920c029c6f","math","kma.g4.subtraction","3.8","0.2","","G4","choice","machine_checked","needs_expert_review"
"bebsu-g4-original","bebsu-2886cfa5f0a28ac7","math","kma.g4.order","3.825","0.2","","G4","choice","machine_checked","needs_expert_review"
"bebsu-g4-original","bebsu-e636a62a61d958af","math","kma.g4.addition","3.85","0","","G4","numeric","machine_checked","needs_expert_review"
"bebsu-g4-original","bebsu-e9df5b28070a1d4d","math","kma.g4.addition","3.425","0","","G4","numeric","machine_checked","needs_expert_review"
"bebsu-g4-original","bebsu-b870523114b69c95","math","kma.g4.addition","3.875","0","","G4","numeric","machine_checked","needs_expert_review"
"bebsu-g4-original","bebsu-46668b7703a3d6e4","math","kma.g4.addition","3.9","0","","G4","numeric","machine_checked","needs_expert_review"
"bebsu-g4-original","bebsu-7eea3b0b22efece1","math","kma.g4.addition","3.925","0","","G4","numeric","machine_checked","needs_expert_review"
"bebsu-g4-original","bebsu-e9f3774090013f9b","math","kma.g4.addition","3.95","0","","G4","numeric","machine_checked","needs_expert_review"
"bebsu-g4-original","bebsu-5254ecdacc7dd349","math","kma.g4.subtraction","3.975","0","","G4","numeric","machine_checked","needs_expert_review"
"bebsu-g4-original","bebsu-027f6bd915f19660","math","kma.g4.addition","4","0","","G4","numeric","machine_checked","needs_expert_review"
"bebsu-g4-original","bebsu-f62890d160c0b304","math","kma.g4.addition","4","0","","G4","numeric","machine_checked","needs_expert_review"
"bebsu-g4-original","bebsu-6d09dac9a083fd67","math","kma.g4.addition","4","0","","G4","numeric","machine_checked","needs_expert_review"
"bebsu-g4-original","bebsu-1e8ded2918c006f7","math","kma.g4.addition","4","0","","G4","numeric","machine_checked","needs_expert_review"
"bebsu-g4-original","bebsu-738862aca05f23dd","math","kma.g4.addition","4","0","","G4","numeric","machine_checked","needs_expert_review"
"bebsu-g4-original","bebsu-42dbbb783be4a0a8","math","kma.g4.subtraction","3.45","0","","G4","numeric","machine_checked","needs_expert_review"
"bebsu-g4-original","bebsu-aa1d0ede68871b42","math","kma.g4.addition","4","0","","G4","numeric","machine_checked","needs_expert_review"
"bebsu-g4-original","bebsu-242de0f1ef88d42c","math","kma.g4.unclassified","3.475","0","","G4","numeric","machine_checked","needs_expert_review"
"bebsu-g4-original","bebsu-bf7f8b218fe0ccf8","math","kma.g4.addition","3.5","0","","G4","numeric","machine_checked","needs_expert_review"
"bebsu-g4-original","bebsu-495cc74885812310","math","kma.g4.addition","3.525","0","","G4","numeric","machine_checked","needs_expert_review"
"bebsu-g4-original","bebsu-529bc01876ac3c3e","math","kma.g4.subtraction","3.55","0.2","","G4","choice","machine_checked","needs_expert_review"
"bebsu-g4-original","bebsu-d945950f96664107","math","kma.g4.addition","3.575","0.2","","G4","choice","machine_checked","needs_expert_review"
"bebsu-g4-original","bebsu-c1a024b074845b4b","math","kma.g4.subtraction","3.6","0","","G4","numeric","machine_checked","needs_expert_review"
"bebsu-g4-original","bebsu-b0aec8df62ec553b","math","kma.g4.addition","3.4","0","","G4","numeric","machine_checked","needs_expert_review"
"bebsu-g4-original","bebsu-7ba49794f1677526","math","kma.g4.addition","3.625","0","","G4","numeric","machine_checked","needs_expert_review"
"bebsu-g4-original","bebsu-7df97d88263898e1","math","kma.g4.addition","3.65","0","","G4","numeric","machine_checked","needs_expert_review"
"bebsu-g4-original","bebsu-2b953f10616db5c5","math","kma.g4.addition","3.675","0","","G4","numeric","machine_checked","needs_expert_review"
"bebsu-g4-original","bebsu-a6cf08deba42e7f7","math","kma.g4.addition","3.7","0","","G4","numeric","machine_checked","needs_expert_review"
"bebsu-g4-original","bebsu-f0d8ae368a5951f1","math","kma.g4.addition","3.725","0","","G4","numeric","machine_checked","needs_expert_review"
"bebsu-g4-original","bebsu-18bab8c221f4af50","math","kma.g4.addition","3.75","0","","G4","numeric","machine_checked","needs_expert_review"
"bebsu-g4-original","bebsu-d776647743f464a3","math","kma.g4.subtraction","3.775","0","","G4","numeric","machine_checked","needs_expert_review"
"bebsu-g4-original","bebsu-1499219e8c72ecdc","math","kma.g4.addition","3.8","0","","G4","numeric","machine_checked","needs_expert_review"
"bebsu-g4-original","bebsu-249f08d845bab40d","math","kma.g4.addition","3.825","0","","G4","numeric","machine_checked","needs_expert_review"
"bebsu-g4-original","bebsu-b952155485c09bcd","math","kma.g4.addition","3.85","0","","G4","numeric","machine_checked","needs_expert_review"
"bebsu-g4-original","bebsu-e63ff6e06c094b16","math","kma.g4.addition","3.425","0","","G4","numeric","machine_checked","needs_expert_review"
"bebsu-g4-original","bebsu-9017176261a74188","math","kma.g4.addition","3.875","0","","G4","numeric","machine_checked","needs_expert_review"
"bebsu-g4-original","bebsu-7a5cf5ba3c87a1d0","math","kma.g4.addition","3.9","0","","G4","numeric","machine_checked","needs_expert_review"
"bebsu-g4-original","bebsu-3af055bcd9392f7a","math","kma.g4.addition","3.925","0","","G4","numeric","machine_checked","needs_expert_review"
"bebsu-g4-original","bebsu-178d1c8b4fc8f344","math","kma.g4.addition","3.95","0","","G4","numeric","machine_checked","needs_expert_review"
"bebsu-g4-original","bebsu-cec0c9c556f9bc14","math","kma.g4.addition","3.975","0","","G4","numeric","machine_checked","needs_expert_review"
"bebsu-g4-original","bebsu-3c9be1ee69587f88","math","kma.g4.addition","4","0","","G4","numeric","machine_checked","needs_expert_review"
"bebsu-g4-original","bebsu-f7aa07cc0ca6fa6a","math","kma.g4.addition","4","0","","G4","numeric","machine_checked","needs_expert_review"
"bebsu-g4-original","bebsu-760abf9a7395096b","math","kma.g4.addition","4","0","","G4","numeric","machine_checked","needs_expert_review"
"bebsu-g4-original","bebsu-0141209d7c8e1f60","math","kma.g4.addition","4","0","","G4","numeric","machine_checked","needs_expert_review"
"bebsu-g4-original","bebsu-13dad481833db59f","math","kma.g4.unclassified","4","0","","G4","numeric","machine_checked","needs_expert_review"
"bebsu-g4-original","bebsu-b3d83b774f7a79ae","math","kma.g4.addition","3.45","0","","G4","numeric","machine_checked","needs_expert_review"
"bebsu-g4-original","bebsu-3fcc140dd85d92ac","math","kma.g4.addition","4","0","","G4","numeric","machine_checked","needs_expert_review"
"bebsu-g4-original","bebsu-3923da3a82989484","math","kma.g4.addition","3.475","0","","G4","numeric","machine_checked","needs_expert_review"
"bebsu-g4-original","bebsu-273a65b96fe190e5","math","kma.g4.addition","3.5","0","","G4","numeric","machine_checked","needs_expert_review"
"bebsu-g4-original","bebsu-49e7b5ca34be99e3","math","kma.g4.addition","3.525","0","","G4","numeric","machine_checked","needs_expert_review"
"bebsu-g4-original","bebsu-3ca29b47a2741a22","math","kma.g4.addition","3.55","0","","G4","numeric","machine_checked","needs_expert_review"
"bebsu-g4-original","bebsu-8660e00a42d68a2d","math","kma.g4.addition","3.575","0.2","","G4","choice","machine_checked","needs_expert_review"
"bebsu-g4-original","bebsu-b7f022e7f8205b30","math","kma.g4.addition","3.6","0","","G4","numeric","machine_checked","needs_expert_review"
"bebsu-g4-original","bebsu-26729c8c8784c6de","math","kma.g4.addition","3.4","0","","G4","numeric","machine_checked","needs_expert_review"
"bebsu-g4-original","bebsu-f46c3325b1e75e43","math","kma.g4.addition","3.625","0","","G4","numeric","machine_checked","needs_expert_review"
"bebsu-g4-original","bebsu-82704b2f3d037722","math","kma.g4.addition","3.65","0","","G4","numeric","machine_checked","needs_expert_review"
"bebsu-g4-original","bebsu-afa3a561a053fc9b","math","kma.g4.addition","3.675","0","","G4","numeric","machine_checked","needs_expert_review"
"bebsu-g4-original","bebsu-58471dacbeea81d3","math","kma.g4.geometry","3.7","0.2","","G4","choice","machine_checked","needs_expert_review"
"bebsu-g4-original","bebsu-4c9612f2b9de4a9a","math","kma.g4.addition","3.725","0","","G4","numeric","machine_checked","needs_expert_review"
"bebsu-g4-original","bebsu-17484c324ffe57fc","math","kma.g4.subtraction","3.75","0","","G4","numeric","machine_checked","needs_expert_review"
"bebsu-g4-original","bebsu-6ced7e709f4e0b84","math","kma.g4.addition","3.775","0","","G4","numeric","machine_checked","needs_expert_review"
"bebsu-g4-original","bebsu-bc524fc98165edfc","math","kma.g4.addition","3.8","0","","G4","numeric","machine_checked","needs_expert_review"
"bebsu-g4-original","bebsu-ba1989812cdeabe5","math","kma.g4.measurement","3.825","0","","G4","numeric","machine_checked","needs_expert_review"
"bebsu-g4-original","bebsu-7e7c5b5dafb5694a","math","kma.g4.addition","3.85","0","","G4","numeric","machine_checked","needs_expert_review"
"bebsu-g4-original","bebsu-ed5a987db048fcc5","math","kma.g4.addition","3.425","0","","G4","numeric","machine_checked","needs_expert_review"
"bebsu-g4-original","bebsu-62ff0c72137971e4","math","kma.g4.addition","3.875","0","","G4","numeric","machine_checked","needs_expert_review"
"bebsu-g4-original","bebsu-b9f4e1c854b03b56","math","kma.g4.addition","3.9","0","","G4","numeric","machine_checked","needs_expert_review"
"bebsu-g4-original","bebsu-bb789e1602c2ad23","math","kma.g4.addition","3.925","0","","G4","numeric","machine_checked","needs_expert_review"
"bebsu-g4-original","bebsu-de5cbea1d277efda","math","kma.g4.addition","3.95","0","","G4","numeric","machine_checked","needs_expert_review"
"bebsu-g4-original","bebsu-8108adb16a08ea92","math","kma.g4.addition","3.975","0","","G4","numeric","machine_checked","needs_expert_review"
"bebsu-g4-original","bebsu-c2b7cf8bb8cc9bb7","math","kma.g4.subtraction","4","0","","G4","numeric","machine_checked","needs_expert_review"
"bebsu-g4-original","bebsu-e543a817af188367","math","kma.g4.addition","4","0","","G4","numeric","machine_checked","needs_expert_review"
"bebsu-g4-original","bebsu-9e1536b9ed7eace4","math","kma.g4.addition","4","0","","G4","numeric","machine_checked","needs_expert_review"
"bebsu-g4-original","bebsu-8817730b1bc49135","math","kma.g4.addition","4","0","","G4","numeric","machine_checked","needs_expert_review"
"bebsu-g4-original","bebsu-75bb7dbb6d739789","math","kma.g4.subtraction","4","0","","G4","numeric","machine_checked","needs_expert_review"
"bebsu-g4-original","bebsu-fe5e796894f4b4e1","math","kma.g4.addition","3.45","0","","G4","numeric","machine_checked","needs_expert_review"
"bebsu-g4-original","bebsu-bb5c5baa8697d86d","math","kma.g4.addition","4","0","","G4","numeric","machine_checked","needs_expert_review"
"bebsu-g4-original","bebsu-281c7989f6783af5","math","kma.g4.geometry","3.475","0.2","","G4","choice","machine_checked","needs_expert_review"
"bebsu-g4-original","bebsu-ea67cd7b48f5f8eb","math","kma.g4.addition","3.5","0.2","","G4","choice","machine_checked","needs_expert_review"
"bebsu-g4-original","bebsu-e8750677d62848ed","math","kma.g4.addition","3.525","0","","G4","numeric","machine_checked","needs_expert_review"
"bebsu-g4-original","bebsu-c0472aa6f14f2dd6","math","kma.g4.addition","3.55","0","","G4","numeric","machine_checked","needs_expert_review"
"bebsu-g4-original","bebsu-95710c488c6169d8","math","kma.g4.comparison","3.575","0.2","","G4","choice","machine_checked","needs_expert_review"
"bebsu-g4-original","bebsu-93f9858c6b2784dd","math","kma.g4.addition","3.6","0","","G4","numeric","machine_checked","needs_expert_review"
"bebsu-g4-original","bebsu-f8bd01d07568d005","math","kma.g4.addition","3.4","0","","G4","numeric","machine_checked","needs_expert_review"
"bebsu-g4-original","bebsu-d950de808921abf1","math","kma.g4.addition","3.625","0","","G4","numeric","machine_checked","needs_expert_review"
"bebsu-g4-original","bebsu-2fa9f6095b3798c7","math","kma.g4.addition","3.65","0","","G4","numeric","machine_checked","needs_expert_review"
"bebsu-g4-original","bebsu-9beaaf2942891a8a","math","kma.g4.addition","3.675","0","","G4","numeric","machine_checked","needs_expert_review"
"bebsu-g4-original","bebsu-2f92f1423e3bde75","math","kma.g4.addition","3.7","0","","G4","numeric","machine_checked","needs_expert_review"
"bebsu-g4-original","bebsu-2d2021369a0d367b","math","kma.g4.addition","3.725","0","","G4","numeric","machine_checked","needs_expert_review"
"bebsu-g4-original","bebsu-c5b4f1da2d466b38","math","kma.g4.addition","3.75","0","","G4","numeric","machine_checked","needs_expert_review"
"bebsu-g4-original","bebsu-8a7925bdde2c95ac","math","kma.g4.addition","3.8","0","","G4","numeric","machine_checked","needs_expert_review"
"bebsu-g4-original","bebsu-5ad58282ecc6602a","math","kma.g4.addition","3.825","0","","G4","numeric","machine_checked","needs_expert_review"
"bebsu-g4-original","bebsu-76aba9d57a1adf13","math","kma.g4.subtraction","3.85","0","","G4","numeric","machine_checked","needs_expert_review"
"bebsu-g4-original","bebsu-06ffd03b106b0d37","math","kma.g4.addition","3.425","0","","G4","numeric","machine_checked","needs_expert_review"
"bebsu-g4-original","bebsu-96034e2ad4bae741","math","kma.g4.addition","3.875","0","","G4","numeric","machine_checked","needs_expert_review"
"bebsu-g4-original","bebsu-48ca1c49388874e2","math","kma.g4.counting","3.9","0","","G4","numeric","machine_checked","needs_expert_review"
"bebsu-g4-original","bebsu-bf7b2075802f924c","math","kma.g4.addition","3.925","0","","G4","numeric","machine_checked","needs_expert_review"
"bebsu-g4-original","bebsu-1811d9c1337c2ba1","math","kma.g4.addition","3.95","0","","G4","numeric","machine_checked","needs_expert_review"
"bebsu-g4-original","bebsu-2c4a61b107e35ea4","math","kma.g4.addition","3.975","0","","G4","numeric","machine_checked","needs_expert_review"
"bebsu-g4-original","bebsu-f9a30f9b3d6cdb4d","math","kma.g4.addition","3.45","0","","G4","numeric","machine_checked","needs_expert_review"
"bebsu-g4-original","bebsu-2b6cb1fdfc1bf085","math","kma.g4.addition","3.475","0","","G4","numeric","machine_checked","needs_expert_review"
"bebsu-g4-original","bebsu-3f30ef96950484dd","math","kma.g4.addition","3.5","0","","G4","numeric","machine_checked","needs_expert_review"
"bebsu-g4-original","bebsu-3d4cdf724831e6cb","math","kma.g4.addition","3.525","0","","G4","numeric","machine_checked","needs_expert_review"
"bebsu-g4-original","bebsu-aaf4ba44248f6562","math","kma.g4.addition","3.55","0","","G4","numeric","machine_checked","needs_expert_review"
"bebsu-g4-original","bebsu-615c144fa7ad199a","math","kma.g4.addition","3.575","0","","G4","numeric","machine_checked","needs_expert_review"
"bebsu-g4-original","bebsu-829a8bfe3f4b8c1b","math","kma.g4.addition","3.6","0","","G4","numeric","machine_checked","needs_expert_review"
"bebsu-g4-original","bebsu-b7520c5cc94a2787","math","kma.g4.subtraction","3.4","0","","G4","numeric","machine_checked","needs_expert_review"
"bebsu-g4-original","bebsu-119f8435c3c60d35","math","kma.g4.addition","3.625","0.2","","G4","choice","machine_checked","needs_expert_review"
"bebsu-g4-original","bebsu-f847cf52b3cb96f3","math","kma.g4.subtraction","3.65","0","","G4","numeric","machine_checked","needs_expert_review"
"bebsu-g4-original","bebsu-2f991423af386f1a","math","kma.g4.subtraction","3.675","0","","G4","numeric","machine_checked","needs_expert_review"
"bebsu-g4-original","bebsu-ac8762b7eb5b9a07","math","kma.g4.addition","3.7","0","","G4","numeric","machine_checked","needs_expert_review"
"bebsu-g4-original","bebsu-00f61d60ad19f1bc","math","kma.g4.addition","3.725","0","","G4","numeric","machine_checked","needs_expert_review"
"bebsu-g4-original","bebsu-4bbfb2e5c7b06262","math","kma.g4.addition","3.75","0","","G4","numeric","machine_checked","needs_expert_review"
"bebsu-g4-original","bebsu-647666a6a4cd43da","math","kma.g4.addition","3.775","0","","G4","numeric","machine_checked","needs_expert_review"
"bebsu-g4-original","bebsu-280aad99b53125b2","math","kma.g4.subtraction","3.8","0","","G4","numeric","machine_checked","needs_expert_review"
"bebsu-g4-original","bebsu-cfb0c408217ee02c","math","kma.g4.addition","3.825","0","","G4","numeric","machine_checked","needs_expert_review"
"bebsu-g4-original","bebsu-b37efd708626cf36","math","kma.g4.addition","3.85","0","","G4","numeric","machine_checked","needs_expert_review"
"bebsu-g4-original","bebsu-3a3014a21eb05204","math","kma.g4.addition","3.425","0","","G4","numeric","machine_checked","needs_expert_review"
"bebsu-g4-original","bebsu-2b129968e16b9dcf","math","kma.g4.addition","3.875","0","","G4","numeric","machine_checked","needs_expert_review"
"bebsu-g4-original","bebsu-f4c9283b3af560e4","math","kma.g4.addition","3.9","0","","G4","numeric","machine_checked","needs_expert_review"
"bebsu-g4-original","bebsu-ab35e92e7892cc1c","math","kma.g4.addition","3.925","0","","G4","numeric","machine_checked","needs_expert_review"
"bebsu-g4-original","bebsu-b0bda1e54d094fea","math","kma.g4.addition","3.95","0","","G4","numeric","machine_checked","needs_expert_review"
"bebsu-g4-original","bebsu-d09f299f8c63d5aa","math","kma.g4.subtraction","3.975","0","","G4","numeric","machine_checked","needs_expert_review"
"bebsu-g4-original","bebsu-b7f1bfff773144c7","math","kma.g4.addition","4","0","","G4","numeric","machine_checked","needs_expert_review"
"bebsu-g4-original","bebsu-a43233be9c9dda59","math","kma.g4.addition","4","0","","G4","numeric","machine_checked","needs_expert_review"
"bebsu-g4-original","bebsu-5936225e98e76184","math","kma.g4.addition","4","0","","G4","numeric","machine_checked","needs_expert_review"
"bebsu-g4-original","bebsu-5d61e0425471dfc1","math","kma.g4.addition","4","0","","G4","numeric","machine_checked","needs_expert_review"
"bebsu-g4-original","bebsu-9628305f4ab4d00a","math","kma.g4.addition","4","0","","G4","numeric","machine_checked","needs_expert_review"
"bebsu-g4-original","bebsu-bed9a25e30038828","math","kma.g4.addition","3.45","0","","G4","numeric","machine_checked","needs_expert_review"
"bebsu-g4-original","bebsu-298adbbdd97094af","math","kma.g4.addition","4","0","","G4","numeric","machine_checked","needs_expert_review"
"bebsu-g4-original","bebsu-c1b975102f62a21e","math","kma.g4.addition","3.475","0","","G4","numeric","machine_checked","needs_expert_review"
"bebsu-g4-original","bebsu-1be8d22c2e2061bc","math","kma.g4.addition","3.5","0.2","","G4","choice","machine_checked","needs_expert_review"
"bebsu-g4-original","bebsu-a7a9293ee5f8e095","math","kma.g4.addition","3.525","0","","G4","numeric","machine_checked","needs_expert_review"
"bebsu-g4-original","bebsu-28d5f83566bece25","math","kma.g4.order","3.55","0.2","","G4","choice","machine_checked","needs_expert_review"
"bebsu-g4-original","bebsu-0566424222c1a12e","math","kma.g4.geometry","3.575","0.2","","G4","choice","machine_checked","needs_expert_review"
"bebsu-g4-original","bebsu-eae296d00a1003fe","math","kma.g4.addition","3.6","0","","G4","numeric","machine_checked","needs_expert_review"
"bebsu-g4-original","bebsu-bca416895e36c5db","math","kma.g4.addition","3.4","0","","G4","numeric","machine_checked","needs_expert_review"
"bebsu-g4-original","bebsu-f2a8b815b6781326","math","kma.g4.addition","3.625","0","","G4","numeric","machine_checked","needs_expert_review"
"bebsu-g4-original","bebsu-7c0578b4660d8e00","math","kma.g4.addition","3.65","0","","G4","numeric","machine_checked","needs_expert_review"
"bebsu-g4-original","bebsu-cadcadf374087574","math","kma.g4.addition","3.675","0","","G4","numeric","machine_checked","needs_expert_review"
"bebsu-g4-original","bebsu-e90ee7baaa7e6984","math","kma.g4.addition","3.7","0","","G4","numeric","machine_checked","needs_expert_review"
"bebsu-g4-original","bebsu-9b69580a7fd0e6c0","math","kma.g4.addition","3.725","0","","G4","numeric","machine_checked","needs_expert_review"
"bebsu-g4-original","bebsu-567df7eebc8db559","math","kma.g4.addition","3.75","0","","G4","numeric","machine_checked","needs_expert_review"
"bebsu-g4-original","bebsu-9f923e0fb4d0d2e9","math","kma.g4.addition","3.775","0","","G4","numeric","machine_checked","needs_expert_review"
"bebsu-g4-original","bebsu-ace19650c347ee45","math","kma.g4.addition","3.8","0","","G4","numeric","machine_checked","needs_expert_review"
"bebsu-g4-original","bebsu-af4c02251e2d419d","math","kma.g4.addition","3.825","0","","G4","numeric","machine_checked","needs_expert_review"
"bebsu-g4-original","bebsu-8df99e3531b9029c","math","kma.g4.addition","3.85","0","","G4","numeric","machine_checked","needs_expert_review"
"bebsu-g4-original","bebsu-b8d576b84b4c4e60","math","kma.g4.subtraction","3.425","0","","G4","numeric","machine_checked","needs_expert_review"
"bebsu-g4-original","bebsu-2fe96039ae5029e0","math","kma.g4.addition","3.875","0","","G4","numeric","machine_checked","needs_expert_review"
"bebsu-g4-original","bebsu-8cc7d4a4d793af18","math","kma.g4.addition","3.9","0","","G4","numeric","machine_checked","needs_expert_review"
"bebsu-g4-original","bebsu-68bec568520017a9","math","kma.g4.addition","3.925","0","","G4","numeric","machine_checked","needs_expert_review"
"bebsu-g4-original","bebsu-ccc6dba1a3b8ea09","math","kma.g4.addition","3.95","0","","G4","numeric","machine_checked","needs_expert_review"
"bebsu-g4-original","bebsu-c0ea62084573e1c9","math","kma.g4.addition","3.975","0","","G4","numeric","machine_checked","needs_expert_review"
"bebsu-g4-original","bebsu-85b140d062955282","math","kma.g4.addition","4","0","","G4","numeric","machine_checked","needs_expert_review"
"bebsu-g4-original","bebsu-324be7ea73d02dcc","math","kma.g4.subtraction","4","0","","G4","numeric","machine_checked","needs_expert_review"
"bebsu-g4-original","bebsu-36ebbd2df0a02329","math","kma.g4.addition","4","0","","G4","numeric","machine_checked","needs_expert_review"
"bebsu-g4-original","bebsu-1e0c8b202b8e3f99","math","kma.g4.addition","4","0","","G4","numeric","machine_checked","needs_expert_review"
"bebsu-g4-original","bebsu-e8c04c1b4cf65b6a","math","kma.g4.geometry","4","0","","G4","numeric","machine_checked","needs_expert_review"
"bebsu-g4-original","bebsu-51d8b6f075f94732","math","kma.g4.addition","3.45","0.2","","G4","choice","machine_checked","needs_expert_review"
"bebsu-g4-original","bebsu-89d44dfc2b4c5770","math","kma.g4.addition","4","0","","G4","numeric","machine_checked","needs_expert_review"
"bebsu-g4-original","bebsu-9b5eef1f54f0dc6b","math","kma.g4.addition","3.475","0","","G4","numeric","machine_checked","needs_expert_review"
"bebsu-g4-original","bebsu-774819aac32b2616","math","kma.g4.addition","3.5","0","","G4","numeric","machine_checked","needs_expert_review"
"bebsu-g4-original","bebsu-bc7c5b2f481abd27","math","kma.g4.addition","3.525","0","","G4","numeric","machine_checked","needs_expert_review"
"bebsu-g4-original","bebsu-039cdbd3c062d288","math","kma.g4.place_value","3.55","0.2","","G4","choice","machine_checked","needs_expert_review"
"bebsu-g4-original","bebsu-e96557aa7b171fdf","math","kma.g4.addition","3.575","0","","G4","numeric","machine_checked","needs_expert_review"
"bebsu-g4-original","bebsu-96b2c24be0ab6c1f","math","kma.g4.addition","3.6","0","","G4","numeric","machine_checked","needs_expert_review"
"bebsu-g4-original","bebsu-a3260359124ff542","math","kma.g4.addition","3.4","0","","G4","numeric","machine_checked","needs_expert_review"
"bebsu-g4-original","bebsu-adeda8cb4f06646e","math","kma.g4.addition","3.625","0","","G4","numeric","machine_checked","needs_expert_review"
"bebsu-g4-original","bebsu-30b66d5c638bdb3b","math","kma.g4.addition","3.65","0","","G4","numeric","machine_checked","needs_expert_review"
"bebsu-g4-original","bebsu-ecd65944ddab9d47","math","kma.g4.addition","3.675","0","","G4","numeric","machine_checked","needs_expert_review"
"bebsu-g4-original","bebsu-59406915bc6cd399","math","kma.g4.addition","3.7","0","","G4","numeric","machine_checked","needs_expert_review"
"bebsu-g4-original","bebsu-0b24979eacdfaa52","math","kma.g4.addition","3.725","0","","G4","numeric","machine_checked","needs_expert_review"
"bebsu-g4-original","bebsu-e16fc8c71ffcb38c","math","kma.g4.addition","3.75","0","","G4","numeric","machine_checked","needs_expert_review"
"bebsu-g4-original","bebsu-5bc566b00859fd1a","math","kma.g4.counting","3.775","0","","G4","numeric","machine_checked","needs_expert_review"
"bebsu-g4-original","bebsu-20141f5b7d4f8d04","math","kma.g4.addition","3.8","0","","G4","numeric","machine_checked","needs_expert_review"
"bebsu-g4-original","bebsu-402cbea1a8305f0a","math","kma.g4.addition","3.825","0","","G4","numeric","machine_checked","needs_expert_review"
"bebsu-g4-original","bebsu-ef93df052876e51b","math","kma.g4.addition","3.85","0","","G4","numeric","machine_checked","needs_expert_review"
"bebsu-g4-original","bebsu-5bb1434aa3c427b1","math","kma.g4.addition","3.425","0","","G4","numeric","machine_checked","needs_expert_review"
"bebsu-g4-original","bebsu-eb976af988f098b2","math","kma.g4.addition","3.875","0","","G4","numeric","machine_checked","needs_expert_review"
"bebsu-g4-original","bebsu-29655d2ba9686077","math","kma.g4.addition","3.9","0","","G4","numeric","machine_checked","needs_expert_review"
"bebsu-g4-original","bebsu-b01662c17df56a4f","math","kma.g4.addition","3.925","0","","G4","numeric","machine_checked","needs_expert_review"
"bebsu-g4-original","bebsu-f6514885c38cde54","math","kma.g4.addition","3.95","0","","G4","numeric","machine_checked","needs_expert_review"
"bebsu-g4-original","bebsu-b7675d7bcb99a956","math","kma.g4.addition","3.975","0","","G4","numeric","machine_checked","needs_expert_review"
"bebsu-g4-original","bebsu-b8cb50808d5ddfa9","math","kma.g4.addition","4","0.2","","G4","choice","machine_checked","needs_expert_review"
"bebsu-g4-original","bebsu-46b5e25a3e320796","math","kma.g4.addition","3.45","0","","G4","numeric","machine_checked","needs_expert_review"
"bebsu-g4-original","bebsu-d912ac265e5e66a6","math","kma.g4.addition","3.475","0","","G4","numeric","machine_checked","needs_expert_review"
"bebsu-g4-original","bebsu-15ad1d50735a497a","math","kma.g4.addition","3.5","0","","G4","numeric","machine_checked","needs_expert_review"
"bebsu-g4-original","bebsu-9eb7187ad177480b","math","kma.g4.addition","3.525","0","","G4","numeric","machine_checked","needs_expert_review"
"bebsu-g4-original","bebsu-ab0e19b69376efa6","math","kma.g4.addition","3.55","0","","G4","numeric","machine_checked","needs_expert_review"
"bebsu-g4-original","bebsu-4a029231985e980e","math","kma.g4.addition","3.575","0","","G4","numeric","machine_checked","needs_expert_review"
"bebsu-g4-original","bebsu-287f5c5c1215ceba","math","kma.g4.addition","3.6","0","","G4","numeric","machine_checked","needs_expert_review"
"bebsu-g4-original","bebsu-f43fc20ffba54b77","math","kma.g4.addition","3.4","0.2","","G4","choice","machine_checked","needs_expert_review"
"bebsu-g4-original","bebsu-29799964ae3a0427","math","kma.g4.addition","3.625","0","","G4","numeric","machine_checked","needs_expert_review"
"bebsu-g4-original","bebsu-2d888927f65fadc4","math","kma.g4.pattern_logic","3.65","0.2","","G4","choice","machine_checked","needs_expert_review"
"bebsu-g4-original","bebsu-f76a0e546fe6e4e4","math","kma.g4.addition","3.675","0","","G4","numeric","machine_checked","needs_expert_review"
"bebsu-g4-original","bebsu-64a73a7118995094","math","kma.g4.addition","3.7","0","","G4","numeric","machine_checked","needs_expert_review"
"bebsu-g4-original","bebsu-045c5a7664911370","math","kma.g4.addition","3.725","0","","G4","numeric","machine_checked","needs_expert_review"
"bebsu-g4-original","bebsu-5832987a776a1dab","math","kma.g4.addition","3.75","0","","G4","numeric","machine_checked","needs_expert_review"
"bebsu-g4-original","bebsu-cbd0b422aad43f85","math","kma.g4.addition","3.775","0","","G4","numeric","machine_checked","needs_expert_review"
"bebsu-g4-original","bebsu-5ad5944e86424ebf","math","kma.g4.addition","3.8","0","","G4","numeric","machine_checked","needs_expert_review"
"bebsu-g4-original","bebsu-b8369b055ff3cbe6","math","kma.g4.addition","3.825","0","","G4","numeric","machine_checked","needs_expert_review"
"bebsu-g4-original","bebsu-fcf4eb6022cf9a76","math","kma.g4.subtraction","3.85","0","","G4","numeric","machine_checked","needs_expert_review"
"bebsu-g4-original","bebsu-f90bab742fc917f1","math","kma.g4.addition","3.425","0","","G4","numeric","machine_checked","needs_expert_review"
"bebsu-g4-original","bebsu-3e3304d56b084ff3","math","kma.g4.addition","3.875","0","","G4","numeric","machine_checked","needs_expert_review"
"bebsu-g4-original","bebsu-fcfbc2b3f7666069","math","kma.g4.addition","3.9","0","","G4","numeric","machine_checked","needs_expert_review"
"bebsu-g4-original","bebsu-22bb245712026945","math","kma.g4.addition","3.925","0","","G4","numeric","machine_checked","needs_expert_review"
"bebsu-g4-original","bebsu-64fb96c48856a118","math","kma.g4.addition","3.95","0","","G4","numeric","machine_checked","needs_expert_review"
"bebsu-g4-original","bebsu-e36813a86db619c6","math","kma.g4.subtraction","3.975","0","","G4","numeric","machine_checked","needs_expert_review"
"bebsu-g4-original","bebsu-ae0d172d87d6fa0b","math","kma.g4.addition","4","0","","G4","numeric","machine_checked","needs_expert_review"
"bebsu-g4-original","bebsu-04768eeb2c57bc6b","math","kma.g4.addition","4","0","","G4","numeric","machine_checked","needs_expert_review"
"bebsu-g4-original","bebsu-9001419f23ca4d91","math","kma.g4.addition","4","0","","G4","numeric","machine_checked","needs_expert_review"
"bebsu-g4-original","bebsu-ff924c5937bd3dff","math","kma.g4.addition","4","0","","G4","numeric","machine_checked","needs_expert_review"
"bebsu-g4-original","bebsu-a3a6b1fc27c1550b","math","kma.g4.addition","4","0","","G4","numeric","machine_checked","needs_expert_review"
"bebsu-g4-original","bebsu-3acbde8c08ace231","math","kma.g4.addition","3.45","0.2","","G4","choice","machine_checked","needs_expert_review"
"bebsu-g4-original","bebsu-c3bd7961f27d8035","math","kma.g4.addition","4","0","","G4","numeric","machine_checked","needs_expert_review"
"bebsu-g4-original","bebsu-a98d171d0bcc79c6","math","kma.g4.addition","3.475","0","","G4","numeric","machine_checked","needs_expert_review"
"bebsu-g4-original","bebsu-7893a0900b2cdea2","math","kma.g4.addition","3.5","0.2","","G4","choice","machine_checked","needs_expert_review"
"bebsu-g4-original","bebsu-f1ebb322728b382f","math","kma.g4.addition","3.525","0","","G4","numeric","machine_checked","needs_expert_review"
"bebsu-g4-original","bebsu-824521d30c092cee","math","kma.g4.subtraction","3.55","0","","G4","numeric","machine_checked","needs_expert_review"
"bebsu-g4-original","bebsu-54a480bd26e18e40","math","kma.g4.addition","3.575","0.2","","G4","choice","machine_checked","needs_expert_review"
"bebsu-g4-original","bebsu-a27b2ad6710d5fbc","math","kma.g4.addition","3.6","0.2","","G4","choice","machine_checked","needs_expert_review"
"bebsu-g4-original","bebsu-8a50498244e2601c","math","kma.g4.addition","3.4","0","","G4","numeric","machine_checked","needs_expert_review"
"bebsu-g4-original","bebsu-d27087e2bcbd5955","math","kma.g4.addition","3.625","0","","G4","numeric","machine_checked","needs_expert_review"
"bebsu-g4-original","bebsu-c465a5f8c4bd3eb4","math","kma.g4.addition","3.65","0","","G4","numeric","machine_checked","needs_expert_review"
"bebsu-g4-original","bebsu-390f9a69a00898a3","math","kma.g4.addition","3.675","0","","G4","numeric","machine_checked","needs_expert_review"
"bebsu-g4-original","bebsu-b660514575ff2958","math","kma.g4.addition","3.7","0","","G4","numeric","machine_checked","needs_expert_review"
"bebsu-g4-original","bebsu-01dba7495db8f1aa","math","kma.g4.addition","3.725","0","","G4","numeric","machine_checked","needs_expert_review"
"bebsu-g4-original","bebsu-959a015c5b5cb86b","math","kma.g4.addition","3.75","0","","G4","numeric","machine_checked","needs_expert_review"
"bebsu-g4-original","bebsu-bba23deb6f89cedc","math","kma.g4.addition","3.775","0","","G4","numeric","machine_checked","needs_expert_review"
"bebsu-g4-original","bebsu-0948f788a266463d","math","kma.g4.addition","3.8","0","","G4","numeric","machine_checked","needs_expert_review"
"bebsu-g4-original","bebsu-e08891c51ef5edd9","math","kma.g4.addition","3.825","0","","G4","numeric","machine_checked","needs_expert_review"
"bebsu-g4-original","bebsu-263b056309b66e44","math","kma.g4.subtraction","3.85","0","","G4","numeric","machine_checked","needs_expert_review"
"bebsu-g4-original","bebsu-151e5296dfd0936a","math","kma.g4.addition","3.425","0","","G4","numeric","machine_checked","needs_expert_review"
"bebsu-g4-original","bebsu-42c840221e32b667","math","kma.g4.subtraction","3.875","0","","G4","numeric","machine_checked","needs_expert_review"
"bebsu-g4-original","bebsu-8e489b2f34233434","math","kma.g4.addition","3.9","0","","G4","numeric","machine_checked","needs_expert_review"
"bebsu-g4-original","bebsu-dbd6f5dc13853fa1","math","kma.g4.addition","3.925","0","","G4","numeric","machine_checked","needs_expert_review"
"bebsu-g4-original","bebsu-0243c47ad6d1ab11","math","kma.g4.addition","3.95","0","","G4","numeric","machine_checked","needs_expert_review"
"bebsu-g4-original","bebsu-70ccf3e8ffd5cccb","math","kma.g4.addition","3.975","0","","G4","numeric","machine_checked","needs_expert_review"
"bebsu-g4-original","bebsu-9bc4c7c9ee40c95d","math","kma.g4.addition","4","0","","G4","numeric","machine_checked","needs_expert_review"
"bebsu-g4-original","bebsu-e9de4d9f0194d306","math","kma.g4.addition","3.45","0","","G4","numeric","machine_checked","needs_expert_review"
"bebsu-g4-original","bebsu-7cb5d15828cbb6fa","math","kma.g4.addition","3.475","0","","G4","numeric","machine_checked","needs_expert_review"
"bebsu-g4-original","bebsu-982fbfddabaf94f5","math","kma.g4.addition","3.5","0","","G4","numeric","machine_checked","needs_expert_review"
"bebsu-g4-original","bebsu-ed22c77024ff3aca","math","kma.g4.addition","3.525","0","","G4","numeric","machine_checked","needs_expert_review"
"bebsu-g4-original","bebsu-7e409de04df668b7","math","kma.g4.addition","3.55","0","","G4","numeric","machine_checked","needs_expert_review"
"bebsu-g4-original","bebsu-5d8c24b49b9c7a40","math","kma.g4.addition","3.575","0","","G4","numeric","machine_checked","needs_expert_review"
"bebsu-g4-original","bebsu-2cc1ab8e403f4e04","math","kma.g4.addition","3.6","0","","G4","numeric","machine_checked","needs_expert_review"
"bebsu-g4-original","bebsu-07aec0c96edf1041","math","kma.g4.subtraction","3.4","0","","G4","numeric","machine_checked","needs_expert_review"
"bebsu-g4-original","bebsu-0ba4958f84736ef8","math","kma.g4.addition","3.625","0","","G4","numeric","machine_checked","needs_expert_review"
"bebsu-g4-original","bebsu-59793a1f38d42237","math","kma.g4.addition","3.65","0","","G4","numeric","machine_checked","needs_expert_review"
"bebsu-g4-original","bebsu-57b2893d8366aade","math","kma.g4.addition","3.675","0","","G4","numeric","machine_checked","needs_expert_review"
"bebsu-g4-original","bebsu-05a70d46173c694e","math","kma.g4.addition","3.7","0","","G4","numeric","machine_checked","needs_expert_review"
"bebsu-g4-original","bebsu-429b4b1690603b86","math","kma.g4.addition","3.725","0","","G4","numeric","machine_checked","needs_expert_review"
"bebsu-g4-original","bebsu-b740b9669839038f","math","kma.g4.addition","3.75","0","","G4","numeric","machine_checked","needs_expert_review"
"bebsu-g4-original","bebsu-3286fb7d8c4039d7","math","kma.g4.addition","3.775","0","","G4","numeric","machine_checked","needs_expert_review"
"bebsu-g4-original","bebsu-4dd64318f5fccacc","math","kma.g4.addition","3.8","0","","G4","numeric","machine_checked","needs_expert_review"
"bebsu-g4-original","bebsu-02351d0fe6b4a50b","math","kma.g4.addition","3.825","0","","G4","numeric","machine_checked","needs_expert_review"
"bebsu-g4-original","bebsu-1c9fa14c439eeee2","math","kma.g4.addition","3.85","0","","G4","numeric","machine_checked","needs_expert_review"
"bebsu-g4-original","bebsu-d8bc08921765f0fe","math","kma.g4.addition","3.425","0","","G4","numeric","machine_checked","needs_expert_review"
"bebsu-g4-original","bebsu-6bb5d8f8ec0df054","math","kma.g4.addition","3.875","0","","G4","numeric","machine_checked","needs_expert_review"
"bebsu-g4-original","bebsu-cddb6a9461469be1","math","kma.g4.addition","3.9","0","","G4","numeric","machine_checked","needs_expert_review"
"bebsu-g4-original","bebsu-58354be644872d26","math","kma.g4.addition","3.925","0","","G4","numeric","machine_checked","needs_expert_review"
"bebsu-g4-original","bebsu-d3674d15abcb643b","math","kma.g4.subtraction","3.95","0","","G4","numeric","machine_checked","needs_expert_review"
"bebsu-g4-original","bebsu-0d45eb30b1a1b985","math","kma.g4.addition","3.975","0","","G4","numeric","machine_checked","needs_expert_review"
"bebsu-g4-original","bebsu-77da7c4cd1797bfb","math","kma.g4.addition","4","0","","G4","numeric","machine_checked","needs_expert_review"
"bebsu-g4-original","bebsu-dd64e7b6f5e86e4d","math","kma.g4.addition","4","0","","G4","numeric","machine_checked","needs_expert_review"
"bebsu-g4-original","bebsu-f12e781be47a3357","math","kma.g4.addition","4","0","","G4","numeric","machine_checked","needs_expert_review"
"bebsu-g4-original","bebsu-ba0d18c023a03c4d","math","kma.g4.addition","4","0","","G4","numeric","machine_checked","needs_expert_review"
"bebsu-g4-original","bebsu-91c71555be870ad6","math","kma.g4.addition","4","0","","G4","numeric","machine_checked","needs_expert_review"
"bebsu-g4-original","bebsu-60ef82597b8466d2","math","kma.g4.addition","3.45","0","","G4","numeric","machine_checked","needs_expert_review"
"bebsu-g4-original","bebsu-98e3ae2b2c11fd90","math","kma.g4.addition","4","0","","G4","numeric","machine_checked","needs_expert_review"
"bebsu-g4-original","bebsu-226a2a92be7443ad","math","kma.g4.addition","3.475","0","","G4","numeric","machine_checked","needs_expert_review"
"bebsu-g4-original","bebsu-be1d7af9d47e33f0","math","kma.g4.addition","3.5","0","","G4","numeric","machine_checked","needs_expert_review"
"bebsu-g4-original","bebsu-9131d982c509129a","math","kma.g4.addition","3.525","0","","G4","numeric","machine_checked","needs_expert_review"
"bebsu-g4-original","bebsu-536cc9501205f928","math","kma.g4.addition","3.55","0.2","","G4","choice","machine_checked","needs_expert_review"
"bebsu-g4-original","bebsu-1251f0cbb01a471c","math","kma.g4.addition","3.575","0","","G4","numeric","machine_checked","needs_expert_review"
"bebsu-g4-original","bebsu-87fa88180ce45f32","math","kma.g4.addition","3.6","0","","G4","numeric","machine_checked","needs_expert_review"
"bebsu-g4-original","bebsu-a246ede281f7b312","math","kma.g4.pattern_logic","3.4","0","","G4","numeric","machine_checked","needs_expert_review"
"bebsu-g4-original","bebsu-96cabf09c7655baa","math","kma.g4.addition","3.625","0","","G4","numeric","machine_checked","needs_expert_review"
"bebsu-g4-original","bebsu-52a1cd03c7be345c","math","kma.g4.geometry","3.65","0","","G4","numeric","machine_checked","needs_expert_review"
"bebsu-g4-original","bebsu-4a4e043a7199b3cf","math","kma.g4.geometry","3.675","0","","G4","numeric","machine_checked","needs_expert_review"
"bebsu-g4-original","bebsu-617f82e341022b67","math","kma.g4.addition","3.7","0","","G4","numeric","machine_checked","needs_expert_review"
"bebsu-g4-original","bebsu-51b84f3b1f32a7c3","math","kma.g4.addition","3.725","0","","G4","numeric","machine_checked","needs_expert_review"
"bebsu-g4-original","bebsu-97b504ec4188c31b","math","kma.g4.addition","3.75","0","","G4","numeric","machine_checked","needs_expert_review"
"bebsu-g4-original","bebsu-3eb8629ab9c5e59d","math","kma.g4.addition","3.775","0","","G4","numeric","machine_checked","needs_expert_review"
"bebsu-g4-original","bebsu-ebb3db34047d577f","math","kma.g4.subtraction","3.8","0.2","","G4","choice","machine_checked","needs_expert_review"
"bebsu-g4-original","bebsu-879cb2cdc8e6c872","math","kma.g4.subtraction","3.825","0","","G4","numeric","machine_checked","needs_expert_review"
"bebsu-g4-original","bebsu-7ce463ed76f169e6","math","kma.g4.addition","3.85","0","","G4","numeric","machine_checked","needs_expert_review"
"bebsu-g4-original","bebsu-866c29c444e323f7","math","kma.g4.pattern_logic","3.425","0","","G4","numeric","machine_checked","needs_expert_review"
"bebsu-g4-original","bebsu-67265f46ad5287b2","math","kma.g4.addition","3.875","0","","G4","numeric","machine_checked","needs_expert_review"
"bebsu-g4-original","bebsu-a13d97f9baebde44","math","kma.g4.addition","3.9","0","","G4","numeric","machine_checked","needs_expert_review"
"bebsu-g4-original","bebsu-53b56d0fc32379b7","math","kma.g4.addition","3.925","0","","G4","numeric","machine_checked","needs_expert_review"
"bebsu-g4-original","bebsu-1a01aba21739bd14","math","kma.g4.addition","3.95","0","","G4","numeric","machine_checked","needs_expert_review"
"bebsu-g4-original","bebsu-c02f1a1d7681a4f2","math","kma.g4.addition","3.975","0","","G4","numeric","machine_checked","needs_expert_review"
"bebsu-g4-original","bebsu-2aa44bed336e826e","math","kma.g4.addition","4","0","","G4","numeric","machine_checked","needs_expert_review"
"bebsu-g4-original","bebsu-dc0fa4bf53d3765e","math","kma.g4.addition","4","0","","G4","numeric","machine_checked","needs_expert_review"
"bebsu-g4-original","bebsu-bae7e61e98f0fdbf","math","kma.g4.addition","4","0","","G4","numeric","machine_checked","needs_expert_review"
"bebsu-g4-original","bebsu-e9c1716ec4c3424b","math","kma.g4.addition","4","0","","G4","numeric","machine_checked","needs_expert_review"
"bebsu-g4-original","bebsu-8347b8ffa0dba9bc","math","kma.g4.addition","4","0","","G4","numeric","machine_checked","needs_expert_review"
"bebsu-g4-original","bebsu-96958050c1c2030e","math","kma.g4.subtraction","3.45","0","","G4","numeric","machine_checked","needs_expert_review"
"bebsu-g4-original","bebsu-c1ed5bd8d74024a2","math","kma.g4.addition","4","0","","G4","numeric","machine_checked","needs_expert_review"
"bebsu-g4-original","bebsu-b633ce7b73b5129f","math","kma.g4.addition","3.475","0.2","","G4","choice","machine_checked","needs_expert_review"
"bebsu-g4-original","bebsu-419f19ac67e7b6cb","math","kma.g4.addition","3.5","0","","G4","numeric","machine_checked","needs_expert_review"
"bebsu-g4-original","bebsu-c2dd92575f032bc4","math","kma.g4.subtraction","3.525","0","","G4","numeric","machine_checked","needs_expert_review"
"bebsu-g4-original","bebsu-1035a81df7af89e4","math","kma.g4.comparison","3.55","0","","G4","numeric","machine_checked","needs_expert_review"
"bebsu-g4-original","bebsu-95eb3c725ba71983","math","kma.g4.addition","3.575","0.2","","G4","choice","machine_checked","needs_expert_review"
"bebsu-g4-original","bebsu-486154a321edd7bd","math","kma.g4.addition","3.6","0","","G4","numeric","machine_checked","needs_expert_review"
"bebsu-g4-original","bebsu-be5e35bf909c3e4a","math","kma.g4.addition","3.4","0","","G4","numeric","machine_checked","needs_expert_review"
"bebsu-g4-original","bebsu-ac60d78139efca2a","math","kma.g4.addition","3.625","0","","G4","numeric","machine_checked","needs_expert_review"
"bebsu-g4-original","bebsu-4b7f451c1f27a487","math","kma.g4.addition","3.65","0","","G4","numeric","machine_checked","needs_expert_review"
"bebsu-g4-original","bebsu-ccdebfcf6e8062d7","math","kma.g4.addition","3.675","0","","G4","numeric","machine_checked","needs_expert_review"
"bebsu-g4-original","bebsu-705d6f65ecb20c29","math","kma.g4.addition","3.7","0","","G4","numeric","machine_checked","needs_expert_review"
"bebsu-g4-original","bebsu-f16101c9e28b14df","math","kma.g4.addition","3.725","0","","G4","numeric","machine_checked","needs_expert_review"
"bebsu-g4-original","bebsu-64d92940cf2323b4","math","kma.g4.subtraction","3.75","0","","G4","numeric","machine_checked","needs_expert_review"
"bebsu-g4-original","bebsu-223fe9d731f53c8c","math","kma.g4.addition","3.775","0","","G4","numeric","machine_checked","needs_expert_review"
"bebsu-g4-original","bebsu-686c4022317157a8","math","kma.g4.addition","3.8","0","","G4","numeric","machine_checked","needs_expert_review"
"bebsu-g4-original","bebsu-a0122ddd31c20351","math","kma.g4.addition","3.825","0","","G4","numeric","machine_checked","needs_expert_review"
"bebsu-g4-original","bebsu-1ec06342fd6c9331","math","kma.g4.addition","3.85","0","","G4","numeric","machine_checked","needs_expert_review"
"bebsu-g4-original","bebsu-fb4f79b95affe150","math","kma.g4.addition","3.425","0","","G4","numeric","machine_checked","needs_expert_review"
"bebsu-g4-original","bebsu-098f3b7b3c9d85a9","math","kma.g4.addition","3.875","0","","G4","numeric","machine_checked","needs_expert_review"
"bebsu-g4-original","bebsu-c39aa6243b79dbaf","math","kma.g4.addition","3.9","0","","G4","numeric","machine_checked","needs_expert_review"
"bebsu-g4-original","bebsu-87943e43f0d88d81","math","kma.g4.addition","3.925","0","","G4","numeric","machine_checked","needs_expert_review"
"bebsu-g4-original","bebsu-a2ba08efd7fa5efd","math","kma.g4.addition","3.95","0","","G4","numeric","machine_checked","needs_expert_review"
"bebsu-g4-original","bebsu-8fb1c5d1cfa119b5","math","kma.g4.addition","3.975","0","","G4","numeric","machine_checked","needs_expert_review"
"bebsu-g4-original","bebsu-473a561440e46d65","math","kma.g4.addition","4","0","","G4","numeric","machine_checked","needs_expert_review"
"bebsu-g4-original","bebsu-d0dab395e8b27559","math","kma.g4.addition","4","0","","G4","numeric","machine_checked","needs_expert_review"
"bebsu-g4-original","bebsu-fd034df7a6bc210a","math","kma.g4.addition","4","0","","G4","numeric","machine_checked","needs_expert_review"
"bebsu-g4-original","bebsu-db6eb8cd25d68565","math","kma.g4.addition","4","0","","G4","numeric","machine_checked","needs_expert_review"
"bebsu-g4-original","bebsu-54ddac0548c6cad4","math","kma.g4.addition","4","0","","G4","numeric","machine_checked","needs_expert_review"
"bebsu-g4-original","bebsu-5acedd1c18c97514","math","kma.g4.addition","3.45","0","","G4","numeric","machine_checked","needs_expert_review"
"bebsu-g4-original","bebsu-b0a01a6b27dc8dfa","math","kma.g4.addition","4","0","","G4","numeric","machine_checked","needs_expert_review"
"bebsu-g4-original","bebsu-6e4d284f6236b146","math","kma.g4.addition","3.475","0","","G4","numeric","machine_checked","needs_expert_review"
"bebsu-g4-original","bebsu-5beb6a70f4bfff95","math","kma.g4.addition","3.5","0","","G4","numeric","machine_checked","needs_expert_review"
"bebsu-g4-original","bebsu-b87e92858f601854","math","kma.g4.subtraction","3.525","0","","G4","numeric","machine_checked","needs_expert_review"
"bebsu-g4-original","bebsu-95e081aa79a3e260","math","kma.g4.measurement","3.55","0","","G4","numeric","machine_checked","needs_expert_review"
"bebsu-g4-original","bebsu-0b3b436c38c13cda","math","kma.g4.subtraction","3.575","0.2","","G4","choice","machine_checked","needs_expert_review"
"bebsu-g4-original","bebsu-1e395b6cd720be56","math","kma.g4.addition","3.6","0","","G4","numeric","machine_checked","needs_expert_review"
"bebsu-g5-original","bebsu-5507038f692df1fa","math","kma.g5.addition","4.4","0","","G5","numeric","machine_checked","needs_expert_review"
"bebsu-g5-original","bebsu-b928c16b7edf1d5e","math","kma.g5.addition","4.625","0","","G5","numeric","machine_checked","needs_expert_review"
"bebsu-g5-original","bebsu-19a4c0e2ce0a7fa1","math","kma.g5.addition","4.65","0","","G5","numeric","machine_checked","needs_expert_review"
"bebsu-g5-original","bebsu-843d6da747903a7c","math","kma.g5.addition","4.675","0","","G5","numeric","machine_checked","needs_expert_review"
"bebsu-g5-original","bebsu-dd1ea196eb57e9fa","math","kma.g5.addition","4.7","0","","G5","numeric","machine_checked","needs_expert_review"
"bebsu-g5-original","bebsu-824a5f5e985cd2a4","math","kma.g5.subtraction","4.725","0","","G5","numeric","machine_checked","needs_expert_review"
"bebsu-g5-original","bebsu-e6558d51a4f569b2","math","kma.g5.addition","4.75","0","","G5","numeric","machine_checked","needs_expert_review"
"bebsu-g5-original","bebsu-6add783105d04e17","math","kma.g5.addition","4.775","0","","G5","numeric","machine_checked","needs_expert_review"
"bebsu-g5-original","bebsu-537b2a7a66f5ec33","math","kma.g5.addition","4.8","0","","G5","numeric","machine_checked","needs_expert_review"
"bebsu-g5-original","bebsu-9a44306b69c582d8","math","kma.g5.addition","4.825","0","","G5","numeric","machine_checked","needs_expert_review"
"bebsu-g5-original","bebsu-c3f1845127995531","math","kma.g5.addition","4.85","0","","G5","numeric","machine_checked","needs_expert_review"
"bebsu-g5-original","bebsu-1ef6947cfcbd7a38","math","kma.g5.geometry","4.425","0","","G5","numeric","machine_checked","needs_expert_review"
"bebsu-g5-original","bebsu-c6f8f21d2eefdef5","math","kma.g5.addition","4.875","0","","G5","numeric","machine_checked","needs_expert_review"
"bebsu-g5-original","bebsu-2df5f06b9835d666","math","kma.g5.addition","4.9","0","","G5","numeric","machine_checked","needs_expert_review"
"bebsu-g5-original","bebsu-514dc5b655442449","math","kma.g5.addition","4.925","0","","G5","numeric","machine_checked","needs_expert_review"
"bebsu-g5-original","bebsu-ff86cb0300acc74b","math","kma.g5.addition","4.95","0","","G5","numeric","machine_checked","needs_expert_review"
"bebsu-g5-original","bebsu-87ec19dc4cc6ad9e","math","kma.g5.addition","4.975","0","","G5","numeric","machine_checked","needs_expert_review"
"bebsu-g5-original","bebsu-9131643b1a3fc93c","math","kma.g5.addition","5","0","","G5","numeric","machine_checked","needs_expert_review"
"bebsu-g5-original","bebsu-8e31152ba6991262","math","kma.g5.addition","5","0","","G5","numeric","machine_checked","needs_expert_review"
"bebsu-g5-original","bebsu-45108e1f2a34f2e5","math","kma.g5.addition","5","0","","G5","numeric","machine_checked","needs_expert_review"
"bebsu-g5-original","bebsu-8b6686b27efc0e3a","math","kma.g5.unclassified","5","0","","G5","numeric","machine_checked","needs_expert_review"
"bebsu-g5-original","bebsu-7635f3d9c109ba50","math","kma.g5.addition","5","0","","G5","numeric","machine_checked","needs_expert_review"
"bebsu-g5-original","bebsu-37e559f508d4abb4","math","kma.g5.addition","4.45","0","","G5","numeric","machine_checked","needs_expert_review"
"bebsu-g5-original","bebsu-3c0e36f134631ea9","math","kma.g5.addition","5","0","","G5","numeric","machine_checked","needs_expert_review"
"bebsu-g5-original","bebsu-7bc228f9ef879352","math","kma.g5.addition","4.475","0","","G5","numeric","machine_checked","needs_expert_review"
"bebsu-g5-original","bebsu-193c8dcd11818ef5","math","kma.g5.comparison","4.5","0","","G5","numeric","machine_checked","needs_expert_review"
"bebsu-g5-original","bebsu-5e0036ffd0fa48dd","math","kma.g5.addition","4.525","0","","G5","numeric","machine_checked","needs_expert_review"
"bebsu-g5-original","bebsu-c090f3fcc95d3e17","math","kma.g5.measurement","4.55","0","","G5","numeric","machine_checked","needs_expert_review"
"bebsu-g5-original","bebsu-b640e4a6b7c832d7","math","kma.g5.counting","4.575","0","","G5","numeric","machine_checked","needs_expert_review"
"bebsu-g5-original","bebsu-ab967030190d35bb","math","kma.g5.subtraction","4.6","0","","G5","numeric","machine_checked","needs_expert_review"
"bebsu-g5-original","bebsu-6d11b7e87f22f51c","math","kma.g5.addition","4.4","0","","G5","numeric","machine_checked","needs_expert_review"
"bebsu-g5-original","bebsu-5229f95debf28ab9","math","kma.g5.addition","4.625","0","","G5","numeric","machine_checked","needs_expert_review"
"bebsu-g5-original","bebsu-820888205f25905e","math","kma.g5.subtraction","4.65","0","","G5","numeric","machine_checked","needs_expert_review"
"bebsu-g5-original","bebsu-54c6141b2bff9c07","math","kma.g5.measurement","4.675","0","","G5","numeric","machine_checked","needs_expert_review"
"bebsu-g5-original","bebsu-3c02c389c1c6a894","math","kma.g5.addition","4.7","0","","G5","numeric","machine_checked","needs_expert_review"
"bebsu-g5-original","bebsu-ddf18ccb6a29def7","math","kma.g5.addition","4.725","0","","G5","numeric","machine_checked","needs_expert_review"
"bebsu-g5-original","bebsu-64b5f6314fbd876e","math","kma.g5.addition","4.75","0","","G5","numeric","machine_checked","needs_expert_review"
"bebsu-g5-original","bebsu-12c3858ec4a9faca","math","kma.g5.addition","4.775","0","","G5","numeric","machine_checked","needs_expert_review"
"bebsu-g5-original","bebsu-eb3c9fe9ed41f415","math","kma.g5.addition","4.8","0","","G5","numeric","machine_checked","needs_expert_review"
"bebsu-g5-original","bebsu-682da5f90fb402d7","math","kma.g5.addition","4.825","0","","G5","numeric","machine_checked","needs_expert_review"
"bebsu-g5-original","bebsu-8fbf22f72bdb8f96","math","kma.g5.addition","4.85","0","","G5","numeric","machine_checked","needs_expert_review"
"bebsu-g5-original","bebsu-0b995125d17ad32d","math","kma.g5.subtraction","4.425","0","","G5","numeric","machine_checked","needs_expert_review"
"bebsu-g5-original","bebsu-a274d6eead84578c","math","kma.g5.addition","4.875","0","","G5","numeric","machine_checked","needs_expert_review"
"bebsu-g5-original","bebsu-732d55407207606d","math","kma.g5.addition","4.9","0","","G5","numeric","machine_checked","needs_expert_review"
"bebsu-g5-original","bebsu-54637e02af4a38e9","math","kma.g5.addition","4.925","0","","G5","numeric","machine_checked","needs_expert_review"
"bebsu-g5-original","bebsu-510d4f48ae7478aa","math","kma.g5.addition","4.95","0","","G5","numeric","machine_checked","needs_expert_review"
"bebsu-g5-original","bebsu-c9e6816aea21ab52","math","kma.g5.addition","4.975","0","","G5","numeric","machine_checked","needs_expert_review"
"bebsu-g5-original","bebsu-907f3b23ea9047cf","math","kma.g5.counting","5","0","","G5","numeric","machine_checked","needs_expert_review"
"bebsu-g5-original","bebsu-f309f9024237a43f","math","kma.g5.addition","5","0","","G5","numeric","machine_checked","needs_expert_review"
"bebsu-g5-original","bebsu-b13a5e171cb810ea","math","kma.g5.addition","5","0","","G5","numeric","machine_checked","needs_expert_review"
"bebsu-g5-original","bebsu-01a25822ae5476de","math","kma.g5.addition","5","0","","G5","numeric","machine_checked","needs_expert_review"
"bebsu-g5-original","bebsu-043e55d48be740e4","math","kma.g5.addition","5","0","","G5","numeric","machine_checked","needs_expert_review"
"bebsu-g5-original","bebsu-3f43210a276be67f","math","kma.g5.addition","4.45","0.2","","G5","choice","machine_checked","needs_expert_review"
"bebsu-g5-original","bebsu-59487347eee340a1","math","kma.g5.addition","5","0","","G5","numeric","machine_checked","needs_expert_review"
"bebsu-g5-original","bebsu-78e82fb127631257","math","kma.g5.addition","4.475","0","","G5","numeric","machine_checked","needs_expert_review"
"bebsu-g5-original","bebsu-dfb00c124c266d7a","math","kma.g5.addition","4.5","0","","G5","numeric","machine_checked","needs_expert_review"
"bebsu-g5-original","bebsu-0c89c26e2aec7efe","math","kma.g5.addition","4.525","0","","G5","numeric","machine_checked","needs_expert_review"
"bebsu-g5-original","bebsu-6984da146e8a8aff","math","kma.g5.addition","4.55","0","","G5","numeric","machine_checked","needs_expert_review"
"bebsu-g5-original","bebsu-b5f27377a1184247","math","kma.g5.addition","4.575","0","","G5","numeric","machine_checked","needs_expert_review"
"bebsu-g5-original","bebsu-f6266e4d5395a9bc","math","kma.g5.addition","4.6","0","","G5","numeric","machine_checked","needs_expert_review"
"bebsu-g5-original","bebsu-95dfc33cbe1b223d","math","kma.g5.addition","4.4","0","","G5","numeric","machine_checked","needs_expert_review"
"bebsu-g5-original","bebsu-fb0ab6972af72741","math","kma.g5.addition","4.625","0","","G5","numeric","machine_checked","needs_expert_review"
"bebsu-g5-original","bebsu-2d0f87feb10e2d42","math","kma.g5.addition","4.65","0","","G5","numeric","machine_checked","needs_expert_review"
"bebsu-g5-original","bebsu-1ce0b1fa7146ed0c","math","kma.g5.addition","4.675","0","","G5","numeric","machine_checked","needs_expert_review"
"bebsu-g5-original","bebsu-594873d6acfbaa84","math","kma.g5.addition","4.7","0","","G5","numeric","machine_checked","needs_expert_review"
"bebsu-g5-original","bebsu-cf84cbb5f0ed8903","math","kma.g5.addition","4.725","0","","G5","numeric","machine_checked","needs_expert_review"
"bebsu-g5-original","bebsu-2ab776d70e5708a0","math","kma.g5.addition","4.75","0","","G5","numeric","machine_checked","needs_expert_review"
"bebsu-g5-original","bebsu-ee2cc858cfbcf6fd","math","kma.g5.addition","4.775","0","","G5","numeric","machine_checked","needs_expert_review"
"bebsu-g5-original","bebsu-43e874e98d155678","math","kma.g5.addition","4.8","0","","G5","numeric","machine_checked","needs_expert_review"
"bebsu-g5-original","bebsu-eedfa220c9baf6af","math","kma.g5.addition","4.825","0","","G5","numeric","machine_checked","needs_expert_review"
"bebsu-g5-original","bebsu-fdb9bf95d61eecc2","math","kma.g5.addition","4.85","0","","G5","numeric","machine_checked","needs_expert_review"
"bebsu-g5-original","bebsu-75c729711361993f","math","kma.g5.addition","4.425","0","","G5","numeric","machine_checked","needs_expert_review"
"bebsu-g5-original","bebsu-973e5301abf85e43","math","kma.g5.geometry","4.875","0","","G5","numeric","machine_checked","needs_expert_review"
"bebsu-g5-original","bebsu-7827e334a6c8cd00","math","kma.g5.addition","4.9","0","","G5","numeric","machine_checked","needs_expert_review"
"bebsu-g5-original","bebsu-b4bb08fa8423be5a","math","kma.g5.addition","4.925","0","","G5","numeric","machine_checked","needs_expert_review"
"bebsu-g5-original","bebsu-fa484b736f4a75c3","math","kma.g5.addition","4.95","0","","G5","numeric","machine_checked","needs_expert_review"
"bebsu-g5-original","bebsu-a2d6122a053cc262","math","kma.g5.addition","4.975","0","","G5","numeric","machine_checked","needs_expert_review"
"bebsu-g5-original","bebsu-99ebeb0e7662ceb4","math","kma.g5.addition","5","0","","G5","numeric","machine_checked","needs_expert_review"
"bebsu-g5-original","bebsu-4606af8704b8311f","math","kma.g5.addition","4.45","0","","G5","numeric","machine_checked","needs_expert_review"
"bebsu-g5-original","bebsu-394a3fe9f3b0754c","math","kma.g5.addition","4.475","0","","G5","numeric","machine_checked","needs_expert_review"
"bebsu-g5-original","bebsu-3704d362b9793ae8","math","kma.g5.addition","4.5","0","","G5","numeric","machine_checked","needs_expert_review"
"bebsu-g5-original","bebsu-7c2e519077535e83","math","kma.g5.addition","4.525","0","","G5","numeric","machine_checked","needs_expert_review"
"bebsu-g5-original","bebsu-3fc407354b06b95d","math","kma.g5.addition","4.55","0","","G5","numeric","machine_checked","needs_expert_review"
"bebsu-g5-original","bebsu-b1d789818e18b08b","math","kma.g5.addition","4.575","0","","G5","numeric","machine_checked","needs_expert_review"
"bebsu-g5-original","bebsu-db9cef799e005329","math","kma.g5.addition","4.6","0","","G5","numeric","machine_checked","needs_expert_review"
"bebsu-g5-original","bebsu-e740cf0ce147b5ef","math","kma.g5.addition","4.4","0","","G5","numeric","machine_checked","needs_expert_review"
"bebsu-g5-original","bebsu-7f8de4e824dcf863","math","kma.g5.addition","4.625","0","","G5","numeric","machine_checked","needs_expert_review"
"bebsu-g5-original","bebsu-aeeb416f5c384989","math","kma.g5.addition","4.65","0","","G5","numeric","machine_checked","needs_expert_review"
"bebsu-g5-original","bebsu-2b2888845ac4e646","math","kma.g5.addition","4.675","0","","G5","numeric","machine_checked","needs_expert_review"
"bebsu-g5-original","bebsu-5cf20c0448f10940","math","kma.g5.addition","4.7","0","","G5","numeric","machine_checked","needs_expert_review"
"bebsu-g5-original","bebsu-5a9b22355e64c1a3","math","kma.g5.addition","4.725","0","","G5","numeric","machine_checked","needs_expert_review"
"bebsu-g5-original","bebsu-eb6f835e95b40647","math","kma.g5.addition","4.75","0","","G5","numeric","machine_checked","needs_expert_review"
"bebsu-g5-original","bebsu-084f4283be9ca943","math","kma.g5.addition","4.775","0","","G5","numeric","machine_checked","needs_expert_review"
"bebsu-g5-original","bebsu-4b567d4797046327","math","kma.g5.addition","4.8","0","","G5","numeric","machine_checked","needs_expert_review"
"bebsu-g5-original","bebsu-7b0784fe972eefe2","math","kma.g5.addition","4.825","0","","G5","numeric","machine_checked","needs_expert_review"
"bebsu-g5-original","bebsu-07d5b95d3cf4f088","math","kma.g5.addition","4.85","0","","G5","numeric","machine_checked","needs_expert_review"
"bebsu-g5-original","bebsu-d78d359c81b9c665","math","kma.g5.addition","4.425","0","","G5","numeric","machine_checked","needs_expert_review"
"bebsu-g5-original","bebsu-b71a91b8b146f8d6","math","kma.g5.addition","4.875","0","","G5","numeric","machine_checked","needs_expert_review"
"bebsu-g5-original","bebsu-be1f81050e90accb","math","kma.g5.addition","4.9","0","","G5","numeric","machine_checked","needs_expert_review"
"bebsu-g5-original","bebsu-a131aed9ab2c3c8a","math","kma.g5.unclassified","4.925","0","","G5","numeric","machine_checked","needs_expert_review"
"bebsu-g5-original","bebsu-35b4a5cf8e72dfbc","math","kma.g5.addition","4.95","0","","G5","numeric","machine_checked","needs_expert_review"
"bebsu-g5-original","bebsu-25832b5a183b3110","math","kma.g5.addition","4.975","0","","G5","numeric","machine_checked","needs_expert_review"
"bebsu-g5-original","bebsu-4c59e98fae4ab2d2","math","kma.g5.addition","5","0","","G5","numeric","machine_checked","needs_expert_review"
"bebsu-g5-original","bebsu-83fd1941c48239c6","math","kma.g5.addition","5","0","","G5","numeric","machine_checked","needs_expert_review"
"bebsu-g5-original","bebsu-a0a9d48f5700f5da","math","kma.g5.pattern_logic","5","0","","G5","numeric","machine_checked","needs_expert_review"
"bebsu-g5-original","bebsu-00aedaa6297eeecd","math","kma.g5.addition","5","0","","G5","numeric","machine_checked","needs_expert_review"
"bebsu-g5-original","bebsu-15466ab8273c8f4d","math","kma.g5.addition","5","0","","G5","numeric","machine_checked","needs_expert_review"
"bebsu-g5-original","bebsu-97ab96532e794471","math","kma.g5.unclassified","4.45","0","","G5","numeric","machine_checked","needs_expert_review"
"bebsu-g5-original","bebsu-07407b70d84e4b54","math","kma.g5.addition","5","0","","G5","numeric","machine_checked","needs_expert_review"
"bebsu-g5-original","bebsu-09cf8c92bf11041f","math","kma.g5.subtraction","4.475","0","","G5","numeric","machine_checked","needs_expert_review"
"bebsu-g5-original","bebsu-d593475b9fca1439","math","kma.g5.addition","4.5","0","","G5","numeric","machine_checked","needs_expert_review"
"bebsu-g5-original","bebsu-12af6ab4ce58446a","math","kma.g5.addition","4.525","0","","G5","numeric","machine_checked","needs_expert_review"
"bebsu-g5-original","bebsu-0deaed124ff275b8","math","kma.g5.addition","4.55","0.2","","G5","choice","machine_checked","needs_expert_review"
"bebsu-g5-original","bebsu-5cd57278bce0ae02","math","kma.g5.addition","4.575","0","","G5","numeric","machine_checked","needs_expert_review"
"bebsu-g5-original","bebsu-d4fe8b511cb15db8","math","kma.g5.addition","4.6","0","","G5","numeric","machine_checked","needs_expert_review"
"bebsu-g5-original","bebsu-04b959227e200f28","math","kma.g5.addition","4.4","0","","G5","numeric","machine_checked","needs_expert_review"
"bebsu-g5-original","bebsu-1b0f30ba5d59cfd3","math","kma.g5.addition","4.625","0","","G5","numeric","machine_checked","needs_expert_review"
"bebsu-g5-original","bebsu-17eeb2db49248b68","math","kma.g5.addition","4.65","0.2","","G5","choice","machine_checked","needs_expert_review"
"bebsu-g5-original","bebsu-f5e24634528d47d3","math","kma.g5.addition","4.675","0","","G5","numeric","machine_checked","needs_expert_review"
"bebsu-g5-original","bebsu-8041daafad55dcc0","math","kma.g5.addition","4.7","0","","G5","numeric","machine_checked","needs_expert_review"
"bebsu-g5-original","bebsu-b8a46c8bfc4054f0","math","kma.g5.subtraction","4.725","0","","G5","numeric","machine_checked","needs_expert_review"
"bebsu-g5-original","bebsu-925adadcaff911f3","math","kma.g5.addition","4.75","0","","G5","numeric","machine_checked","needs_expert_review"
"bebsu-g5-original","bebsu-df9288f32487cb53","math","kma.g5.addition","4.775","0","","G5","numeric","machine_checked","needs_expert_review"
"bebsu-g5-original","bebsu-64eadbc933e460e7","math","kma.g5.addition","4.8","0","","G5","numeric","machine_checked","needs_expert_review"
"bebsu-g5-original","bebsu-da2a6f972911ac32","math","kma.g5.addition","4.825","0","","G5","numeric","machine_checked","needs_expert_review"
"bebsu-g5-original","bebsu-8931d54f742ed0bc","math","kma.g5.addition","4.85","0","","G5","numeric","machine_checked","needs_expert_review"
"bebsu-g5-original","bebsu-75f85935e0efda18","math","kma.g5.addition","4.425","0","","G5","numeric","machine_checked","needs_expert_review"
"bebsu-g5-original","bebsu-1e27724e6a25fac5","math","kma.g5.addition","4.875","0","","G5","numeric","machine_checked","needs_expert_review"
"bebsu-g5-original","bebsu-5e48c602f6cf6820","math","kma.g5.addition","4.9","0","","G5","numeric","machine_checked","needs_expert_review"
"bebsu-g5-original","bebsu-9db4ea3dd0c65a90","math","kma.g5.addition","4.925","0","","G5","numeric","machine_checked","needs_expert_review"
"bebsu-g5-original","bebsu-98d749f073c8fcbf","math","kma.g5.subtraction","4.95","0","","G5","numeric","machine_checked","needs_expert_review"
"bebsu-g5-original","bebsu-9a26f150f754a862","math","kma.g5.addition","4.975","0","","G5","numeric","machine_checked","needs_expert_review"
"bebsu-g5-original","bebsu-9989ab1323adba5f","math","kma.g5.addition","5","0","","G5","numeric","machine_checked","needs_expert_review"
"bebsu-g5-original","bebsu-6b4183498ca6f074","math","kma.g5.addition","5","0","","G5","numeric","machine_checked","needs_expert_review"
"bebsu-g5-original","bebsu-8aa8f534de9d2e54","math","kma.g5.addition","5","0","","G5","numeric","machine_checked","needs_expert_review"
"bebsu-g5-original","bebsu-622e7c8216e8a259","math","kma.g5.addition","5","0","","G5","numeric","machine_checked","needs_expert_review"
"bebsu-g5-original","bebsu-05c3624c6e3b31ad","math","kma.g5.addition","5","0","","G5","numeric","machine_checked","needs_expert_review"
"bebsu-g5-original","bebsu-910c840f06cc771b","math","kma.g5.addition","4.45","0","","G5","numeric","machine_checked","needs_expert_review"
"bebsu-g5-original","bebsu-4751b83c445a9b2b","math","kma.g5.addition","5","0","","G5","numeric","machine_checked","needs_expert_review"
"bebsu-g5-original","bebsu-c9c2b8897f73426e","math","kma.g5.addition","4.475","0","","G5","numeric","machine_checked","needs_expert_review"
"bebsu-g5-original","bebsu-2681720471443e6a","math","kma.g5.addition","4.5","0","","G5","numeric","machine_checked","needs_expert_review"
"bebsu-g5-original","bebsu-8c7e7f5c63f73bb9","math","kma.g5.subtraction","4.525","0","","G5","numeric","machine_checked","needs_expert_review"
"bebsu-g5-original","bebsu-c42c025c7b8b137a","math","kma.g5.addition","4.55","0","","G5","numeric","machine_checked","needs_expert_review"
"bebsu-g5-original","bebsu-44d6b39ffc3fb86e","math","kma.g5.addition","4.575","0","","G5","numeric","machine_checked","needs_expert_review"
"bebsu-g5-original","bebsu-8bbb270b6a20ea9a","math","kma.g5.subtraction","4.6","0","","G5","numeric","machine_checked","needs_expert_review"
"bebsu-g5-original","bebsu-1fbe3f46205de362","math","kma.g5.addition","4.4","0","","G5","numeric","machine_checked","needs_expert_review"
"bebsu-g5-original","bebsu-7b99b5bed772ae9f","math","kma.g5.comparison","4.625","0.2","","G5","choice","machine_checked","needs_expert_review"
"bebsu-g5-original","bebsu-705bf09650ce0812","math","kma.g5.addition","4.65","0","","G5","numeric","machine_checked","needs_expert_review"
"bebsu-g5-original","bebsu-cd714d43e6e9bebd","math","kma.g5.unclassified","4.675","0","","G5","numeric","machine_checked","needs_expert_review"
"bebsu-g5-original","bebsu-e56a9908459b8f37","math","kma.g5.addition","4.7","0","","G5","numeric","machine_checked","needs_expert_review"
"bebsu-g5-original","bebsu-ee3f1e7de0ce99bd","math","kma.g5.subtraction","4.725","0","","G5","numeric","machine_checked","needs_expert_review"
"bebsu-g5-original","bebsu-049349e5600b778d","math","kma.g5.unclassified","4.75","0","","G5","numeric","machine_checked","needs_expert_review"
"bebsu-g5-original","bebsu-d3bc91bd814d8842","math","kma.g5.addition","4.775","0","","G5","numeric","machine_checked","needs_expert_review"
"bebsu-g5-original","bebsu-cf41511d9ded6509","math","kma.g5.addition","4.8","0","","G5","numeric","machine_checked","needs_expert_review"
"bebsu-g5-original","bebsu-d029f3cab50d752c","math","kma.g5.addition","4.825","0","","G5","numeric","machine_checked","needs_expert_review"
"bebsu-g5-original","bebsu-ce3a2097185f1035","math","kma.g5.measurement","4.85","0","","G5","numeric","machine_checked","needs_expert_review"
"bebsu-g5-original","bebsu-6c07d34f61a7b1d7","math","kma.g5.addition","4.425","0.2","","G5","choice","machine_checked","needs_expert_review"
"bebsu-g5-original","bebsu-114a83d1b3e72f69","math","kma.g5.addition","4.875","0","","G5","numeric","machine_checked","needs_expert_review"
"bebsu-g5-original","bebsu-05723a3c97da6f0c","math","kma.g5.addition","4.9","0","","G5","numeric","machine_checked","needs_expert_review"
"bebsu-g5-original","bebsu-b84887f633ede596","math","kma.g5.addition","4.925","0","","G5","numeric","machine_checked","needs_expert_review"
"bebsu-g5-original","bebsu-a95f8d6d9f44c66f","math","kma.g5.subtraction","4.95","0","","G5","numeric","machine_checked","needs_expert_review"
"bebsu-g5-original","bebsu-2fc774cc426708c3","math","kma.g5.addition","4.975","0","","G5","numeric","machine_checked","needs_expert_review"
"bebsu-g5-original","bebsu-f71545e26a0b6c11","math","kma.g5.addition","5","0","","G5","numeric","machine_checked","needs_expert_review"
"bebsu-g5-original","bebsu-4b03a2414a226d37","math","kma.g5.addition","5","0","","G5","numeric","machine_checked","needs_expert_review"
"bebsu-g5-original","bebsu-747ed132c411cd8d","math","kma.g5.unclassified","5","0","","G5","numeric","machine_checked","needs_expert_review"
"bebsu-g5-original","bebsu-3e333a089593826a","math","kma.g5.addition","5","0","","G5","numeric","machine_checked","needs_expert_review"
"bebsu-g5-original","bebsu-8c4ddc4518311b36","math","kma.g5.addition","5","0","","G5","numeric","machine_checked","needs_expert_review"
"bebsu-g5-original","bebsu-71e26794407dc286","math","kma.g5.addition","4.45","0.2","","G5","choice","machine_checked","needs_expert_review"
"bebsu-g5-original","bebsu-5c3b05869b37d156","math","kma.g5.addition","5","0","","G5","numeric","machine_checked","needs_expert_review"
"bebsu-g5-original","bebsu-50dbe5d657c5b8fd","math","kma.g5.unclassified","4.475","0","","G5","numeric","machine_checked","needs_expert_review"
"bebsu-g5-original","bebsu-6c83b173c57a4492","math","kma.g5.addition","4.5","0","","G5","numeric","machine_checked","needs_expert_review"
"bebsu-g5-original","bebsu-42f0d139ac2ff302","math","kma.g5.addition","4.525","0","","G5","numeric","machine_checked","needs_expert_review"
"bebsu-g5-original","bebsu-bd29ce944c2d30e1","math","kma.g5.addition","4.55","0","","G5","numeric","machine_checked","needs_expert_review"
"bebsu-g5-original","bebsu-ffc7576f52a2ec3a","math","kma.g5.addition","4.575","0","","G5","numeric","machine_checked","needs_expert_review"
"bebsu-g5-original","bebsu-840e9fd5a6a2375a","math","kma.g5.subtraction","4.6","0","","G5","numeric","machine_checked","needs_expert_review"
"bebsu-g5-original","bebsu-06985eff89774028","math","kma.g5.addition","4.4","0","","G5","numeric","machine_checked","needs_expert_review"
"bebsu-g5-original","bebsu-4547d6a913012dea","math","kma.g5.measurement","4.625","0","","G5","numeric","machine_checked","needs_expert_review"
"bebsu-g5-original","bebsu-9cc807ffd2aa2783","math","kma.g5.addition","4.65","0","","G5","numeric","machine_checked","needs_expert_review"
"bebsu-g5-original","bebsu-47f4710b565e0e8d","math","kma.g5.addition","4.675","0","","G5","numeric","machine_checked","needs_expert_review"
"bebsu-g5-original","bebsu-222ad25ca957f345","math","kma.g5.order","4.7","0","","G5","numeric","machine_checked","needs_expert_review"
"bebsu-g5-original","bebsu-1c92d4a896e216a2","math","kma.g5.addition","4.725","0","","G5","numeric","machine_checked","needs_expert_review"
"bebsu-g5-original","bebsu-93a8df8c791f8326","math","kma.g5.addition","4.75","0","","G5","numeric","machine_checked","needs_expert_review"
"bebsu-g5-original","bebsu-5034e2c20d0d7b65","math","kma.g5.addition","4.775","0","","G5","numeric","machine_checked","needs_expert_review"
"bebsu-g5-original","bebsu-2c4d431cd820e597","math","kma.g5.addition","4.8","0","","G5","numeric","machine_checked","needs_expert_review"
"bebsu-g5-original","bebsu-508a6e5f012619de","math","kma.g5.addition","4.825","0","","G5","numeric","machine_checked","needs_expert_review"
"bebsu-g5-original","bebsu-3e4ef8f309b44c96","math","kma.g5.unclassified","4.85","0","","G5","numeric","machine_checked","needs_expert_review"
"bebsu-g5-original","bebsu-e8ae838b963b2299","math","kma.g5.addition","4.425","0","","G5","numeric","machine_checked","needs_expert_review"
"bebsu-g5-original","bebsu-7ea2c69e2ab56d84","math","kma.g5.addition","4.875","0","","G5","numeric","machine_checked","needs_expert_review"
"bebsu-g5-original","bebsu-5e97f998599d1351","math","kma.g5.addition","4.9","0","","G5","numeric","machine_checked","needs_expert_review"
"bebsu-g5-original","bebsu-3665f23933eabc32","math","kma.g5.addition","4.925","0","","G5","numeric","machine_checked","needs_expert_review"
"bebsu-g5-original","bebsu-b4e07378dd3cbcbf","math","kma.g5.addition","4.95","0","","G5","numeric","machine_checked","needs_expert_review"
"bebsu-g5-original","bebsu-9feb3e7a9eea4e98","math","kma.g5.geometry","4.975","0","","G5","numeric","machine_checked","needs_expert_review"
"bebsu-g5-original","bebsu-c43a2cd011b0aaaf","math","kma.g5.order","5","0","","G5","numeric","machine_checked","needs_expert_review"
"bebsu-g5-original","bebsu-d11679f5029025b7","math","kma.g5.addition","5","0","","G5","numeric","machine_checked","needs_expert_review"
"bebsu-g5-original","bebsu-cca66fef014f9e45","math","kma.g5.addition","5","0","","G5","numeric","machine_checked","needs_expert_review"
"bebsu-g5-original","bebsu-ee948e78e6b4fbba","math","kma.g5.addition","5","0","","G5","numeric","machine_checked","needs_expert_review"
"bebsu-g5-original","bebsu-a381a7002cc2a7fe","math","kma.g5.addition","5","0","","G5","numeric","machine_checked","needs_expert_review"
"bebsu-g5-original","bebsu-9e70104c8cea8750","math","kma.g5.addition","4.45","0","","G5","numeric","machine_checked","needs_expert_review"
"bebsu-g5-original","bebsu-245751de6cf8f3f0","math","kma.g5.addition","5","0","","G5","numeric","machine_checked","needs_expert_review"
"bebsu-g5-original","bebsu-09c11eae955a7084","math","kma.g5.addition","4.475","0","","G5","numeric","machine_checked","needs_expert_review"
"bebsu-g5-original","bebsu-1f136f98ff452834","math","kma.g5.subtraction","4.5","0.2","","G5","choice","machine_checked","needs_expert_review"
"bebsu-g5-original","bebsu-ad0020814d37e7e1","math","kma.g5.unclassified","4.525","0","","G5","numeric","machine_checked","needs_expert_review"
"bebsu-g5-original","bebsu-1ea4f5ef81750c42","math","kma.g5.addition","4.55","0","","G5","numeric","machine_checked","needs_expert_review"
"bebsu-g5-original","bebsu-067550ccc7ee2bf2","math","kma.g5.addition","4.575","0","","G5","numeric","machine_checked","needs_expert_review"
"bebsu-g5-original","bebsu-ba9a2e58f24756a6","math","kma.g5.addition","4.6","0","","G5","numeric","machine_checked","needs_expert_review"
"bebsu-g5-original","bebsu-06c27b72e8c2db72","math","kma.g5.addition","4.4","0","","G5","numeric","machine_checked","needs_expert_review"
"bebsu-g5-original","bebsu-1d6f07ac8c8528a1","math","kma.g5.addition","4.625","0","","G5","numeric","machine_checked","needs_expert_review"
"bebsu-g5-original","bebsu-9171d4f1ee4b4ddf","math","kma.g5.addition","4.65","0","","G5","numeric","machine_checked","needs_expert_review"
"bebsu-g5-original","bebsu-cca43917ca8bf7cf","math","kma.g5.addition","4.675","0","","G5","numeric","machine_checked","needs_expert_review"
"bebsu-g5-original","bebsu-a10cb5172af9c137","math","kma.g5.addition","4.7","0","","G5","numeric","machine_checked","needs_expert_review"
"bebsu-g5-original","bebsu-5731d6274377be14","math","kma.g5.unclassified","4.725","0","","G5","numeric","machine_checked","needs_expert_review"
"bebsu-g5-original","bebsu-787413b342e26531","math","kma.g5.addition","4.75","0","","G5","numeric","machine_checked","needs_expert_review"
"bebsu-g5-original","bebsu-7aa401545958290a","math","kma.g5.addition","4.775","0","","G5","numeric","machine_checked","needs_expert_review"
"bebsu-g5-original","bebsu-f61ea027f593b4ad","math","kma.g5.geometry","4.825","0","","G5","numeric","machine_checked","needs_expert_review"
"bebsu-g5-original","bebsu-385c15c8538c759b","math","kma.g5.addition","4.85","0","","G5","numeric","machine_checked","needs_expert_review"
"bebsu-g5-original","bebsu-a4d53b1883e6f685","math","kma.g5.addition","4.425","0","","G5","numeric","machine_checked","needs_expert_review"
"bebsu-g5-original","bebsu-be485e625c486388","math","kma.g5.addition","4.875","0","","G5","numeric","machine_checked","needs_expert_review"
"bebsu-g5-original","bebsu-a7386ae270325a7b","math","kma.g5.addition","4.9","0","","G5","numeric","machine_checked","needs_expert_review"
"bebsu-g5-original","bebsu-2f04616fb9fbbe1a","math","kma.g5.addition","4.925","0","","G5","numeric","machine_checked","needs_expert_review"
"bebsu-g5-original","bebsu-cfe8014dfeafe275","math","kma.g5.addition","4.95","0","","G5","numeric","machine_checked","needs_expert_review"
"bebsu-g5-original","bebsu-0691e2b4f473c050","math","kma.g5.addition","5","0","","G5","numeric","machine_checked","needs_expert_review"
"bebsu-g5-original","bebsu-ded8c4992e6a22ee","math","kma.g5.addition","4.45","0","","G5","numeric","machine_checked","needs_expert_review"
"bebsu-g5-original","bebsu-23a2bf3feadade97","math","kma.g5.addition","4.475","0","","G5","numeric","machine_checked","needs_expert_review"
"bebsu-g5-original","bebsu-fc52180cf5a4f064","math","kma.g5.addition","4.5","0","","G5","numeric","machine_checked","needs_expert_review"
"bebsu-g5-original","bebsu-6336c6245df2c02e","math","kma.g5.addition","4.525","0","","G5","numeric","machine_checked","needs_expert_review"
"bebsu-g5-original","bebsu-ffc3a7b56ce5fb48","math","kma.g5.subtraction","4.55","0","","G5","numeric","machine_checked","needs_expert_review"
"bebsu-g5-original","bebsu-fa00cb1a64321dc1","math","kma.g5.addition","4.575","0","","G5","numeric","machine_checked","needs_expert_review"
"bebsu-g5-original","bebsu-f1a358b8b41d4baf","math","kma.g5.addition","4.6","0","","G5","numeric","machine_checked","needs_expert_review"
"bebsu-g5-original","bebsu-d701e1e0ef1ea467","math","kma.g5.addition","4.4","0","","G5","numeric","machine_checked","needs_expert_review"
"bebsu-g5-original","bebsu-5b7d02770cfb726f","math","kma.g5.addition","4.625","0","","G5","numeric","machine_checked","needs_expert_review"
"bebsu-g5-original","bebsu-b860588fd8510917","math","kma.g5.addition","4.65","0","","G5","numeric","machine_checked","needs_expert_review"
"bebsu-g5-original","bebsu-07cb2de4373fa380","math","kma.g5.addition","4.675","0","","G5","numeric","machine_checked","needs_expert_review"
"bebsu-g5-original","bebsu-08dbcdfd8c453450","math","kma.g5.addition","4.7","0","","G5","numeric","machine_checked","needs_expert_review"
"bebsu-g5-original","bebsu-ff608ccb65861494","math","kma.g5.addition","4.725","0","","G5","numeric","machine_checked","needs_expert_review"
"bebsu-g5-original","bebsu-a108cf60884e97fd","math","kma.g5.addition","4.75","0","","G5","numeric","machine_checked","needs_expert_review"
"bebsu-g5-original","bebsu-075d0eb448de042a","math","kma.g5.addition","4.775","0","","G5","numeric","machine_checked","needs_expert_review"
"bebsu-g5-original","bebsu-e0cc2d69d16e4195","math","kma.g5.addition","4.8","0","","G5","numeric","machine_checked","needs_expert_review"
"bebsu-g5-original","bebsu-4d264b49c4546f6b","math","kma.g5.addition","4.825","0","","G5","numeric","machine_checked","needs_expert_review"
"bebsu-g5-original","bebsu-2a694e47480a7de4","math","kma.g5.addition","4.85","0","","G5","numeric","machine_checked","needs_expert_review"
"bebsu-g5-original","bebsu-504dac8e8dec81ef","math","kma.g5.addition","4.425","0","","G5","numeric","machine_checked","needs_expert_review"
"bebsu-g5-original","bebsu-24fcade1de5e50f1","math","kma.g5.addition","4.875","0","","G5","numeric","machine_checked","needs_expert_review"
"bebsu-g5-original","bebsu-d4e301f0ef36b459","math","kma.g5.addition","4.9","0","","G5","numeric","machine_checked","needs_expert_review"
"bebsu-g5-original","bebsu-fb95007f7c7aff70","math","kma.g5.subtraction","4.925","0","","G5","numeric","machine_checked","needs_expert_review"
"bebsu-g5-original","bebsu-28a54aeb42412c39","math","kma.g5.addition","4.95","0","","G5","numeric","machine_checked","needs_expert_review"
"bebsu-g5-original","bebsu-c2d9283fea4c6216","math","kma.g5.addition","4.975","0","","G5","numeric","machine_checked","needs_expert_review"
"bebsu-g5-original","bebsu-b30b103018b053c6","math","kma.g5.addition","5","0","","G5","numeric","machine_checked","needs_expert_review"
"bebsu-g5-original","bebsu-b4055c1bd9ce2b4c","math","kma.g5.addition","5","0","","G5","numeric","machine_checked","needs_expert_review"
"bebsu-g5-original","bebsu-8614be7eee49648d","math","kma.g5.addition","5","0","","G5","numeric","machine_checked","needs_expert_review"
"bebsu-g5-original","bebsu-ffac5fd7ffb2d601","math","kma.g5.addition","5","0","","G5","numeric","machine_checked","needs_expert_review"
"bebsu-g5-original","bebsu-6f32d9d04e59fcc7","math","kma.g5.addition","5","0","","G5","numeric","machine_checked","needs_expert_review"
"bebsu-g5-original","bebsu-44ffaccf712e1965","math","kma.g5.addition","4.45","0","","G5","numeric","machine_checked","needs_expert_review"
"bebsu-g5-original","bebsu-e75d980605db6ac6","math","kma.g5.addition","5","0","","G5","numeric","machine_checked","needs_expert_review"
"bebsu-g5-original","bebsu-44804a05797d6bce","math","kma.g5.addition","4.475","0","","G5","numeric","machine_checked","needs_expert_review"
"bebsu-g5-original","bebsu-f0dc9f53e6402403","math","kma.g5.addition","4.5","0","","G5","numeric","machine_checked","needs_expert_review"
"bebsu-g5-original","bebsu-72dbd2942938adde","math","kma.g5.addition","4.525","0.2","","G5","choice","machine_checked","needs_expert_review"
"bebsu-g5-original","bebsu-65c1bc8571b31fc9","math","kma.g5.measurement","4.55","0","","G5","numeric","machine_checked","needs_expert_review"
"bebsu-g5-original","bebsu-78252a754f15d752","math","kma.g5.addition","4.575","0","","G5","numeric","machine_checked","needs_expert_review"
"bebsu-g5-original","bebsu-362940a3d0ea93d5","math","kma.g5.addition","4.6","0","","G5","numeric","machine_checked","needs_expert_review"
"bebsu-g5-original","bebsu-ce5547f5e95088d6","math","kma.g5.addition","4.4","0","","G5","numeric","machine_checked","needs_expert_review"
"bebsu-g5-original","bebsu-0d6f0ec31f850d51","math","kma.g5.unclassified","4.625","0","","G5","numeric","machine_checked","needs_expert_review"
"bebsu-g5-original","bebsu-70683535e07d8c31","math","kma.g5.addition","4.65","0","","G5","numeric","machine_checked","needs_expert_review"
"bebsu-g5-original","bebsu-93cddd06ef2cd49b","math","kma.g5.addition","4.675","0","","G5","numeric","machine_checked","needs_expert_review"
"bebsu-g5-original","bebsu-87afc3782a1790ea","math","kma.g5.addition","4.7","0","","G5","numeric","machine_checked","needs_expert_review"
"bebsu-g5-original","bebsu-2fccdc4df33349cc","math","kma.g5.addition","4.725","0","","G5","numeric","machine_checked","needs_expert_review"
"bebsu-g5-original","bebsu-20687020af2e9e82","math","kma.g5.addition","4.75","0","","G5","numeric","machine_checked","needs_expert_review"
"bebsu-g5-original","bebsu-577ecaceac4e3a89","math","kma.g5.addition","4.775","0","","G5","numeric","machine_checked","needs_expert_review"
"bebsu-g5-original","bebsu-603cf2f66971d3c8","math","kma.g5.addition","4.8","0","","G5","numeric","machine_checked","needs_expert_review"
"bebsu-g5-original","bebsu-b3967439f7e2162c","math","kma.g5.subtraction","4.825","0","","G5","numeric","machine_checked","needs_expert_review"
"bebsu-g5-original","bebsu-9cd574e6ff528ad1","math","kma.g5.addition","4.85","0","","G5","numeric","machine_checked","needs_expert_review"
"bebsu-g5-original","bebsu-5bec2c83545c3d24","math","kma.g5.addition","4.425","0","","G5","numeric","machine_checked","needs_expert_review"
"bebsu-g5-original","bebsu-db707e807193ca72","math","kma.g5.addition","4.875","0","","G5","numeric","machine_checked","needs_expert_review"
"bebsu-g5-original","bebsu-e1c82cd921dd7154","math","kma.g5.addition","4.9","0","","G5","numeric","machine_checked","needs_expert_review"
"bebsu-g5-original","bebsu-26188e8ddb04c42c","math","kma.g5.addition","4.925","0","","G5","numeric","machine_checked","needs_expert_review"
"bebsu-g5-original","bebsu-08c2e5d0ab95e598","math","kma.g5.addition","4.95","0","","G5","numeric","machine_checked","needs_expert_review"
"bebsu-g5-original","bebsu-d7c3c2410635c256","math","kma.g5.addition","4.975","0","","G5","numeric","machine_checked","needs_expert_review"
"bebsu-g5-original","bebsu-79ac8af2ace279a2","math","kma.g5.addition","5","0","","G5","numeric","machine_checked","needs_expert_review"
"bebsu-g5-original","bebsu-e3289412a7cbf2ee","math","kma.g5.addition","5","0","","G5","numeric","machine_checked","needs_expert_review"
"bebsu-g5-original","bebsu-d5aedb9b53c40151","math","kma.g5.addition","5","0","","G5","numeric","machine_checked","needs_expert_review"
"bebsu-g5-original","bebsu-d2ef69bed1609aaa","math","kma.g5.addition","5","0","","G5","numeric","machine_checked","needs_expert_review"
"bebsu-g5-original","bebsu-458d124f3ced74a1","math","kma.g5.addition","5","0","","G5","numeric","machine_checked","needs_expert_review"
"bebsu-g5-original","bebsu-ec8ea6ce2d0db26f","math","kma.g5.addition","4.45","0","","G5","numeric","machine_checked","needs_expert_review"
"bebsu-g5-original","bebsu-60ad8ac2fe195c44","math","kma.g5.addition","5","0","","G5","numeric","machine_checked","needs_expert_review"
"bebsu-g5-original","bebsu-4a388e5e6a7741ed","math","kma.g5.addition","4.475","0","","G5","numeric","machine_checked","needs_expert_review"
"bebsu-g5-original","bebsu-6fafb6cb8c451d01","math","kma.g5.addition","4.5","0","","G5","numeric","machine_checked","needs_expert_review"
"bebsu-g5-original","bebsu-bf7230f0288af219","math","kma.g5.addition","4.525","0","","G5","numeric","machine_checked","needs_expert_review"
"bebsu-g5-original","bebsu-d81da23c61c50877","math","kma.g5.addition","4.55","0","","G5","numeric","machine_checked","needs_expert_review"
"bebsu-g5-original","bebsu-6dbaf6bd7b830fc8","math","kma.g5.geometry","4.575","0","","G5","numeric","machine_checked","needs_expert_review"
"bebsu-g5-original","bebsu-ebd4d4c5569287ff","math","kma.g5.addition","4.6","0","","G5","numeric","machine_checked","needs_expert_review"
"bebsu-g5-original","bebsu-4fa4b6cee43a5fd6","math","kma.g5.addition","4.4","0","","G5","numeric","machine_checked","needs_expert_review"
"bebsu-g5-original","bebsu-a8d14b2aa7fc7d92","math","kma.g5.addition","4.625","0","","G5","numeric","machine_checked","needs_expert_review"
"bebsu-g5-original","bebsu-0d50fbcf73bcdea4","math","kma.g5.addition","4.65","0","","G5","numeric","machine_checked","needs_expert_review"
"bebsu-g5-original","bebsu-102c6abbd1105e3b","math","kma.g5.subtraction","4.675","0","","G5","numeric","machine_checked","needs_expert_review"
"bebsu-g5-original","bebsu-d53829f8f2347845","math","kma.g5.addition","4.7","0","","G5","numeric","machine_checked","needs_expert_review"
"bebsu-g5-original","bebsu-aef6d3476940ba47","math","kma.g5.addition","4.725","0","","G5","numeric","machine_checked","needs_expert_review"
"bebsu-g5-original","bebsu-29dc5ca7da630516","math","kma.g5.addition","4.75","0","","G5","numeric","machine_checked","needs_expert_review"
"bebsu-g5-original","bebsu-0cd3b2fafa6d8f4e","math","kma.g5.addition","4.775","0","","G5","numeric","machine_checked","needs_expert_review"
"bebsu-g5-original","bebsu-5181f59327aab107","math","kma.g5.addition","4.8","0","","G5","numeric","machine_checked","needs_expert_review"
"bebsu-g5-original","bebsu-fe1b2f0b17103c7a","math","kma.g5.addition","4.825","0","","G5","numeric","machine_checked","needs_expert_review"
"bebsu-g5-original","bebsu-9b0208c9483d386d","math","kma.g5.order","4.85","0","","G5","numeric","machine_checked","needs_expert_review"
"bebsu-g5-original","bebsu-71f459d35a4ebe56","math","kma.g5.subtraction","4.425","0","","G5","numeric","machine_checked","needs_expert_review"
"bebsu-g5-original","bebsu-7bed55df4d227aa6","math","kma.g5.addition","4.875","0","","G5","numeric","machine_checked","needs_expert_review"
"bebsu-g5-original","bebsu-c94f85344de84378","math","kma.g5.addition","4.925","0","","G5","numeric","machine_checked","needs_expert_review"
"bebsu-g5-original","bebsu-2296596a12550bcc","math","kma.g5.addition","4.95","0","","G5","numeric","machine_checked","needs_expert_review"
"bebsu-g5-original","bebsu-c22613ea4f08eeaf","math","kma.g5.addition","5","0","","G5","numeric","machine_checked","needs_expert_review"
"bebsu-g5-original","bebsu-3592c22f8d8e0051","math","kma.g5.addition","4.45","0","","G5","numeric","machine_checked","needs_expert_review"
"bebsu-g5-original","bebsu-9aa9404a115192c2","math","kma.g5.addition","4.475","0","","G5","numeric","machine_checked","needs_expert_review"
"bebsu-g5-original","bebsu-2742ff0244b7bc71","math","kma.g5.addition","4.5","0","","G5","numeric","machine_checked","needs_expert_review"
"bebsu-g5-original","bebsu-042465e6afe413a9","math","kma.g5.addition","4.525","0","","G5","numeric","machine_checked","needs_expert_review"
"bebsu-g5-original","bebsu-5eeb494410426eb5","math","kma.g5.addition","4.55","0","","G5","numeric","machine_checked","needs_expert_review"
"bebsu-g5-original","bebsu-9bb72a9b827dab74","math","kma.g5.addition","4.575","0","","G5","numeric","machine_checked","needs_expert_review"
"bebsu-g5-original","bebsu-86fd77a0d0172e77","math","kma.g5.addition","4.6","0","","G5","numeric","machine_checked","needs_expert_review"
"bebsu-g5-original","bebsu-f0e1ed06a3c62b99","math","kma.g5.addition","4.4","0","","G5","numeric","machine_checked","needs_expert_review"
"bebsu-g5-original","bebsu-0a6ba3d9a9da4b73","math","kma.g5.addition","4.625","0","","G5","numeric","machine_checked","needs_expert_review"
"bebsu-g5-original","bebsu-864ace4026e5ef4f","math","kma.g5.addition","4.65","0","","G5","numeric","machine_checked","needs_expert_review"
"bebsu-g5-original","bebsu-f79b0bf72d31d323","math","kma.g5.addition","4.675","0","","G5","numeric","machine_checked","needs_expert_review"
"bebsu-g5-original","bebsu-ec21c386cda655ab","math","kma.g5.addition","4.7","0","","G5","numeric","machine_checked","needs_expert_review"
"bebsu-g5-original","bebsu-7e7c8f8e48eeb989","math","kma.g5.addition","4.725","0","","G5","numeric","machine_checked","needs_expert_review"
"bebsu-g5-original","bebsu-ede0e9dcf905cdd6","math","kma.g5.addition","4.75","0","","G5","numeric","machine_checked","needs_expert_review"
"bebsu-g5-original","bebsu-bb39ba09b7e6fb44","math","kma.g5.addition","4.775","0","","G5","numeric","machine_checked","needs_expert_review"
"bebsu-g5-original","bebsu-3b593d9755305548","math","kma.g5.addition","4.8","0","","G5","numeric","machine_checked","needs_expert_review"
"bebsu-g5-original","bebsu-06ca2e02c28aaa2f","math","kma.g5.unclassified","4.825","0","","G5","numeric","machine_checked","needs_expert_review"
"bebsu-g5-original","bebsu-5a242c885b508201","math","kma.g5.addition","4.85","0","","G5","numeric","machine_checked","needs_expert_review"
"bebsu-g5-original","bebsu-1dbae408febb4bb1","math","kma.g5.addition","4.425","0","","G5","numeric","machine_checked","needs_expert_review"
"bebsu-g5-original","bebsu-1696612848ad5c4a","math","kma.g5.addition","4.875","0","","G5","numeric","machine_checked","needs_expert_review"
"bebsu-g5-original","bebsu-3a51b1917308d6c0","math","kma.g5.addition","4.9","0.2","","G5","choice","machine_checked","needs_expert_review"
"bebsu-g5-original","bebsu-ba3d4ec79bc9ea40","math","kma.g5.addition","4.925","0","","G5","numeric","machine_checked","needs_expert_review"
"bebsu-g5-original","bebsu-507c198846f50537","math","kma.g5.addition","4.95","0","","G5","numeric","machine_checked","needs_expert_review"
"bebsu-g5-original","bebsu-0140bf687263cae1","math","kma.g5.addition","4.975","0","","G5","numeric","machine_checked","needs_expert_review"
"bebsu-g5-original","bebsu-c2798f50b78a06ce","math","kma.g5.addition","5","0","","G5","numeric","machine_checked","needs_expert_review"
"bebsu-g5-original","bebsu-24063dce272451e0","math","kma.g5.addition","5","0","","G5","numeric","machine_checked","needs_expert_review"
"bebsu-g5-original","bebsu-c3d35fdf6447d8bb","math","kma.g5.addition","5","0","","G5","numeric","machine_checked","needs_expert_review"
"bebsu-g5-original","bebsu-78c6d75ad2a84d93","math","kma.g5.addition","5","0","","G5","numeric","machine_checked","needs_expert_review"
"bebsu-g5-original","bebsu-fc51163eda587bae","math","kma.g5.addition","5","0","","G5","numeric","machine_checked","needs_expert_review"
"bebsu-g5-original","bebsu-b5d479fdeae87684","math","kma.g5.subtraction","4.45","0","","G5","numeric","machine_checked","needs_expert_review"
"bebsu-g5-original","bebsu-36d27f9d10cdea02","math","kma.g5.addition","5","0","","G5","numeric","machine_checked","needs_expert_review"
"bebsu-g5-original","bebsu-2c9ad983143f9da4","math","kma.g5.addition","4.475","0","","G5","numeric","machine_checked","needs_expert_review"
"bebsu-g5-original","bebsu-137f54f489dfbc80","math","kma.g5.addition","4.5","0","","G5","numeric","machine_checked","needs_expert_review"
"bebsu-g5-original","bebsu-48a7a4e18405e33b","math","kma.g5.addition","4.525","0","","G5","numeric","machine_checked","needs_expert_review"
"bebsu-g5-original","bebsu-5bdaabf456d51ea0","math","kma.g5.addition","4.55","0","","G5","numeric","machine_checked","needs_expert_review"
"bebsu-g5-original","bebsu-0cfec869de88d1e3","math","kma.g5.addition","4.575","0","","G5","numeric","machine_checked","needs_expert_review"
"bebsu-g5-original","bebsu-f23ade4eb241192a","math","kma.g5.addition","4.6","0","","G5","numeric","machine_checked","needs_expert_review"
"bebsu-g5-original","bebsu-75e519a70d2286b3","math","kma.g5.addition","4.4","0","","G5","numeric","machine_checked","needs_expert_review"
"bebsu-g5-original","bebsu-9e4e982ad5f94344","math","kma.g5.addition","4.625","0","","G5","numeric","machine_checked","needs_expert_review"
"bebsu-g5-original","bebsu-e29ad8cfb100cdbd","math","kma.g5.geometry","4.65","0","","G5","numeric","machine_checked","needs_expert_review"
"bebsu-g5-original","bebsu-93db5a67e22846d2","math","kma.g5.addition","4.675","0","","G5","numeric","machine_checked","needs_expert_review"
"bebsu-g5-original","bebsu-4a714776c8ff3d4a","math","kma.g5.addition","4.7","0","","G5","numeric","machine_checked","needs_expert_review"
"bebsu-g5-original","bebsu-1eca4c51f0672b82","math","kma.g5.addition","4.725","0","","G5","numeric","machine_checked","needs_expert_review"
"bebsu-g5-original","bebsu-b7f72c71e06be4a6","math","kma.g5.addition","4.75","0","","G5","numeric","machine_checked","needs_expert_review"
"bebsu-g5-original","bebsu-847b36865e7a4a4d","math","kma.g5.addition","4.775","0","","G5","numeric","machine_checked","needs_expert_review"
"bebsu-g5-original","bebsu-e7d146bcd100cc37","math","kma.g5.addition","4.8","0","","G5","numeric","machine_checked","needs_expert_review"
"bebsu-g5-original","bebsu-298fe42b3bbbdd4b","math","kma.g5.addition","4.825","0","","G5","numeric","machine_checked","needs_expert_review"
"bebsu-g5-original","bebsu-5429c174f3b32dca","math","kma.g5.order","4.85","0","","G5","numeric","machine_checked","needs_expert_review"
"bebsu-g5-original","bebsu-173408ef75816ed9","math","kma.g5.addition","4.425","0","","G5","numeric","machine_checked","needs_expert_review"
"bebsu-g5-original","bebsu-2e8c339356c0a1e0","math","kma.g5.addition","4.875","0","","G5","numeric","machine_checked","needs_expert_review"
"bebsu-g5-original","bebsu-8cc058ef7dd65831","math","kma.g5.addition","4.9","0","","G5","numeric","machine_checked","needs_expert_review"
"bebsu-g5-original","bebsu-7a8451843b4238a0","math","kma.g5.addition","4.925","0","","G5","numeric","machine_checked","needs_expert_review"
"bebsu-g5-original","bebsu-e6584559c16bf167","math","kma.g5.addition","4.95","0","","G5","numeric","machine_checked","needs_expert_review"
"bebsu-g5-original","bebsu-fb3070a73b5700aa","math","kma.g5.addition","4.975","0","","G5","numeric","machine_checked","needs_expert_review"
"bebsu-g5-original","bebsu-5a07c8dd1a8cf0f7","math","kma.g5.addition","5","0","","G5","numeric","machine_checked","needs_expert_review"
"bebsu-g5-original","bebsu-eb3c24b0645fdede","math","kma.g5.addition","4.45","0","","G5","numeric","machine_checked","needs_expert_review"
"bebsu-g5-original","bebsu-d9d3e3bcdf1f8a45","math","kma.g5.addition","4.475","0","","G5","numeric","machine_checked","needs_expert_review"
"bebsu-g5-original","bebsu-31ec8f708b5766d0","math","kma.g5.addition","4.5","0","","G5","numeric","machine_checked","needs_expert_review"
"bebsu-g5-original","bebsu-f48c94d54ffcb1b8","math","kma.g5.addition","4.525","0","","G5","numeric","machine_checked","needs_expert_review"
"bebsu-g5-original","bebsu-d5f203f6f8c579dd","math","kma.g5.addition","4.55","0","","G5","numeric","machine_checked","needs_expert_review"
"bebsu-g5-original","bebsu-ceadd9f4be9279cc","math","kma.g5.addition","4.575","0","","G5","numeric","machine_checked","needs_expert_review"
"bebsu-g5-original","bebsu-d41dcd67e5e07aec","math","kma.g5.addition","4.6","0","","G5","numeric","machine_checked","needs_expert_review"
"bebsu-g5-original","bebsu-0e3199c4d662bcb5","math","kma.g5.addition","4.4","0","","G5","numeric","machine_checked","needs_expert_review"
"bebsu-g5-original","bebsu-29d3e499f771b3f4","math","kma.g5.addition","4.625","0","","G5","numeric","machine_checked","needs_expert_review"
"bebsu-g5-original","bebsu-24a4de7c38f6f24a","math","kma.g5.geometry","4.65","0","","G5","numeric","machine_checked","needs_expert_review"
"bebsu-g5-original","bebsu-3b1ec6892f3c6f5c","math","kma.g5.addition","4.675","0","","G5","numeric","machine_checked","needs_expert_review"
"bebsu-g5-original","bebsu-be9002ab2b4ec11c","math","kma.g5.addition","4.7","0","","G5","numeric","machine_checked","needs_expert_review"
"bebsu-g5-original","bebsu-9b7e88f4495ed844","math","kma.g5.place_value","4.725","0","","G5","numeric","machine_checked","needs_expert_review"
"bebsu-g5-original","bebsu-54262b8cd928889b","math","kma.g5.addition","4.75","0","","G5","numeric","machine_checked","needs_expert_review"
"bebsu-g5-original","bebsu-e14b8aa32f187ac4","math","kma.g5.subtraction","4.775","0","","G5","numeric","machine_checked","needs_expert_review"
"bebsu-g5-original","bebsu-37727bec0cfd5aca","math","kma.g5.addition","4.8","0","","G5","numeric","machine_checked","needs_expert_review"
"bebsu-g5-original","bebsu-619602b8f90198a2","math","kma.g5.addition","4.825","0","","G5","numeric","machine_checked","needs_expert_review"
"bebsu-g5-original","bebsu-3374b29c73220876","math","kma.g5.subtraction","4.85","0","","G5","numeric","machine_checked","needs_expert_review"
"bebsu-g5-original","bebsu-b3302138ce8a0b9c","math","kma.g5.addition","4.425","0","","G5","numeric","machine_checked","needs_expert_review"
"bebsu-g5-original","bebsu-c7b7d55423918ab4","math","kma.g5.subtraction","4.875","0","","G5","numeric","machine_checked","needs_expert_review"
"bebsu-g5-original","bebsu-2dc48e8addbe23bd","math","kma.g5.addition","4.9","0","","G5","numeric","machine_checked","needs_expert_review"
"bebsu-g5-original","bebsu-a01a658b8af686af","math","kma.g5.addition","4.925","0","","G5","numeric","machine_checked","needs_expert_review"
"bebsu-g5-original","bebsu-b261093880aabd58","math","kma.g5.addition","4.95","0","","G5","numeric","machine_checked","needs_expert_review"
"bebsu-g5-original","bebsu-bbd01db38d0da90e","math","kma.g5.addition","4.975","0","","G5","numeric","machine_checked","needs_expert_review"
"bebsu-g5-original","bebsu-fc1cbad46ee9d714","math","kma.g5.addition","5","0","","G5","numeric","machine_checked","needs_expert_review"
"bebsu-g5-original","bebsu-8db366a47b1016be","math","kma.g5.addition","5","0","","G5","numeric","machine_checked","needs_expert_review"
"bebsu-g5-original","bebsu-8f67282fc38892de","math","kma.g5.order","5","0","","G5","numeric","machine_checked","needs_expert_review"
"bebsu-g5-original","bebsu-461051c75c4186f9","math","kma.g5.addition","5","0","","G5","numeric","machine_checked","needs_expert_review"
"bebsu-g5-original","bebsu-855fcb36f4596ecf","math","kma.g5.addition","5","0","","G5","numeric","machine_checked","needs_expert_review"
"bebsu-g5-original","bebsu-baef3ad7403baddc","math","kma.g5.addition","4.45","0","","G5","numeric","machine_checked","needs_expert_review"
"bebsu-g5-original","bebsu-208e54f499a81a47","math","kma.g5.addition","5","0","","G5","numeric","machine_checked","needs_expert_review"
"bebsu-g5-original","bebsu-e20793976b04a683","math","kma.g5.subtraction","4.475","0","","G5","numeric","machine_checked","needs_expert_review"
"bebsu-g5-original","bebsu-f75332ed1fcbe6a0","math","kma.g5.counting","4.5","0","","G5","numeric","machine_checked","needs_expert_review"
"bebsu-g5-original","bebsu-7dbf4bbfaee1695a","math","kma.g5.addition","4.525","0","","G5","numeric","machine_checked","needs_expert_review"
"bebsu-g5-original","bebsu-f7d8f57cf15dbf99","math","kma.g5.addition","4.55","0","","G5","numeric","machine_checked","needs_expert_review"
"bebsu-g5-original","bebsu-be33406cb218cbb5","math","kma.g5.addition","4.575","0","","G5","numeric","machine_checked","needs_expert_review"
"bebsu-g5-original","bebsu-28cf9d949090ff87","math","kma.g5.addition","4.6","0","","G5","numeric","machine_checked","needs_expert_review"
"bebsu-g5-original","bebsu-9b37689ed9429b12","math","kma.g5.addition","4.4","0","","G5","numeric","machine_checked","needs_expert_review"
"bebsu-g5-original","bebsu-7df7e4d31b46766b","math","kma.g5.addition","4.625","0","","G5","numeric","machine_checked","needs_expert_review"
"bebsu-g5-original","bebsu-54e59c62546d3ef3","math","kma.g5.addition","4.65","0","","G5","numeric","machine_checked","needs_expert_review"
"bebsu-g5-original","bebsu-9a03599f57125cd9","math","kma.g5.addition","4.675","0","","G5","numeric","machine_checked","needs_expert_review"
"bebsu-g5-original","bebsu-4925a0311d255e2e","math","kma.g5.addition","4.7","0","","G5","numeric","machine_checked","needs_expert_review"
"bebsu-g5-original","bebsu-16c05263895040ba","math","kma.g5.addition","4.725","0","","G5","numeric","machine_checked","needs_expert_review"
"bebsu-g5-original","bebsu-7f468d38b01f20da","math","kma.g5.addition","4.75","0","","G5","numeric","machine_checked","needs_expert_review"
"bebsu-g5-original","bebsu-80971a9c89c3e15f","math","kma.g5.addition","4.775","0","","G5","numeric","machine_checked","needs_expert_review"
"bebsu-g5-original","bebsu-9f429f6f3e1b189e","math","kma.g5.addition","4.8","0","","G5","numeric","machine_checked","needs_expert_review"
"bebsu-g5-original","bebsu-e788a956cc9ce43f","math","kma.g5.addition","4.825","0","","G5","numeric","machine_checked","needs_expert_review"
"bebsu-g5-original","bebsu-3c301b88288795b6","math","kma.g5.addition","4.85","0","","G5","numeric","machine_checked","needs_expert_review"
"bebsu-g5-original","bebsu-c30f4d195620988e","math","kma.g5.addition","4.425","0","","G5","numeric","machine_checked","needs_expert_review"
"bebsu-g5-original","bebsu-0bd19341d9ee08d9","math","kma.g5.order","4.875","0","","G5","numeric","machine_checked","needs_expert_review"
"bebsu-g5-original","bebsu-34290ba5478b430e","math","kma.g5.addition","4.9","0","","G5","numeric","machine_checked","needs_expert_review"
"bebsu-g5-original","bebsu-73b3be327dc6cfdd","math","kma.g5.addition","4.925","0","","G5","numeric","machine_checked","needs_expert_review"
"bebsu-g5-original","bebsu-1da40ec57c27193b","math","kma.g5.addition","4.975","0","","G5","numeric","machine_checked","needs_expert_review"
"bebsu-g5-original","bebsu-af3225d83d022655","math","kma.g5.addition","4.45","0","","G5","numeric","machine_checked","needs_expert_review"
"bebsu-g5-original","bebsu-7c9cf516d9e6f878","math","kma.g5.addition","4.475","0","","G5","numeric","machine_checked","needs_expert_review"
"bebsu-g5-original","bebsu-0b52a18d0c589a9c","math","kma.g5.subtraction","4.5","0","","G5","numeric","machine_checked","needs_expert_review"
"bebsu-g5-original","bebsu-318d6a6ca4ba767c","math","kma.g5.addition","4.525","0","","G5","numeric","machine_checked","needs_expert_review"
"bebsu-g5-original","bebsu-9be7e05279e57757","math","kma.g5.addition","4.55","0","","G5","numeric","machine_checked","needs_expert_review"
"bebsu-g5-original","bebsu-17d80b9737183982","math","kma.g5.addition","4.575","0","","G5","numeric","machine_checked","needs_expert_review"
"bebsu-g5-original","bebsu-512587f31765c66d","math","kma.g5.addition","4.6","0","","G5","numeric","machine_checked","needs_expert_review"
"bebsu-g5-original","bebsu-401ebce569abcede","math","kma.g5.addition","4.4","0","","G5","numeric","machine_checked","needs_expert_review"
"bebsu-g5-original","bebsu-2734189bf7730240","math","kma.g5.subtraction","4.625","0","","G5","numeric","machine_checked","needs_expert_review"
"bebsu-g5-original","bebsu-4bc494459370db62","math","kma.g5.addition","4.65","0","","G5","numeric","machine_checked","needs_expert_review"
"bebsu-g5-original","bebsu-2f2c48f879c337b4","math","kma.g5.addition","4.675","0","","G5","numeric","machine_checked","needs_expert_review"
"bebsu-g5-original","bebsu-c5aeb8cb34759187","math","kma.g5.addition","4.7","0","","G5","numeric","machine_checked","needs_expert_review"
"bebsu-g5-original","bebsu-982cf3bbb702ed0c","math","kma.g5.addition","4.725","0","","G5","numeric","machine_checked","needs_expert_review"
"bebsu-g5-original","bebsu-268fb03c0cedc10e","math","kma.g5.order","4.75","0","","G5","numeric","machine_checked","needs_expert_review"
"bebsu-g5-original","bebsu-b300eccadb1bdb7f","math","kma.g5.addition","4.775","0","","G5","numeric","machine_checked","needs_expert_review"
"bebsu-g5-original","bebsu-b0c4389fc795888a","math","kma.g5.addition","4.8","0","","G5","numeric","machine_checked","needs_expert_review"
"bebsu-g5-original","bebsu-e653b5630c4bb66e","math","kma.g5.subtraction","4.825","0.2","","G5","choice","machine_checked","needs_expert_review"
"bebsu-g5-original","bebsu-cc0b80ceb4b5fa05","math","kma.g5.addition","4.85","0","","G5","numeric","machine_checked","needs_expert_review"
"bebsu-g5-original","bebsu-15e157de911eed3c","math","kma.g5.addition","4.425","0","","G5","numeric","machine_checked","needs_expert_review"
"bebsu-g5-original","bebsu-6fb788d49ae373a2","math","kma.g5.addition","4.875","0","","G5","numeric","machine_checked","needs_expert_review"
"bebsu-g5-original","bebsu-90289891e5750bdb","math","kma.g5.addition","4.9","0","","G5","numeric","machine_checked","needs_expert_review"
"bebsu-g5-original","bebsu-93fcbd744c18810e","math","kma.g5.addition","4.925","0","","G5","numeric","machine_checked","needs_expert_review"
"bebsu-g5-original","bebsu-dcbbc4df7461f949","math","kma.g5.addition","4.95","0","","G5","numeric","machine_checked","needs_expert_review"
"bebsu-g5-original","bebsu-d68639af5397dae8","math","kma.g5.addition","4.975","0","","G5","numeric","machine_checked","needs_expert_review"
"bebsu-g5-original","bebsu-329079e22071cc6a","math","kma.g5.addition","5","0","","G5","numeric","machine_checked","needs_expert_review"
"bebsu-g5-original","bebsu-8962b6b36d0110f3","math","kma.g5.addition","5","0","","G5","numeric","machine_checked","needs_expert_review"
"bebsu-g5-original","bebsu-903b5664e082f993","math","kma.g5.subtraction","5","0","","G5","numeric","machine_checked","needs_expert_review"
"bebsu-g5-original","bebsu-d4f56165591c95d8","math","kma.g5.addition","5","0","","G5","numeric","machine_checked","needs_expert_review"
"bebsu-g5-original","bebsu-b5ba69822170a023","math","kma.g5.addition","5","0","","G5","numeric","machine_checked","needs_expert_review"
"bebsu-g5-original","bebsu-c765fd3846fbd257","math","kma.g5.addition","4.45","0","","G5","numeric","machine_checked","needs_expert_review"
"bebsu-g5-original","bebsu-cf9580a2da195c7e","math","kma.g5.addition","5","0","","G5","numeric","machine_checked","needs_expert_review"
"bebsu-g5-original","bebsu-536e03044de69c2a","math","kma.g5.addition","4.475","0","","G5","numeric","machine_checked","needs_expert_review"
"bebsu-g5-original","bebsu-a782b0b1bfee3332","math","kma.g5.addition","4.5","0","","G5","numeric","machine_checked","needs_expert_review"
"bebsu-g5-original","bebsu-ce8afe37ec7294e8","math","kma.g5.subtraction","4.525","0.2","","G5","choice","machine_checked","needs_expert_review"
"bebsu-g5-original","bebsu-537d7ee2a0b8aded","math","kma.g5.addition","4.55","0","","G5","numeric","machine_checked","needs_expert_review"
"bebsu-g5-original","bebsu-85c5cbf46cb9a8e8","math","kma.g5.addition","4.575","0","","G5","numeric","machine_checked","needs_expert_review"
"bebsu-g5-original","bebsu-32ac6c59a9b6c7a4","math","kma.g5.addition","4.6","0","","G5","numeric","machine_checked","needs_expert_review"
"bebsu-g5-original","bebsu-30ec969f3679c3ee","math","kma.g5.addition","4.4","0","","G5","numeric","machine_checked","needs_expert_review"
"bebsu-g5-original","bebsu-a27606016c2a8150","math","kma.g5.unclassified","4.625","0.2","","G5","choice","machine_checked","needs_expert_review"
"bebsu-g5-original","bebsu-0c18ba14f2def306","math","kma.g5.addition","4.65","0","","G5","numeric","machine_checked","needs_expert_review"
"bebsu-g5-original","bebsu-d41982c957a36bb0","math","kma.g5.addition","4.675","0","","G5","numeric","machine_checked","needs_expert_review"
"bebsu-g5-original","bebsu-365edc79baafa30e","math","kma.g5.addition","4.7","0","","G5","numeric","machine_checked","needs_expert_review"
"bebsu-g5-original","bebsu-0089da35965e426c","math","kma.g5.addition","4.725","0","","G5","numeric","machine_checked","needs_expert_review"
"bebsu-g5-original","bebsu-eebfa77ecd5cb750","math","kma.g5.addition","4.75","0","","G5","numeric","machine_checked","needs_expert_review"
"bebsu-g5-original","bebsu-ba63f73bed330da2","math","kma.g5.comparison","4.775","0","","G5","numeric","machine_checked","needs_expert_review"
"bebsu-g5-original","bebsu-04c12ac8d00e036c","math","kma.g5.addition","4.8","0","","G5","numeric","machine_checked","needs_expert_review"
"bebsu-g5-original","bebsu-0f3332be96d42b98","math","kma.g5.addition","4.825","0","","G5","numeric","machine_checked","needs_expert_review"
"bebsu-g5-original","bebsu-eba1040338a35c4b","math","kma.g5.addition","4.85","0.2","","G5","choice","machine_checked","needs_expert_review"
"bebsu-g5-original","bebsu-1b5260e710dd11a9","math","kma.g5.addition","4.425","0","","G5","numeric","machine_checked","needs_expert_review"
"bebsu-g5-original","bebsu-5d2f537627e74d37","math","kma.g5.addition","4.875","0","","G5","numeric","machine_checked","needs_expert_review"
"bebsu-g5-original","bebsu-e29520d587e13996","math","kma.g5.addition","4.9","0","","G5","numeric","machine_checked","needs_expert_review"
"bebsu-g5-original","bebsu-c8ae501a53023416","math","kma.g5.addition","4.925","0","","G5","numeric","machine_checked","needs_expert_review"
"bebsu-g5-original","bebsu-9bf0f86dcf3edae8","math","kma.g5.addition","4.95","0","","G5","numeric","machine_checked","needs_expert_review"
"bebsu-g5-original","bebsu-ec02b046f2aa70f4","math","kma.g5.addition","4.975","0","","G5","numeric","machine_checked","needs_expert_review"
"bebsu-g5-original","bebsu-b150e8eeb89d31c2","math","kma.g5.addition","5","0","","G5","numeric","machine_checked","needs_expert_review"
"bebsu-g5-original","bebsu-148bbf0526372da2","math","kma.g5.addition","5","0","","G5","numeric","machine_checked","needs_expert_review"
"bebsu-g5-original","bebsu-6d17bcc0372e0a19","math","kma.g5.addition","5","0","","G5","numeric","machine_checked","needs_expert_review"
"bebsu-g5-original","bebsu-49d22e6ef5b26558","math","kma.g5.addition","5","0","","G5","numeric","machine_checked","needs_expert_review"
"bebsu-g5-original","bebsu-70832b479e16f298","math","kma.g5.addition","5","0","","G5","numeric","machine_checked","needs_expert_review"
"bebsu-g5-original","bebsu-ca5d52a6e7ab8e3e","math","kma.g5.addition","4.45","0.2","","G5","choice","machine_checked","needs_expert_review"
"bebsu-g5-original","bebsu-0521b6c8dde65afb","math","kma.g5.addition","5","0","","G5","numeric","machine_checked","needs_expert_review"
"bebsu-g5-original","bebsu-f232a737e55d3d5b","math","kma.g5.unclassified","4.475","0","","G5","numeric","machine_checked","needs_expert_review"
"bebsu-g5-original","bebsu-aa24ec040a2288e0","math","kma.g5.pattern_logic","4.5","0","","G5","numeric","machine_checked","needs_expert_review"
"bebsu-g5-original","bebsu-5c258d9f66e5f6ee","math","kma.g5.addition","4.525","0","","G5","numeric","machine_checked","needs_expert_review"
"bebsu-g5-original","bebsu-d1f894f31a39a5f3","math","kma.g5.geometry","4.55","0","","G5","numeric","machine_checked","needs_expert_review"
"bebsu-g5-original","bebsu-a972cb71500e730f","math","kma.g5.addition","4.575","0","","G5","numeric","machine_checked","needs_expert_review"
"bebsu-g5-original","bebsu-6bf1682eb955a0fc","math","kma.g5.counting","4.6","0.2","","G5","choice","machine_checked","needs_expert_review"
"bebsu-g6-original","bebsu-a9b28eb68d078575","math","kma.g6.pattern_logic","5.4","0","","G6","numeric","machine_checked","needs_expert_review"
"bebsu-g6-original","bebsu-87918513a2ce5006","math","kma.g6.addition","5.625","0","","G6","numeric","machine_checked","needs_expert_review"
"bebsu-g6-original","bebsu-e6ab4210d8fa265f","math","kma.g6.addition","5.65","0","","G6","numeric","machine_checked","needs_expert_review"
"bebsu-g6-original","bebsu-f29d33157f3aa194","math","kma.g6.addition","5.675","0","","G6","numeric","machine_checked","needs_expert_review"
"bebsu-g6-original","bebsu-379a2fcf35c72617","math","kma.g6.addition","5.7","0","","G6","numeric","machine_checked","needs_expert_review"
"bebsu-g6-original","bebsu-9692fbba7cc5c500","math","kma.g6.addition","5.725","0","","G6","numeric","machine_checked","needs_expert_review"
"bebsu-g6-original","bebsu-6a8c56d91e2a6dc4","math","kma.g6.subtraction","5.75","0","","G6","numeric","machine_checked","needs_expert_review"
"bebsu-g6-original","bebsu-1d5983d0b7effdac","math","kma.g6.addition","5.775","0","","G6","numeric","machine_checked","needs_expert_review"
"bebsu-g6-original","bebsu-97a6ddae896e8e94","math","kma.g6.addition","5.8","0","","G6","numeric","machine_checked","needs_expert_review"
"bebsu-g6-original","bebsu-3f916d86826abca2","math","kma.g6.addition","5.825","0","","G6","numeric","machine_checked","needs_expert_review"
"bebsu-g6-original","bebsu-852126b03aa6ad33","math","kma.g6.addition","5.85","0","","G6","numeric","machine_checked","needs_expert_review"
"bebsu-g6-original","bebsu-31bb838a1e3b2fa1","math","kma.g6.order","5.425","0.2","","G6","choice","machine_checked","needs_expert_review"
"bebsu-g6-original","bebsu-688da940de96a7fa","math","kma.g6.addition","5.875","0","","G6","numeric","machine_checked","needs_expert_review"
"bebsu-g6-original","bebsu-390be1639ed604e4","math","kma.g6.addition","5.9","0","","G6","numeric","machine_checked","needs_expert_review"
"bebsu-g6-original","bebsu-bf262b4c8c9329e1","math","kma.g6.addition","5.925","0","","G6","numeric","machine_checked","needs_expert_review"
"bebsu-g6-original","bebsu-c29400a5bfd044f5","math","kma.g6.order","5.95","0","","G6","numeric","machine_checked","needs_expert_review"
"bebsu-g6-original","bebsu-a8addf16c4dac552","math","kma.g6.addition","5.975","0","","G6","numeric","machine_checked","needs_expert_review"
"bebsu-g6-original","bebsu-27b9cc6b51f2a63b","math","kma.g6.subtraction","6","0","","G6","numeric","machine_checked","needs_expert_review"
"bebsu-g6-original","bebsu-6c6c5a3d8c9fac51","math","kma.g6.addition","6","0","","G6","numeric","machine_checked","needs_expert_review"
"bebsu-g6-original","bebsu-c4a7f3d83f9123dc","math","kma.g6.addition","6","0","","G6","numeric","machine_checked","needs_expert_review"
"bebsu-g6-original","bebsu-2da6a10ab19e0e0c","math","kma.g6.addition","6","0","","G6","numeric","machine_checked","needs_expert_review"
"bebsu-g6-original","bebsu-aaa491ea6110b91c","math","kma.g6.addition","6","0","","G6","numeric","machine_checked","needs_expert_review"
"bebsu-g6-original","bebsu-2c82a18398a6319c","math","kma.g6.addition","5.45","0.2","","G6","choice","machine_checked","needs_expert_review"
"bebsu-g6-original","bebsu-11c4781efa41346a","math","kma.g6.addition","6","0","","G6","numeric","machine_checked","needs_expert_review"
"bebsu-g6-original","bebsu-6d0acc4a3658b65a","math","kma.g6.addition","5.475","0","","G6","numeric","machine_checked","needs_expert_review"
"bebsu-g6-original","bebsu-1202545bd38725c0","math","kma.g6.pattern_logic","5.5","0.2","","G6","choice","machine_checked","needs_expert_review"
"bebsu-g6-original","bebsu-8a4fda6c5b103180","math","kma.g6.geometry","5.525","0","","G6","numeric","machine_checked","needs_expert_review"
"bebsu-g6-original","bebsu-090864709b6989c9","math","kma.g6.subtraction","5.55","0.2","","G6","choice","machine_checked","needs_expert_review"
"bebsu-g6-original","bebsu-2e6298baf48b1af2","math","kma.g6.addition","5.575","0","","G6","numeric","machine_checked","needs_expert_review"
"bebsu-g6-original","bebsu-925e609ad0299c76","math","kma.g6.addition","5.6","0","","G6","numeric","machine_checked","needs_expert_review"
"bebsu-g6-original","bebsu-2c44fac5d6599931","math","kma.g6.addition","5.4","0.2","","G6","choice","machine_checked","needs_expert_review"
"bebsu-g6-original","bebsu-d3e594771d059a89","math","kma.g6.addition","5.625","0","","G6","numeric","machine_checked","needs_expert_review"
"bebsu-g6-original","bebsu-4708058778c790de","math","kma.g6.comparison","5.65","0.2","","G6","choice","machine_checked","needs_expert_review"
"bebsu-g6-original","bebsu-f43818793727474b","math","kma.g6.addition","5.675","0","","G6","numeric","machine_checked","needs_expert_review"
"bebsu-g6-original","bebsu-b079094add6372d0","math","kma.g6.addition","5.7","0","","G6","numeric","machine_checked","needs_expert_review"
"bebsu-g6-original","bebsu-912665377752da2f","math","kma.g6.addition","5.725","0","","G6","numeric","machine_checked","needs_expert_review"
"bebsu-g6-original","bebsu-1f07b295b72652e6","math","kma.g6.addition","5.75","0","","G6","numeric","machine_checked","needs_expert_review"
"bebsu-g6-original","bebsu-5018f31444b1dddf","math","kma.g6.addition","5.775","0","","G6","numeric","machine_checked","needs_expert_review"
"bebsu-g6-original","bebsu-236ba8d9fc5a369a","math","kma.g6.addition","5.8","0","","G6","numeric","machine_checked","needs_expert_review"
"bebsu-g6-original","bebsu-6bc0c05adfddca36","math","kma.g6.counting","5.825","0","","G6","numeric","machine_checked","needs_expert_review"
"bebsu-g6-original","bebsu-c5c2388b1bf488b5","math","kma.g6.comparison","5.85","0","","G6","numeric","machine_checked","needs_expert_review"
"bebsu-g6-original","bebsu-a0f2ef313d098e60","math","kma.g6.unclassified","5.425","0","","G6","numeric","machine_checked","needs_expert_review"
"bebsu-g6-original","bebsu-de6a540b87568f8e","math","kma.g6.addition","5.875","0","","G6","numeric","machine_checked","needs_expert_review"
"bebsu-g6-original","bebsu-a45c7dc1b012ca9b","math","kma.g6.measurement","5.9","0","","G6","numeric","machine_checked","needs_expert_review"
"bebsu-g6-original","bebsu-99d57faf8b19b232","math","kma.g6.subtraction","5.925","0","","G6","numeric","machine_checked","needs_expert_review"
"bebsu-g6-original","bebsu-5fff853056f7f706","math","kma.g6.addition","5.95","0","","G6","numeric","machine_checked","needs_expert_review"
"bebsu-g6-original","bebsu-5b0948af5b5f2738","math","kma.g6.addition","5.975","0","","G6","numeric","machine_checked","needs_expert_review"
"bebsu-g6-original","bebsu-03bd805715793d6d","math","kma.g6.addition","6","0","","G6","numeric","machine_checked","needs_expert_review"
"bebsu-g6-original","bebsu-137b9b71d3e179f2","math","kma.g6.addition","6","0","","G6","numeric","machine_checked","needs_expert_review"
"bebsu-g6-original","bebsu-a5d9ffebfd1650b9","math","kma.g6.addition","6","0","","G6","numeric","machine_checked","needs_expert_review"
"bebsu-g6-original","bebsu-85205290b1b58143","math","kma.g6.addition","6","0","","G6","numeric","machine_checked","needs_expert_review"
"bebsu-g6-original","bebsu-d476ed43dfed71a9","math","kma.g6.geometry","6","0","","G6","numeric","machine_checked","needs_expert_review"
"bebsu-g6-original","bebsu-b5769dfec02cf623","math","kma.g6.addition","5.45","0","","G6","numeric","machine_checked","needs_expert_review"
"bebsu-g6-original","bebsu-9c6daf61f492972a","math","kma.g6.addition","6","0","","G6","numeric","machine_checked","needs_expert_review"
"bebsu-g6-original","bebsu-1ed29fb7d2e77ed3","math","kma.g6.addition","5.475","0.2","","G6","choice","machine_checked","needs_expert_review"
"bebsu-g6-original","bebsu-27cf77b877e463c6","math","kma.g6.addition","5.5","0","","G6","numeric","machine_checked","needs_expert_review"
"bebsu-g6-original","bebsu-234a76f56486e815","math","kma.g6.subtraction","5.525","0","","G6","numeric","machine_checked","needs_expert_review"
"bebsu-g6-original","bebsu-633c326d000e9d2e","math","kma.g6.subtraction","5.55","0","","G6","numeric","machine_checked","needs_expert_review"
"bebsu-g6-original","bebsu-767d8594ebc3a707","math","kma.g6.geometry","5.575","0","","G6","numeric","machine_checked","needs_expert_review"
"bebsu-g6-original","bebsu-f4c24d903db6140f","math","kma.g6.counting","5.6","0.2","","G6","choice","machine_checked","needs_expert_review"
"bebsu-g6-original","bebsu-08280c16d18cba8b","math","kma.g6.addition","5.4","0","","G6","numeric","machine_checked","needs_expert_review"
"bebsu-g6-original","bebsu-4a721b27be34d78c","math","kma.g6.subtraction","5.625","0","","G6","numeric","machine_checked","needs_expert_review"
"bebsu-g6-original","bebsu-1f7855e028fb0af8","math","kma.g6.addition","5.65","0","","G6","numeric","machine_checked","needs_expert_review"
"bebsu-g6-original","bebsu-0d333861ba6b60ac","math","kma.g6.addition","5.675","0","","G6","numeric","machine_checked","needs_expert_review"
"bebsu-g6-original","bebsu-33d572940f153ccf","math","kma.g6.addition","5.7","0","","G6","numeric","machine_checked","needs_expert_review"
"bebsu-g6-original","bebsu-c397af836c59b75b","math","kma.g6.addition","5.725","0","","G6","numeric","machine_checked","needs_expert_review"
"bebsu-g6-original","bebsu-6a5f3b95955eb419","math","kma.g6.addition","5.75","0","","G6","numeric","machine_checked","needs_expert_review"
"bebsu-g6-original","bebsu-8a2483d23c10ad37","math","kma.g6.addition","5.775","0","","G6","numeric","machine_checked","needs_expert_review"
"bebsu-g6-original","bebsu-11290d127b4a2c57","math","kma.g6.addition","5.8","0","","G6","numeric","machine_checked","needs_expert_review"
"bebsu-g6-original","bebsu-4b8f4735de828e40","math","kma.g6.geometry","5.825","0","","G6","numeric","machine_checked","needs_expert_review"
"bebsu-g6-original","bebsu-a8721d91cb2fe9a0","math","kma.g6.addition","5.85","0","","G6","numeric","machine_checked","needs_expert_review"
"bebsu-g6-original","bebsu-adc6a99b2a71301f","math","kma.g6.addition","5.875","0","","G6","numeric","machine_checked","needs_expert_review"
"bebsu-g6-original","bebsu-3a76db90adce9123","math","kma.g6.addition","5.9","0","","G6","numeric","machine_checked","needs_expert_review"
"bebsu-g6-original","bebsu-80757dcd8b60e25a","math","kma.g6.addition","5.925","0","","G6","numeric","machine_checked","needs_expert_review"
"bebsu-g6-original","bebsu-30d4a1a3f0cdead2","math","kma.g6.addition","5.95","0","","G6","numeric","machine_checked","needs_expert_review"
"bebsu-g6-original","bebsu-4f42d7be93738a9f","math","kma.g6.addition","5.975","0","","G6","numeric","machine_checked","needs_expert_review"
"bebsu-g6-original","bebsu-cb2f7896c95f1a34","math","kma.g6.subtraction","6","0","","G6","numeric","machine_checked","needs_expert_review"
"bebsu-g6-original","bebsu-69832775b71c54e1","math","kma.g6.addition","5.45","0","","G6","numeric","machine_checked","needs_expert_review"
"bebsu-g6-original","bebsu-f4baa1e324bc94d3","math","kma.g6.addition","5.475","0","","G6","numeric","machine_checked","needs_expert_review"
"bebsu-g6-original","bebsu-f514cddeace7d823","math","kma.g6.addition","5.5","0","","G6","numeric","machine_checked","needs_expert_review"
"bebsu-g6-original","bebsu-6900466d28e833e2","math","kma.g6.addition","5.525","0","","G6","numeric","machine_checked","needs_expert_review"
"bebsu-g6-original","bebsu-6943293f31a0ffd3","math","kma.g6.addition","5.55","0","","G6","numeric","machine_checked","needs_expert_review"
"bebsu-g6-original","bebsu-cf46c2e0c2a24616","math","kma.g6.addition","5.575","0","","G6","numeric","machine_checked","needs_expert_review"
"bebsu-g6-original","bebsu-205a332744c9bbd2","math","kma.g6.addition","5.6","0","","G6","numeric","machine_checked","needs_expert_review"
"bebsu-g6-original","bebsu-8d21164708a289ef","math","kma.g6.comparison","5.4","0.2","","G6","choice","machine_checked","needs_expert_review"
"bebsu-g6-original","bebsu-ffedeb3ab631311a","math","kma.g6.addition","5.625","0","","G6","numeric","machine_checked","needs_expert_review"
"bebsu-g6-original","bebsu-9021933e43bd0b72","math","kma.g6.counting","5.65","0","","G6","numeric","machine_checked","needs_expert_review"
"bebsu-g6-original","bebsu-e9151aea194799da","math","kma.g6.addition","5.675","0","","G6","numeric","machine_checked","needs_expert_review"
"bebsu-g6-original","bebsu-aa1636d148d111b7","math","kma.g6.addition","5.7","0","","G6","numeric","machine_checked","needs_expert_review"
"bebsu-g6-original","bebsu-8949ee6fecb9c86f","math","kma.g6.addition","5.725","0","","G6","numeric","machine_checked","needs_expert_review"
"bebsu-g6-original","bebsu-b7dfdf94bd55da50","math","kma.g6.unclassified","5.75","0","","G6","numeric","machine_checked","needs_expert_review"
"bebsu-g6-original","bebsu-711a12496ad87bfa","math","kma.g6.addition","5.775","0","","G6","numeric","machine_checked","needs_expert_review"
"bebsu-g6-original","bebsu-ffe68a6b471e2dc8","math","kma.g6.addition","5.8","0","","G6","numeric","machine_checked","needs_expert_review"
"bebsu-g6-original","bebsu-a2e478fe041de52f","math","kma.g6.comparison","5.825","0","","G6","numeric","machine_checked","needs_expert_review"
"bebsu-g6-original","bebsu-0d215b80f3cb6a62","math","kma.g6.addition","5.85","0","","G6","numeric","machine_checked","needs_expert_review"
"bebsu-g6-original","bebsu-d0763801e2ea335d","math","kma.g6.addition","5.425","0.2","","G6","choice","machine_checked","needs_expert_review"
"bebsu-g6-original","bebsu-af4c74aaeb9eaf1b","math","kma.g6.addition","5.875","0.2","","G6","choice","machine_checked","needs_expert_review"
"bebsu-g6-original","bebsu-038d85922685fc30","math","kma.g6.addition","5.9","0","","G6","numeric","machine_checked","needs_expert_review"
"bebsu-g6-original","bebsu-7a5c9b340161eb68","math","kma.g6.addition","5.925","0","","G6","numeric","machine_checked","needs_expert_review"
"bebsu-g6-original","bebsu-29ab18b772a9f3de","math","kma.g6.addition","5.95","0","","G6","numeric","machine_checked","needs_expert_review"
"bebsu-g6-original","bebsu-14782f92b4977703","math","kma.g6.comparison","5.975","0","","G6","numeric","machine_checked","needs_expert_review"
"bebsu-g6-original","bebsu-81a301e46779a924","math","kma.g6.addition","6","0","","G6","numeric","machine_checked","needs_expert_review"
"bebsu-g6-original","bebsu-214fef61d3a06f61","math","kma.g6.addition","6","0","","G6","numeric","machine_checked","needs_expert_review"
"bebsu-g6-original","bebsu-907206f8582c39c8","math","kma.g6.addition","6","0","","G6","numeric","machine_checked","needs_expert_review"
"bebsu-g6-original","bebsu-3316f734eccf478f","math","kma.g6.addition","6","0","","G6","numeric","machine_checked","needs_expert_review"
"bebsu-g6-original","bebsu-d6e5820d484afa91","math","kma.g6.addition","6","0","","G6","numeric","machine_checked","needs_expert_review"
"bebsu-g6-original","bebsu-5776c90687516db4","math","kma.g6.addition","5.45","0","","G6","numeric","machine_checked","needs_expert_review"
"bebsu-g6-original","bebsu-d5c1bf20371fdc62","math","kma.g6.addition","6","0","","G6","numeric","machine_checked","needs_expert_review"
"bebsu-g6-original","bebsu-df0901358617f759","math","kma.g6.addition","5.475","0","","G6","numeric","machine_checked","needs_expert_review"
"bebsu-g6-original","bebsu-a47a249c667eb965","math","kma.g6.place_value","5.5","0","","G6","numeric","machine_checked","needs_expert_review"
"bebsu-g6-original","bebsu-8f0c941766ade642","math","kma.g6.geometry","5.525","0","","G6","numeric","machine_checked","needs_expert_review"
"bebsu-g6-original","bebsu-e059d4d542fea702","math","kma.g6.comparison","5.55","0.2","","G6","choice","machine_checked","needs_expert_review"
"bebsu-g6-original","bebsu-a80cafb00cc75cfe","math","kma.g6.geometry","5.575","0","","G6","numeric","machine_checked","needs_expert_review"
"bebsu-g6-original","bebsu-e15cf818165976d4","math","kma.g6.addition","5.6","0.2","","G6","choice","machine_checked","needs_expert_review"
"bebsu-g6-original","bebsu-83dbe063962a95a7","math","kma.g6.subtraction","5.4","0.2","","G6","choice","machine_checked","needs_expert_review"
"bebsu-g6-original","bebsu-e79f905259e85fa7","math","kma.g6.comparison","5.625","0","","G6","numeric","machine_checked","needs_expert_review"
"bebsu-g6-original","bebsu-ea6f70f79f454ca1","math","kma.g6.addition","5.65","0","","G6","numeric","machine_checked","needs_expert_review"
"bebsu-g6-original","bebsu-cdf3a626dd9fecdc","math","kma.g6.comparison","5.675","0","","G6","numeric","machine_checked","needs_expert_review"
"bebsu-g6-original","bebsu-7b22d7047548a5cd","math","kma.g6.addition","5.7","0","","G6","numeric","machine_checked","needs_expert_review"
"bebsu-g6-original","bebsu-42b38fbaeef2d021","math","kma.g6.addition","5.725","0","","G6","numeric","machine_checked","needs_expert_review"
"bebsu-g6-original","bebsu-63ca908492f1791f","math","kma.g6.subtraction","5.75","0","","G6","numeric","machine_checked","needs_expert_review"
"bebsu-g6-original","bebsu-96460483106fe9b5","math","kma.g6.addition","5.775","0","","G6","numeric","machine_checked","needs_expert_review"
"bebsu-g6-original","bebsu-71aa32aa5d30fda3","math","kma.g6.addition","5.8","0","","G6","numeric","machine_checked","needs_expert_review"
"bebsu-g6-original","bebsu-2d23ffc58e5f4964","math","kma.g6.addition","5.825","0","","G6","numeric","machine_checked","needs_expert_review"
"bebsu-g6-original","bebsu-a274611667646871","math","kma.g6.subtraction","5.85","0","","G6","numeric","machine_checked","needs_expert_review"
"bebsu-g6-original","bebsu-b3dcbf9a8d6f728e","math","kma.g6.addition","5.425","0","","G6","numeric","machine_checked","needs_expert_review"
"bebsu-g6-original","bebsu-06686548047e3e1f","math","kma.g6.addition","5.875","0","","G6","numeric","machine_checked","needs_expert_review"
"bebsu-g6-original","bebsu-29fde810a8a3b1c6","math","kma.g6.addition","5.9","0","","G6","numeric","machine_checked","needs_expert_review"
"bebsu-g6-original","bebsu-696abe9ba0db4094","math","kma.g6.addition","5.925","0","","G6","numeric","machine_checked","needs_expert_review"
"bebsu-g6-original","bebsu-14dd6abf5b4ad754","math","kma.g6.addition","5.95","0","","G6","numeric","machine_checked","needs_expert_review"
"bebsu-g6-original","bebsu-76636a9025e2185d","math","kma.g6.addition","5.975","0","","G6","numeric","machine_checked","needs_expert_review"
"bebsu-g6-original","bebsu-f66c7902718d6c5b","math","kma.g6.addition","6","0","","G6","numeric","machine_checked","needs_expert_review"
"bebsu-g6-original","bebsu-272f0a992b48f58a","math","kma.g6.addition","6","0","","G6","numeric","machine_checked","needs_expert_review"
"bebsu-g6-original","bebsu-3d8cd0d39c2228ce","math","kma.g6.addition","6","0","","G6","numeric","machine_checked","needs_expert_review"
"bebsu-g6-original","bebsu-7c90331a7867480d","math","kma.g6.addition","6","0","","G6","numeric","machine_checked","needs_expert_review"
"bebsu-g6-original","bebsu-b15a7bf433393904","math","kma.g6.addition","6","0","","G6","numeric","machine_checked","needs_expert_review"
"bebsu-g6-original","bebsu-28b194a14d31a8d7","math","kma.g6.addition","5.45","0","","G6","numeric","machine_checked","needs_expert_review"
"bebsu-g6-original","bebsu-1e5888c6e1e8e77e","math","kma.g6.addition","6","0","","G6","numeric","machine_checked","needs_expert_review"
"bebsu-g6-original","bebsu-a6b90d5956442064","math","kma.g6.addition","5.475","0.2","","G6","choice","machine_checked","needs_expert_review"
"bebsu-g6-original","bebsu-c43c111cde43dc2e","math","kma.g6.addition","5.5","0","","G6","numeric","machine_checked","needs_expert_review"
"bebsu-g6-original","bebsu-de8a31a08ff96dc0","math","kma.g6.addition","5.525","0","","G6","numeric","machine_checked","needs_expert_review"
"bebsu-g6-original","bebsu-0ef7b98aead89bd8","math","kma.g6.addition","5.55","0","","G6","numeric","machine_checked","needs_expert_review"
"bebsu-g6-original","bebsu-514516565c04ab69","math","kma.g6.addition","5.575","0","","G6","numeric","machine_checked","needs_expert_review"
"bebsu-g6-original","bebsu-e48c17bbbd6b193d","math","kma.g6.comparison","5.6","0","","G6","numeric","machine_checked","needs_expert_review"
"bebsu-g6-original","bebsu-32f2b4b864e446b1","math","kma.g6.addition","5.4","0","","G6","numeric","machine_checked","needs_expert_review"
"bebsu-g6-original","bebsu-086015b12c811d8d","math","kma.g6.addition","5.625","0","","G6","numeric","machine_checked","needs_expert_review"
"bebsu-g6-original","bebsu-19eb21968eecbee1","math","kma.g6.addition","5.65","0","","G6","numeric","machine_checked","needs_expert_review"
"bebsu-g6-original","bebsu-09c5efc8239dcf95","math","kma.g6.addition","5.675","0","","G6","numeric","machine_checked","needs_expert_review"
"bebsu-g6-original","bebsu-45b9ad08d1cefa5b","math","kma.g6.addition","5.7","0","","G6","numeric","machine_checked","needs_expert_review"
"bebsu-g6-original","bebsu-fa5ddeea8423f6f8","math","kma.g6.subtraction","5.725","0","","G6","numeric","machine_checked","needs_expert_review"
"bebsu-g6-original","bebsu-0a8521cb883fdf33","math","kma.g6.addition","5.75","0","","G6","numeric","machine_checked","needs_expert_review"
"bebsu-g6-original","bebsu-42c7240ce76b349f","math","kma.g6.subtraction","5.775","0","","G6","numeric","machine_checked","needs_expert_review"
"bebsu-g6-original","bebsu-aa2c5d591c7d5501","math","kma.g6.addition","5.8","0","","G6","numeric","machine_checked","needs_expert_review"
"bebsu-g6-original","bebsu-8fd1eca2539b4937","math","kma.g6.addition","5.825","0","","G6","numeric","machine_checked","needs_expert_review"
"bebsu-g6-original","bebsu-27e862719a77f0a8","math","kma.g6.addition","5.85","0","","G6","numeric","machine_checked","needs_expert_review"
"bebsu-g6-original","bebsu-813c6651d99ec469","math","kma.g6.subtraction","5.425","0","","G6","numeric","machine_checked","needs_expert_review"
"bebsu-g6-original","bebsu-0de96b7e178aaf76","math","kma.g6.addition","5.875","0","","G6","numeric","machine_checked","needs_expert_review"
"bebsu-g6-original","bebsu-4f03b162f9644fb6","math","kma.g6.addition","5.9","0","","G6","numeric","machine_checked","needs_expert_review"
"bebsu-g6-original","bebsu-ba6e4469a9239244","math","kma.g6.addition","5.925","0","","G6","numeric","machine_checked","needs_expert_review"
"bebsu-g6-original","bebsu-c260721a67be6d7d","math","kma.g6.addition","5.95","0","","G6","numeric","machine_checked","needs_expert_review"
"bebsu-g6-original","bebsu-1bb177d8a48a303e","math","kma.g6.subtraction","5.975","0","","G6","numeric","machine_checked","needs_expert_review"
"bebsu-g6-original","bebsu-9615e7634aec6c93","math","kma.g6.geometry","6","0","","G6","numeric","machine_checked","needs_expert_review"
"bebsu-g6-original","bebsu-bd7d27f2b71f06e8","math","kma.g6.addition","6","0","","G6","numeric","machine_checked","needs_expert_review"
"bebsu-g6-original","bebsu-b636105119bd45dc","math","kma.g6.addition","6","0","","G6","numeric","machine_checked","needs_expert_review"
"bebsu-g6-original","bebsu-6a3cef08cf207c44","math","kma.g6.addition","6","0","","G6","numeric","machine_checked","needs_expert_review"
"bebsu-g6-original","bebsu-f7260d3b70d4e34c","math","kma.g6.addition","6","0","","G6","numeric","machine_checked","needs_expert_review"
"bebsu-g6-original","bebsu-8ddcab32034488d3","math","kma.g6.addition","5.45","0","","G6","numeric","machine_checked","needs_expert_review"
"bebsu-g6-original","bebsu-bf3203d12da43e5f","math","kma.g6.addition","6","0","","G6","numeric","machine_checked","needs_expert_review"
"bebsu-g6-original","bebsu-e70f3a5ce3f30b73","math","kma.g6.unclassified","5.475","0","","G6","numeric","machine_checked","needs_expert_review"
"bebsu-g6-original","bebsu-a1ef8095b507ed84","math","kma.g6.addition","5.5","0","","G6","numeric","machine_checked","needs_expert_review"
"bebsu-g6-original","bebsu-5089dc7027c1234f","math","kma.g6.addition","5.525","0","","G6","numeric","machine_checked","needs_expert_review"
"bebsu-g6-original","bebsu-2987dc9fa94e034f","math","kma.g6.subtraction","5.55","0","","G6","numeric","machine_checked","needs_expert_review"
"bebsu-g6-original","bebsu-30182654278f4f10","math","kma.g6.addition","5.575","0","","G6","numeric","machine_checked","needs_expert_review"
"bebsu-g6-original","bebsu-d67976845a50529e","math","kma.g6.counting","5.6","0","","G6","numeric","machine_checked","needs_expert_review"
"bebsu-g6-original","bebsu-2d781825d03a0fcb","math","kma.g6.addition","5.4","0","","G6","numeric","machine_checked","needs_expert_review"
"bebsu-g6-original","bebsu-3c5e75768fc60d8f","math","kma.g6.addition","5.625","0.2","","G6","choice","machine_checked","needs_expert_review"
"bebsu-g6-original","bebsu-329e064a3b103670","math","kma.g6.addition","5.65","0.2","","G6","choice","machine_checked","needs_expert_review"
"bebsu-g6-original","bebsu-6ebacc18631a2e5f","math","kma.g6.addition","5.675","0","","G6","numeric","machine_checked","needs_expert_review"
"bebsu-g6-original","bebsu-477c39e362a1537b","math","kma.g6.counting","5.7","0","","G6","numeric","machine_checked","needs_expert_review"
"bebsu-g6-original","bebsu-c03ad1ce7d5b9216","math","kma.g6.addition","5.725","0","","G6","numeric","machine_checked","needs_expert_review"
"bebsu-g6-original","bebsu-2fff97e44058f9c8","math","kma.g6.addition","5.75","0","","G6","numeric","machine_checked","needs_expert_review"
"bebsu-g6-original","bebsu-581afc16ba8d5fb0","math","kma.g6.measurement","5.775","0","","G6","numeric","machine_checked","needs_expert_review"
"bebsu-g6-original","bebsu-aeb9ac7c7343a530","math","kma.g6.counting","5.8","0","","G6","numeric","machine_checked","needs_expert_review"
"bebsu-g6-original","bebsu-86f1bd92cdb6814a","math","kma.g6.addition","5.825","0","","G6","numeric","machine_checked","needs_expert_review"
"bebsu-g6-original","bebsu-c9ee907ee05b2a91","math","kma.g6.geometry","5.85","0","","G6","numeric","machine_checked","needs_expert_review"
"bebsu-g6-original","bebsu-1d0a9451fd540639","math","kma.g6.addition","5.425","0.2","","G6","choice","machine_checked","needs_expert_review"
"bebsu-g6-original","bebsu-d6801d7010ea96d6","math","kma.g6.addition","5.875","0","","G6","numeric","machine_checked","needs_expert_review"
"bebsu-g6-original","bebsu-2e7fbb022b7fb67a","math","kma.g6.addition","5.9","0","","G6","numeric","machine_checked","needs_expert_review"
"bebsu-g6-original","bebsu-bbcb6c9cc410cb3c","math","kma.g6.order","5.925","0","","G6","numeric","machine_checked","needs_expert_review"
"bebsu-g6-original","bebsu-7f0f1ca572a9d316","math","kma.g6.subtraction","5.95","0","","G6","numeric","machine_checked","needs_expert_review"
"bebsu-g6-original","bebsu-e8424977f639a3b9","math","kma.g6.addition","5.975","0","","G6","numeric","machine_checked","needs_expert_review"
"bebsu-g6-original","bebsu-a0521ec21988c9d3","math","kma.g6.addition","6","0","","G6","numeric","machine_checked","needs_expert_review"
"bebsu-g6-original","bebsu-aab25b9c6ea785a6","math","kma.g6.pattern_logic","6","0","","G6","numeric","machine_checked","needs_expert_review"
"bebsu-g6-original","bebsu-b4efffe5c9637047","math","kma.g6.addition","6","0","","G6","numeric","machine_checked","needs_expert_review"
"bebsu-g6-original","bebsu-de4ad21c12382865","math","kma.g6.addition","6","0","","G6","numeric","machine_checked","needs_expert_review"
"bebsu-g6-original","bebsu-afdffde7617f0259","math","kma.g6.subtraction","6","0","","G6","numeric","machine_checked","needs_expert_review"
"bebsu-g6-original","bebsu-e6a4b65d24dda2e6","math","kma.g6.addition","5.45","0","","G6","numeric","machine_checked","needs_expert_review"
"bebsu-g6-original","bebsu-28074e7e8c1d8d14","math","kma.g6.addition","6","0","","G6","numeric","machine_checked","needs_expert_review"
"bebsu-g6-original","bebsu-530404191b930710","math","kma.g6.addition","5.475","0","","G6","numeric","machine_checked","needs_expert_review"
"bebsu-g6-original","bebsu-02c0799844343c38","math","kma.g6.unclassified","5.5","0","","G6","numeric","machine_checked","needs_expert_review"
"bebsu-g6-original","bebsu-53a2626782ba27e4","math","kma.g6.counting","5.525","0","","G6","numeric","machine_checked","needs_expert_review"
"bebsu-g6-original","bebsu-ff7349a02028ec3c","math","kma.g6.addition","5.55","0.2","","G6","choice","machine_checked","needs_expert_review"
"bebsu-g6-original","bebsu-469796920aca41c7","math","kma.g6.addition","5.575","0.2","","G6","choice","machine_checked","needs_expert_review"
"bebsu-g6-original","bebsu-654861413c2d6702","math","kma.g6.counting","5.6","0.2","","G6","choice","machine_checked","needs_expert_review"
"bebsu-g6-original","bebsu-a7142904d7c17ae9","math","kma.g6.addition","5.4","0","","G6","numeric","machine_checked","needs_expert_review"
"bebsu-g6-original","bebsu-89f54a8a3e53a9bb","math","kma.g6.addition","5.625","0","","G6","numeric","machine_checked","needs_expert_review"
"bebsu-g6-original","bebsu-fddd664081462325","math","kma.g6.addition","5.65","0","","G6","numeric","machine_checked","needs_expert_review"
"bebsu-g6-original","bebsu-16fbd4bf51d2fc19","math","kma.g6.addition","5.675","0","","G6","numeric","machine_checked","needs_expert_review"
"bebsu-g6-original","bebsu-4eb610a9da7f5d6c","math","kma.g6.addition","5.7","0","","G6","numeric","machine_checked","needs_expert_review"
"bebsu-g6-original","bebsu-2dbbcfbf8450d529","math","kma.g6.addition","5.725","0","","G6","numeric","machine_checked","needs_expert_review"
"bebsu-g6-original","bebsu-b27ead3244e66d0d","math","kma.g6.addition","5.75","0","","G6","numeric","machine_checked","needs_expert_review"
"bebsu-g6-original","bebsu-1475e794b734b9ca","math","kma.g6.addition","5.775","0","","G6","numeric","machine_checked","needs_expert_review"
"bebsu-g6-original","bebsu-2901b16838fb0f49","math","kma.g6.addition","5.8","0","","G6","numeric","machine_checked","needs_expert_review"
"bebsu-g6-original","bebsu-ffe22359c4d96aa0","math","kma.g6.subtraction","5.825","0","","G6","numeric","machine_checked","needs_expert_review"
"bebsu-g6-original","bebsu-8942410c25986153","math","kma.g6.addition","5.85","0","","G6","numeric","machine_checked","needs_expert_review"
"bebsu-g6-original","bebsu-31d1f0879550a567","math","kma.g6.addition","5.875","0","","G6","numeric","machine_checked","needs_expert_review"
"bebsu-g6-original","bebsu-a2fc1b6912594193","math","kma.g6.addition","5.9","0","","G6","numeric","machine_checked","needs_expert_review"
"bebsu-g6-original","bebsu-b3cc3754f89b4aee","math","kma.g6.addition","5.925","0","","G6","numeric","machine_checked","needs_expert_review"
"bebsu-g6-original","bebsu-597ec2e833f5037f","math","kma.g6.addition","5.95","0","","G6","numeric","machine_checked","needs_expert_review"
"bebsu-g6-original","bebsu-2bcec2d072d529f1","math","kma.g6.unclassified","5.975","0","","G6","numeric","machine_checked","needs_expert_review"
"bebsu-g6-original","bebsu-13696ab8514ba9b3","math","kma.g6.addition","6","0","","G6","numeric","machine_checked","needs_expert_review"
"bebsu-g6-original","bebsu-da1af222c45d1d58","math","kma.g6.subtraction","5.45","0","","G6","numeric","machine_checked","needs_expert_review"
"bebsu-g6-original","bebsu-d1466d8728959885","math","kma.g6.addition","5.475","0","","G6","numeric","machine_checked","needs_expert_review"
"bebsu-g6-original","bebsu-89ebe31a3781e687","math","kma.g6.addition","5.5","0","","G6","numeric","machine_checked","needs_expert_review"
"bebsu-g6-original","bebsu-d8b4dbe80bfa6da8","math","kma.g6.addition","5.525","0","","G6","numeric","machine_checked","needs_expert_review"
"bebsu-g6-original","bebsu-100230f3399495fb","math","kma.g6.addition","5.55","0","","G6","numeric","machine_checked","needs_expert_review"
"bebsu-g6-original","bebsu-250fd167653fa910","math","kma.g6.addition","5.575","0","","G6","numeric","machine_checked","needs_expert_review"
"bebsu-g6-original","bebsu-5b0b4fcc5ee64fb0","math","kma.g6.addition","5.6","0","","G6","numeric","machine_checked","needs_expert_review"
"bebsu-g6-original","bebsu-092da42d6ca1e5fe","math","kma.g6.subtraction","5.4","0.2","","G6","choice","machine_checked","needs_expert_review"
"bebsu-g6-original","bebsu-d0c1e18e7f7de7d5","math","kma.g6.addition","5.625","0","","G6","numeric","machine_checked","needs_expert_review"
"bebsu-g6-original","bebsu-50ed19a0459d6045","math","kma.g6.addition","5.65","0","","G6","numeric","machine_checked","needs_expert_review"
"bebsu-g6-original","bebsu-9bf82115bdd8387c","math","kma.g6.addition","5.675","0","","G6","numeric","machine_checked","needs_expert_review"
"bebsu-g6-original","bebsu-879791028ebb0763","math","kma.g6.place_value","5.7","0.2","","G6","choice","machine_checked","needs_expert_review"
"bebsu-g6-original","bebsu-92ddba5e0e66bc27","math","kma.g6.addition","5.725","0","","G6","numeric","machine_checked","needs_expert_review"
"bebsu-g6-original","bebsu-7fbb8ad66dc6b498","math","kma.g6.subtraction","5.75","0","","G6","numeric","machine_checked","needs_expert_review"
"bebsu-g6-original","bebsu-6d52338d2d15435c","math","kma.g6.unclassified","5.775","0.2","","G6","choice","machine_checked","needs_expert_review"
"bebsu-g6-original","bebsu-ae0a62680aef4e25","math","kma.g6.measurement","5.8","0","","G6","numeric","machine_checked","needs_expert_review"
"bebsu-g6-original","bebsu-112d68e9e596fddb","math","kma.g6.addition","5.825","0","","G6","numeric","machine_checked","needs_expert_review"
"bebsu-g6-original","bebsu-8510b9928201c19a","math","kma.g6.addition","5.85","0","","G6","numeric","machine_checked","needs_expert_review"
"bebsu-g6-original","bebsu-d1a8b59a34d9829c","math","kma.g6.subtraction","5.425","0","","G6","numeric","machine_checked","needs_expert_review"
"bebsu-g6-original","bebsu-f6b90a403f701729","math","kma.g6.addition","5.875","0","","G6","numeric","machine_checked","needs_expert_review"
"bebsu-g6-original","bebsu-cafd0854f705a481","math","kma.g6.addition","5.9","0","","G6","numeric","machine_checked","needs_expert_review"
"bebsu-g6-original","bebsu-54f6758264777ea6","math","kma.g6.geometry","5.925","0.2","","G6","choice","machine_checked","needs_expert_review"
"bebsu-g6-original","bebsu-8ff327655a78cc62","math","kma.g6.addition","5.95","0","","G6","numeric","machine_checked","needs_expert_review"
"bebsu-g6-original","bebsu-bd0f588c12fb31f0","math","kma.g6.addition","5.975","0","","G6","numeric","machine_checked","needs_expert_review"
"bebsu-g6-original","bebsu-feee6ad422b365fb","math","kma.g6.addition","6","0","","G6","numeric","machine_checked","needs_expert_review"
"bebsu-g6-original","bebsu-c2cdebc1e248535b","math","kma.g6.addition","6","0","","G6","numeric","machine_checked","needs_expert_review"
"bebsu-g6-original","bebsu-10b8ec7025018f38","math","kma.g6.addition","6","0","","G6","numeric","machine_checked","needs_expert_review"
"bebsu-g6-original","bebsu-8321611dec9999f2","math","kma.g6.addition","6","0","","G6","numeric","machine_checked","needs_expert_review"
"bebsu-g6-original","bebsu-5049c2a64a9051a4","math","kma.g6.addition","6","0","","G6","numeric","machine_checked","needs_expert_review"
"bebsu-g6-original","bebsu-d7f24de5b85ec627","math","kma.g6.addition","5.45","0.2","","G6","choice","machine_checked","needs_expert_review"
"bebsu-g6-original","bebsu-5f8c510b08441aa1","math","kma.g6.subtraction","6","0","","G6","numeric","machine_checked","needs_expert_review"
"bebsu-g6-original","bebsu-ecef61abd3305127","math","kma.g6.addition","5.475","0","","G6","numeric","machine_checked","needs_expert_review"
"bebsu-g6-original","bebsu-681c5c47fe7fea3d","math","kma.g6.addition","5.5","0","","G6","numeric","machine_checked","needs_expert_review"
"bebsu-g6-original","bebsu-c1a46cf1a1f2eef1","math","kma.g6.addition","5.525","0","","G6","numeric","machine_checked","needs_expert_review"
"bebsu-g6-original","bebsu-8555cbb33553e044","math","kma.g6.addition","5.55","0.2","","G6","choice","machine_checked","needs_expert_review"
"bebsu-g6-original","bebsu-11713df1b256659f","math","kma.g6.addition","5.575","0","","G6","numeric","machine_checked","needs_expert_review"
"bebsu-g6-original","bebsu-8a7f0758aac7b10f","math","kma.g6.addition","5.6","0","","G6","numeric","machine_checked","needs_expert_review"
"bebsu-g6-original","bebsu-5cb9395e78753588","math","kma.g6.addition","5.4","0","","G6","numeric","machine_checked","needs_expert_review"
"bebsu-g6-original","bebsu-1ad3fbe317033b0b","math","kma.g6.addition","5.625","0","","G6","numeric","machine_checked","needs_expert_review"
"bebsu-g6-original","bebsu-51bbec7c4c4b066a","math","kma.g6.addition","5.65","0","","G6","numeric","machine_checked","needs_expert_review"
"bebsu-g6-original","bebsu-1c838d038d64cc58","math","kma.g6.addition","5.675","0","","G6","numeric","machine_checked","needs_expert_review"
"bebsu-g6-original","bebsu-31297f57f4e87a1e","math","kma.g6.addition","5.7","0","","G6","numeric","machine_checked","needs_expert_review"
"bebsu-g6-original","bebsu-7c7fdbd92d49f0db","math","kma.g6.addition","5.725","0","","G6","numeric","machine_checked","needs_expert_review"
"bebsu-g6-original","bebsu-f0739487768ff529","math","kma.g6.subtraction","5.75","0","","G6","numeric","machine_checked","needs_expert_review"
"bebsu-g6-original","bebsu-4511f593888e81e5","math","kma.g6.addition","5.775","0","","G6","numeric","machine_checked","needs_expert_review"
"bebsu-g6-original","bebsu-270625988ca1ea78","math","kma.g6.addition","5.8","0","","G6","numeric","machine_checked","needs_expert_review"
"bebsu-g6-original","bebsu-2ae34bbc7f523213","math","kma.g6.addition","5.825","0","","G6","numeric","machine_checked","needs_expert_review"
"bebsu-g6-original","bebsu-992263fa58969d47","math","kma.g6.subtraction","5.85","0","","G6","numeric","machine_checked","needs_expert_review"
"bebsu-g6-original","bebsu-d1e14f18635c83dc","math","kma.g6.addition","5.425","0","","G6","numeric","machine_checked","needs_expert_review"
"bebsu-g6-original","bebsu-4f36c7f34058743e","math","kma.g6.geometry","5.875","0","","G6","numeric","machine_checked","needs_expert_review"
"bebsu-g6-original","bebsu-68d13eca21977b6b","math","kma.g6.addition","5.9","0","","G6","numeric","machine_checked","needs_expert_review"
"bebsu-g6-original","bebsu-1a54be001d2ed635","math","kma.g6.addition","5.925","0","","G6","numeric","machine_checked","needs_expert_review"
"bebsu-g6-original","bebsu-c0604ca634a2ed8d","math","kma.g6.addition","5.95","0","","G6","numeric","machine_checked","needs_expert_review"
"bebsu-g6-original","bebsu-6f94610eee23dc16","math","kma.g6.addition","5.975","0","","G6","numeric","machine_checked","needs_expert_review"
"bebsu-g6-original","bebsu-6e276c4e1c5909d8","math","kma.g6.addition","6","0","","G6","numeric","machine_checked","needs_expert_review"
"bebsu-g6-original","bebsu-96ee41fc6a3b4382","math","kma.g6.addition","6","0","","G6","numeric","machine_checked","needs_expert_review"
"bebsu-g6-original","bebsu-a7b93369e95531e6","math","kma.g6.addition","6","0","","G6","numeric","machine_checked","needs_expert_review"
"bebsu-g6-original","bebsu-9003d2a95e71e488","math","kma.g6.addition","6","0","","G6","numeric","machine_checked","needs_expert_review"
"bebsu-g6-original","bebsu-d2d944e4bec4ae16","math","kma.g6.addition","6","0","","G6","numeric","machine_checked","needs_expert_review"
"bebsu-g6-original","bebsu-11a6021b1c549df5","math","kma.g6.addition","5.45","0","","G6","numeric","machine_checked","needs_expert_review"
"bebsu-g6-original","bebsu-fedfe3ba0aa2f66b","math","kma.g6.addition","6","0","","G6","numeric","machine_checked","needs_expert_review"
"bebsu-g6-original","bebsu-cb70e197d8e35d5f","math","kma.g6.addition","5.475","0.2","","G6","choice","machine_checked","needs_expert_review"
"bebsu-g6-original","bebsu-e5f8f51835cc4f74","math","kma.g6.addition","5.5","0","","G6","numeric","machine_checked","needs_expert_review"
"bebsu-g6-original","bebsu-2b1d1023aed2920b","math","kma.g6.addition","5.525","0","","G6","numeric","machine_checked","needs_expert_review"
"bebsu-g6-original","bebsu-401769c298c016bd","math","kma.g6.addition","5.55","0","","G6","numeric","machine_checked","needs_expert_review"
"bebsu-g6-original","bebsu-09998d6a048875ab","math","kma.g6.addition","5.575","0","","G6","numeric","machine_checked","needs_expert_review"
"bebsu-g6-original","bebsu-c1225e91f793bb29","math","kma.g6.counting","5.6","0","","G6","numeric","machine_checked","needs_expert_review"
"bebsu-g6-original","bebsu-ff5fb431a6f399d3","math","kma.g6.addition","5.4","0.2","","G6","choice","machine_checked","needs_expert_review"
"bebsu-g6-original","bebsu-f5218562402a6710","math","kma.g6.addition","5.625","0","","G6","numeric","machine_checked","needs_expert_review"
"bebsu-g6-original","bebsu-ae3183183b2d2450","math","kma.g6.subtraction","5.65","0","","G6","numeric","machine_checked","needs_expert_review"
"bebsu-g6-original","bebsu-963d304717e57361","math","kma.g6.addition","5.675","0","","G6","numeric","machine_checked","needs_expert_review"
"bebsu-g6-original","bebsu-5194201bdecaf067","math","kma.g6.addition","5.7","0","","G6","numeric","machine_checked","needs_expert_review"
"bebsu-g6-original","bebsu-3279293aaffcc261","math","kma.g6.addition","5.725","0","","G6","numeric","machine_checked","needs_expert_review"
"bebsu-g6-original","bebsu-eadade6f01113fde","math","kma.g6.place_value","5.75","0","","G6","numeric","machine_checked","needs_expert_review"
"bebsu-g6-original","bebsu-6ee2ec69ad54f37e","math","kma.g6.addition","5.775","0","","G6","numeric","machine_checked","needs_expert_review"
"bebsu-g6-original","bebsu-99caafec58caf1b4","math","kma.g6.subtraction","5.8","0","","G6","numeric","machine_checked","needs_expert_review"
"bebsu-g6-original","bebsu-39e251ad3f96a362","math","kma.g6.addition","5.825","0","","G6","numeric","machine_checked","needs_expert_review"
"bebsu-g6-original","bebsu-2a9be701678eb772","math","kma.g6.addition","5.85","0","","G6","numeric","machine_checked","needs_expert_review"
"bebsu-g6-original","bebsu-797c3aca0eea297a","math","kma.g6.addition","5.425","0","","G6","numeric","machine_checked","needs_expert_review"
"bebsu-g6-original","bebsu-e00bf4cc1ff1c86b","math","kma.g6.addition","5.875","0","","G6","numeric","machine_checked","needs_expert_review"
"bebsu-g6-original","bebsu-55ab6f878a421277","math","kma.g6.geometry","5.9","0","","G6","numeric","machine_checked","needs_expert_review"
"bebsu-g6-original","bebsu-5d9569e17c261964","math","kma.g6.addition","5.925","0","","G6","numeric","machine_checked","needs_expert_review"
"bebsu-g6-original","bebsu-e738c22088180ccc","math","kma.g6.subtraction","5.95","0","","G6","numeric","machine_checked","needs_expert_review"
"bebsu-g6-original","bebsu-967cd9f8cc292759","math","kma.g6.addition","5.975","0","","G6","numeric","machine_checked","needs_expert_review"
"bebsu-g6-original","bebsu-3ace7bede5feafb6","math","kma.g6.addition","6","0","","G6","numeric","machine_checked","needs_expert_review"
"bebsu-g6-original","bebsu-31d33f710bd6b92a","math","kma.g6.addition","6","0","","G6","numeric","machine_checked","needs_expert_review"
"bebsu-g6-original","bebsu-f9db9878637651a6","math","kma.g6.addition","6","0","","G6","numeric","machine_checked","needs_expert_review"
"bebsu-g6-original","bebsu-38fff4394e80b6bb","math","kma.g6.addition","6","0","","G6","numeric","machine_checked","needs_expert_review"
"bebsu-g6-original","bebsu-ed25307cc91de9d2","math","kma.g6.addition","6","0","","G6","numeric","machine_checked","needs_expert_review"
"bebsu-g6-original","bebsu-a9e95c949503555d","math","kma.g6.subtraction","5.45","0.2","","G6","choice","machine_checked","needs_expert_review"
"bebsu-g6-original","bebsu-fcfdae8c0f04df9b","math","kma.g6.addition","6","0","","G6","numeric","machine_checked","needs_expert_review"
"bebsu-g6-original","bebsu-1d8773c97cac1b73","math","kma.g6.geometry","5.475","0.2","","G6","choice","machine_checked","needs_expert_review"
"bebsu-g6-original","bebsu-aacf819f3fe14889","math","kma.g6.subtraction","5.5","0","","G6","numeric","machine_checked","needs_expert_review"
"bebsu-g6-original","bebsu-a8dcadcfc7673dd7","math","kma.g6.addition","5.525","0","","G6","numeric","machine_checked","needs_expert_review"
"bebsu-g6-original","bebsu-ec74f691a5ae3879","math","kma.g6.unclassified","5.55","0.2","","G6","choice","machine_checked","needs_expert_review"
"bebsu-g6-original","bebsu-8246dfe470b31fe0","math","kma.g6.subtraction","5.575","0","","G6","numeric","machine_checked","needs_expert_review"
"bebsu-g6-original","bebsu-c9b1ccc78adaded6","math","kma.g6.addition","5.6","0","","G6","numeric","machine_checked","needs_expert_review"
"bebsu-g6-original","bebsu-7de05e8783179d58","math","kma.g6.addition","5.4","0","","G6","numeric","machine_checked","needs_expert_review"
"bebsu-g6-original","bebsu-b02e38ef4975691c","math","kma.g6.addition","5.625","0","","G6","numeric","machine_checked","needs_expert_review"
"bebsu-g6-original","bebsu-c147cad97ffea8a4","math","kma.g6.addition","5.65","0","","G6","numeric","machine_checked","needs_expert_review"
"bebsu-g6-original","bebsu-7f4fb2f4a53d4659","math","kma.g6.addition","5.675","0","","G6","numeric","machine_checked","needs_expert_review"
"bebsu-g6-original","bebsu-b3dc9c4ac351411e","math","kma.g6.addition","5.7","0","","G6","numeric","machine_checked","needs_expert_review"
"bebsu-g6-original","bebsu-ace812f9099ee03c","math","kma.g6.addition","5.725","0","","G6","numeric","machine_checked","needs_expert_review"
"bebsu-g6-original","bebsu-1c950d566893aa0b","math","kma.g6.addition","5.75","0","","G6","numeric","machine_checked","needs_expert_review"
"bebsu-g6-original","bebsu-b5b459adc9754298","math","kma.g6.addition","5.775","0","","G6","numeric","machine_checked","needs_expert_review"
"bebsu-g6-original","bebsu-b44e5e54e7b4bf06","math","kma.g6.addition","5.8","0","","G6","numeric","machine_checked","needs_expert_review"
"bebsu-g6-original","bebsu-b764ade4f1906d4c","math","kma.g6.addition","5.825","0","","G6","numeric","machine_checked","needs_expert_review"
"bebsu-g6-original","bebsu-68dfd3327914d9fb","math","kma.g6.addition","5.85","0","","G6","numeric","machine_checked","needs_expert_review"
"bebsu-g6-original","bebsu-e474b0548087df7e","math","kma.g6.subtraction","5.425","0","","G6","numeric","machine_checked","needs_expert_review"
"bebsu-g6-original","bebsu-5b02baa992c5d1f8","math","kma.g6.addition","5.875","0","","G6","numeric","machine_checked","needs_expert_review"
"bebsu-g6-original","bebsu-4a85a5039440375d","math","kma.g6.addition","5.9","0","","G6","numeric","machine_checked","needs_expert_review"
"bebsu-g6-original","bebsu-7eb2b53b613c57ff","math","kma.g6.addition","5.925","0","","G6","numeric","machine_checked","needs_expert_review"
"bebsu-g6-original","bebsu-5fe9fc4e02fb6f6e","math","kma.g6.addition","5.95","0","","G6","numeric","machine_checked","needs_expert_review"
"bebsu-g6-original","bebsu-eca50100bcded236","math","kma.g6.addition","5.975","0","","G6","numeric","machine_checked","needs_expert_review"
"bebsu-g6-original","bebsu-8db0884a1a532f93","math","kma.g6.addition","6","0","","G6","numeric","machine_checked","needs_expert_review"
"bebsu-g6-original","bebsu-e469c0939ed09718","math","kma.g6.addition","5.45","0","","G6","numeric","machine_checked","needs_expert_review"
"bebsu-g6-original","bebsu-ed5d3618c26cb5e1","math","kma.g6.addition","5.475","0","","G6","numeric","machine_checked","needs_expert_review"
"bebsu-g6-original","bebsu-989f0a980d4c998f","math","kma.g6.addition","5.5","0","","G6","numeric","machine_checked","needs_expert_review"
"bebsu-g6-original","bebsu-d4acbd88e339f035","math","kma.g6.addition","5.525","0","","G6","numeric","machine_checked","needs_expert_review"
"bebsu-g6-original","bebsu-d254313fced25fea","math","kma.g6.comparison","5.55","0","","G6","numeric","machine_checked","needs_expert_review"
"bebsu-g6-original","bebsu-069f28442838dec2","math","kma.g6.addition","5.575","0","","G6","numeric","machine_checked","needs_expert_review"
"bebsu-g6-original","bebsu-055bc2ac5773d928","math","kma.g6.geometry","5.6","0","","G6","numeric","machine_checked","needs_expert_review"
"bebsu-g6-original","bebsu-b652e1574a00c442","math","kma.g6.geometry","5.4","0.2","","G6","choice","machine_checked","needs_expert_review"
"bebsu-g6-original","bebsu-9e8adecb0192e6cd","math","kma.g6.addition","5.625","0","","G6","numeric","machine_checked","needs_expert_review"
"bebsu-g6-original","bebsu-9fd2ad30ed6d7967","math","kma.g6.geometry","5.65","0","","G6","numeric","machine_checked","needs_expert_review"
"bebsu-g6-original","bebsu-6070f216e20a7ca5","math","kma.g6.geometry","5.675","0","","G6","numeric","machine_checked","needs_expert_review"
"bebsu-g6-original","bebsu-74bcf749060811ab","math","kma.g6.addition","5.7","0","","G6","numeric","machine_checked","needs_expert_review"
"bebsu-g6-original","bebsu-e35c2465cb327a00","math","kma.g6.subtraction","5.725","0","","G6","numeric","machine_checked","needs_expert_review"
"bebsu-g6-original","bebsu-dd2b3d2fc28acf94","math","kma.g6.addition","5.75","0","","G6","numeric","machine_checked","needs_expert_review"
"bebsu-g6-original","bebsu-9f62fe968a6b6b64","math","kma.g6.addition","5.775","0","","G6","numeric","machine_checked","needs_expert_review"
"bebsu-g6-original","bebsu-3bef0487c56b0d4a","math","kma.g6.counting","5.8","0","","G6","numeric","machine_checked","needs_expert_review"
"bebsu-g6-original","bebsu-bdb01e797315aae3","math","kma.g6.addition","5.825","0","","G6","numeric","machine_checked","needs_expert_review"
"bebsu-g6-original","bebsu-3e73f5d3e2d81795","math","kma.g6.addition","5.85","0","","G6","numeric","machine_checked","needs_expert_review"
"bebsu-g6-original","bebsu-2dc0026b06fc22de","math","kma.g6.addition","5.425","0","","G6","numeric","machine_checked","needs_expert_review"
"bebsu-g6-original","bebsu-476a24940c2209f0","math","kma.g6.addition","5.875","0","","G6","numeric","machine_checked","needs_expert_review"
"bebsu-g6-original","bebsu-aeb30ec2af7722fe","math","kma.g6.geometry","5.9","0","","G6","numeric","machine_checked","needs_expert_review"
"bebsu-g6-original","bebsu-7a00c06c7d58c110","math","kma.g6.addition","5.925","0","","G6","numeric","machine_checked","needs_expert_review"
"bebsu-g6-original","bebsu-5310760479c5b3be","math","kma.g6.addition","5.95","0","","G6","numeric","machine_checked","needs_expert_review"
"bebsu-g6-original","bebsu-d7f94269b8f5874f","math","kma.g6.geometry","5.975","0","","G6","numeric","machine_checked","needs_expert_review"
"bebsu-g6-original","bebsu-9f3532e083f4a73c","math","kma.g6.addition","6","0","","G6","numeric","machine_checked","needs_expert_review"
"bebsu-g6-original","bebsu-ba1fe36d9a7d6da6","math","kma.g6.addition","6","0","","G6","numeric","machine_checked","needs_expert_review"
"bebsu-g6-original","bebsu-9d9fdc32d1bebe05","math","kma.g6.addition","6","0","","G6","numeric","machine_checked","needs_expert_review"
"bebsu-g6-original","bebsu-f346f54cb2d978b8","math","kma.g6.addition","6","0","","G6","numeric","machine_checked","needs_expert_review"
"bebsu-g6-original","bebsu-ea6fd388509b5abc","math","kma.g6.addition","6","0","","G6","numeric","machine_checked","needs_expert_review"
"bebsu-g6-original","bebsu-336d8d14390dc9e9","math","kma.g6.addition","5.45","0","","G6","numeric","machine_checked","needs_expert_review"
"bebsu-g6-original","bebsu-9e903c6daec236b8","math","kma.g6.addition","6","0","","G6","numeric","machine_checked","needs_expert_review"
"bebsu-g6-original","bebsu-ec6a1273a7e25ec7","math","kma.g6.measurement","5.475","0","","G6","numeric","machine_checked","needs_expert_review"
"bebsu-g6-original","bebsu-a0ce8b4a03468443","math","kma.g6.comparison","5.5","0","","G6","numeric","machine_checked","needs_expert_review"
"bebsu-g6-original","bebsu-a0c169b1a1b5ba45","math","kma.g6.addition","5.525","0","","G6","numeric","machine_checked","needs_expert_review"
"bebsu-g6-original","bebsu-659a4a33bd222c2f","math","kma.g6.addition","5.55","0","","G6","numeric","machine_checked","needs_expert_review"
"bebsu-g6-original","bebsu-6fa2a58250fd3731","math","kma.g6.addition","5.575","0.2","","G6","choice","machine_checked","needs_expert_review"
"bebsu-g6-original","bebsu-a68fed1d387be952","math","kma.g6.addition","5.6","0.2","","G6","choice","machine_checked","needs_expert_review"
"bebsu-g6-original","bebsu-9a23a81b8679d355","math","kma.g6.subtraction","5.4","0","","G6","numeric","machine_checked","needs_expert_review"
"bebsu-g6-original","bebsu-d323ebd1686f80c9","math","kma.g6.unclassified","5.625","0","","G6","numeric","machine_checked","needs_expert_review"
"bebsu-g6-original","bebsu-ba997559c08c59cb","math","kma.g6.addition","5.65","0","","G6","numeric","machine_checked","needs_expert_review"
"bebsu-g6-original","bebsu-b9d378b445f42816","math","kma.g6.addition","5.675","0","","G6","numeric","machine_checked","needs_expert_review"
"bebsu-g6-original","bebsu-bacaf74b95a958a3","math","kma.g6.subtraction","5.7","0","","G6","numeric","machine_checked","needs_expert_review"
"bebsu-g6-original","bebsu-a85b4e57314e1b78","math","kma.g6.addition","5.725","0","","G6","numeric","machine_checked","needs_expert_review"
"bebsu-g6-original","bebsu-bd777aaf78369c5a","math","kma.g6.addition","5.75","0","","G6","numeric","machine_checked","needs_expert_review"
"bebsu-g6-original","bebsu-2a57e92154560454","math","kma.g6.addition","5.775","0","","G6","numeric","machine_checked","needs_expert_review"
"bebsu-g6-original","bebsu-8f7c114b087d2da2","math","kma.g6.addition","5.8","0","","G6","numeric","machine_checked","needs_expert_review"
"bebsu-g6-original","bebsu-70ad2e180c117465","math","kma.g6.addition","5.825","0","","G6","numeric","machine_checked","needs_expert_review"
"bebsu-g6-original","bebsu-f48d549833d2340c","math","kma.g6.addition","5.85","0","","G6","numeric","machine_checked","needs_expert_review"
"bebsu-g6-original","bebsu-11e733ff372fe81f","math","kma.g6.addition","5.875","0","","G6","numeric","machine_checked","needs_expert_review"
"bebsu-g6-original","bebsu-afeb9755d42eb587","math","kma.g6.addition","5.9","0","","G6","numeric","machine_checked","needs_expert_review"
"bebsu-g6-original","bebsu-69398a5d16b59537","math","kma.g6.addition","5.925","0","","G6","numeric","machine_checked","needs_expert_review"
"bebsu-g6-original","bebsu-f8b4227f2ff9e683","math","kma.g6.subtraction","5.95","0","","G6","numeric","machine_checked","needs_expert_review"
"bebsu-g6-original","bebsu-b1ffb92a0927f1c4","math","kma.g6.addition","5.975","0","","G6","numeric","machine_checked","needs_expert_review"
"bebsu-g6-original","bebsu-67f0263b18a244da","math","kma.g6.addition","6","0","","G6","numeric","machine_checked","needs_expert_review"
"bebsu-g6-original","bebsu-433a2cd15ebb6db5","math","kma.g6.addition","5.45","0","","G6","numeric","machine_checked","needs_expert_review"
"bebsu-g6-original","bebsu-4fa1a9e03b74b2b3","math","kma.g6.addition","5.475","0","","G6","numeric","machine_checked","needs_expert_review"
"bebsu-g6-original","bebsu-4a61e4b81e8bb7af","math","kma.g6.addition","5.5","0","","G6","numeric","machine_checked","needs_expert_review"
"bebsu-g6-original","bebsu-d5266243a87bea0c","math","kma.g6.addition","5.525","0","","G6","numeric","machine_checked","needs_expert_review"
"bebsu-g6-original","bebsu-e3dc17830c2c2a93","math","kma.g6.addition","5.55","0","","G6","numeric","machine_checked","needs_expert_review"
"bebsu-g6-original","bebsu-811cf14b434985eb","math","kma.g6.addition","5.575","0","","G6","numeric","machine_checked","needs_expert_review"
"bebsu-g6-original","bebsu-e843e9ae3f007de5","math","kma.g6.addition","5.6","0","","G6","numeric","machine_checked","needs_expert_review"
"bebsu-g6-original","bebsu-dbcaac64201ce337","math","kma.g6.unclassified","5.4","0","","G6","numeric","machine_checked","needs_expert_review"
"bebsu-g6-original","bebsu-68caa6fc1ef0faba","math","kma.g6.addition","5.625","0","","G6","numeric","machine_checked","needs_expert_review"
"bebsu-g6-original","bebsu-8bdeb19dbd0bde6d","math","kma.g6.addition","5.65","0","","G6","numeric","machine_checked","needs_expert_review"
"bebsu-g6-original","bebsu-f72cae623c08dba8","math","kma.g6.addition","5.675","0","","G6","numeric","machine_checked","needs_expert_review"
"bebsu-g6-original","bebsu-62671547c92ac560","math","kma.g6.addition","5.7","0","","G6","numeric","machine_checked","needs_expert_review"
"bebsu-g6-original","bebsu-64de3251e4f5f0c4","math","kma.g6.addition","5.725","0","","G6","numeric","machine_checked","needs_expert_review"
"bebsu-g6-original","bebsu-35f64981a172dfbe","math","kma.g6.subtraction","5.75","0","","G6","numeric","machine_checked","needs_expert_review"
"bebsu-g6-original","bebsu-bd11ab25be2a4302","math","kma.g6.addition","5.775","0","","G6","numeric","machine_checked","needs_expert_review"
"bebsu-g6-original","bebsu-66adc08ed47c909d","math","kma.g6.subtraction","5.8","0","","G6","numeric","machine_checked","needs_expert_review"
"bebsu-g6-original","bebsu-42c9645c6e0a4699","math","kma.g6.measurement","5.825","0","","G6","numeric","machine_checked","needs_expert_review"
"bebsu-g6-original","bebsu-d86c82c08954de22","math","kma.g6.addition","5.85","0.2","","G6","choice","machine_checked","needs_expert_review"
"bebsu-g6-original","bebsu-8bc7d4f356c41160","math","kma.g6.unclassified","5.425","0","","G6","numeric","machine_checked","needs_expert_review"
"bebsu-g6-original","bebsu-c16a094b59986039","math","kma.g6.addition","5.875","0","","G6","numeric","machine_checked","needs_expert_review"
"bebsu-g6-original","bebsu-50be2e67a10fd02d","math","kma.g6.addition","5.9","0","","G6","numeric","machine_checked","needs_expert_review"
"bebsu-g6-original","bebsu-096b8c36eb03ca8a","math","kma.g6.addition","5.925","0","","G6","numeric","machine_checked","needs_expert_review"
"bebsu-g6-original","bebsu-375eb08a4480766a","math","kma.g6.pattern_logic","5.95","0","","G6","numeric","machine_checked","needs_expert_review"
"bebsu-g6-original","bebsu-5f98f195bc2ffa49","math","kma.g6.subtraction","5.975","0","","G6","numeric","machine_checked","needs_expert_review"
"bebsu-g6-original","bebsu-66c84505aca7131c","math","kma.g6.addition","6","0","","G6","numeric","machine_checked","needs_expert_review"
"bebsu-g6-original","bebsu-68582c3619f0aacc","math","kma.g6.addition","6","0","","G6","numeric","machine_checked","needs_expert_review"
"bebsu-g6-original","bebsu-9de8149a9d2cfba2","math","kma.g6.addition","6","0","","G6","numeric","machine_checked","needs_expert_review"
"bebsu-g6-original","bebsu-4bb2a71a282d5f64","math","kma.g6.addition","6","0","","G6","numeric","machine_checked","needs_expert_review"
"bebsu-g6-original","bebsu-c6b71c037d1fd99e","math","kma.g6.addition","6","0","","G6","numeric","machine_checked","needs_expert_review"
"bebsu-g6-original","bebsu-781bc56dff19bc3b","math","kma.g6.addition","5.45","0","","G6","numeric","machine_checked","needs_expert_review"
"bebsu-g6-original","bebsu-64abe6a5bb9bf6b3","math","kma.g6.addition","6","0","","G6","numeric","machine_checked","needs_expert_review"
"bebsu-g6-original","bebsu-25d2f5bfe854830f","math","kma.g6.addition","5.475","0","","G6","numeric","machine_checked","needs_expert_review"
"bebsu-g6-original","bebsu-160f9a04505a61e2","math","kma.g6.addition","5.5","0","","G6","numeric","machine_checked","needs_expert_review"
"bebsu-g6-original","bebsu-c0f4372fe0627566","math","kma.g6.addition","5.525","0","","G6","numeric","machine_checked","needs_expert_review"
"bebsu-g6-original","bebsu-7a840ae1ceb3fc89","math","kma.g6.geometry","5.55","0","","G6","numeric","machine_checked","needs_expert_review"
"bebsu-g6-original","bebsu-9745b06a7339b6dd","math","kma.g6.addition","5.575","0","","G6","numeric","machine_checked","needs_expert_review"
"bebsu-g6-original","bebsu-224fb4e9083aaf2e","math","kma.g6.addition","5.6","0","","G6","numeric","machine_checked","needs_expert_review"
"bebsu-g6-original","bebsu-6bcd877a9c9d59df","math","kma.g6.addition","5.4","0","","G6","numeric","machine_checked","needs_expert_review"
"bebsu-g6-original","bebsu-be5755da2a5d60ea","math","kma.g6.addition","5.625","0","","G6","numeric","machine_checked","needs_expert_review"
"bebsu-g6-original","bebsu-ebb78ca493cd647c","math","kma.g6.measurement","5.65","0.2","","G6","choice","machine_checked","needs_expert_review"
"bebsu-g6-original","bebsu-936cb67dd10f26db","math","kma.g6.addition","5.675","0","","G6","numeric","machine_checked","needs_expert_review"
"bebsu-g6-original","bebsu-972232bb26279acb","math","kma.g6.addition","5.7","0","","G6","numeric","machine_checked","needs_expert_review"
"bebsu-g6-original","bebsu-0712c942e4d39abf","math","kma.g6.addition","5.725","0","","G6","numeric","machine_checked","needs_expert_review"
"bebsu-g6-original","bebsu-6a818350342f8c5c","math","kma.g6.addition","5.75","0","","G6","numeric","machine_checked","needs_expert_review"
"bebsu-g6-original","bebsu-10adca32843b436a","math","kma.g6.order","5.775","0","","G6","numeric","machine_checked","needs_expert_review"
"bebsu-g6-original","bebsu-2691b6b74207425a","math","kma.g6.addition","5.8","0","","G6","numeric","machine_checked","needs_expert_review"
"bebsu-g6-original","bebsu-3c3451ef7b71be1d","math","kma.g6.subtraction","5.825","0","","G6","numeric","machine_checked","needs_expert_review"
"bebsu-g6-original","bebsu-37c16f85682bf695","math","kma.g6.measurement","5.85","0","","G6","numeric","machine_checked","needs_expert_review"
"bebsu-g6-original","bebsu-f3bb7913451e44bd","math","kma.g6.addition","5.425","0","","G6","numeric","machine_checked","needs_expert_review"
"bebsu-g6-original","bebsu-cf4890054d4ce3a5","math","kma.g6.addition","5.875","0","","G6","numeric","machine_checked","needs_expert_review"
"bebsu-g6-original","bebsu-021ca93fafd02d94","math","kma.g6.addition","5.9","0","","G6","numeric","machine_checked","needs_expert_review"
"bebsu-g6-original","bebsu-519f82199dbd3498","math","kma.g6.addition","5.925","0","","G6","numeric","machine_checked","needs_expert_review"
"bebsu-g6-original","bebsu-53531d534aba7f5f","math","kma.g6.addition","5.95","0","","G6","numeric","machine_checked","needs_expert_review"
"bebsu-g6-original","bebsu-d98e615927812122","math","kma.g6.addition","5.975","0","","G6","numeric","machine_checked","needs_expert_review"
"bebsu-g6-original","bebsu-ccf64c44f0daf97f","math","kma.g6.addition","6","0","","G6","numeric","machine_checked","needs_expert_review"
"bebsu-g6-original","bebsu-a112766b6a4f8965","math","kma.g6.addition","6","0","","G6","numeric","machine_checked","needs_expert_review"
"bebsu-g6-original","bebsu-fbd9568c5d9e3091","math","kma.g6.geometry","6","0","","G6","numeric","machine_checked","needs_expert_review"
"bebsu-g6-original","bebsu-e31bee75482873dd","math","kma.g6.addition","6","0","","G6","numeric","machine_checked","needs_expert_review"
"bebsu-g6-original","bebsu-838ab7b238d5b81d","math","kma.g6.addition","6","0","","G6","numeric","machine_checked","needs_expert_review"
"bebsu-g6-original","bebsu-739018f8368c8ae4","math","kma.g6.addition","5.45","0","","G6","numeric","machine_checked","needs_expert_review"
"bebsu-g6-original","bebsu-501d0fbd180983bc","math","kma.g6.addition","6","0","","G6","numeric","machine_checked","needs_expert_review"
"bebsu-g6-original","bebsu-04e89e8c96eef390","math","kma.g6.addition","5.475","0","","G6","numeric","machine_checked","needs_expert_review"
"bebsu-g6-original","bebsu-cb99f0da786dbc1f","math","kma.g6.unclassified","5.5","0.2","","G6","choice","machine_checked","needs_expert_review"
"bebsu-g6-original","bebsu-014198dd0bb10c18","math","kma.g6.addition","5.525","0","","G6","numeric","machine_checked","needs_expert_review"
"bebsu-g6-original","bebsu-9388de88c8daab2c","math","kma.g6.addition","5.55","0","","G6","numeric","machine_checked","needs_expert_review"
"bebsu-g6-original","bebsu-7e64fc7207cffe85","math","kma.g6.counting","5.575","0.2","","G6","choice","machine_checked","needs_expert_review"
"bebsu-g6-original","bebsu-de4c94eb2449e349","math","kma.g6.addition","5.6","0","","G6","numeric","machine_checked","needs_expert_review"
"bebsu-m-original","bebsu-3ef4bc8f9c9b6bc6","math","kma.m.addition","6","0","","M","numeric","machine_checked","needs_expert_review"
"bebsu-m-original","bebsu-620546941ad39d0e","math","kma.m.addition","6.225","0","","M","numeric","machine_checked","needs_expert_review"
"bebsu-m-original","bebsu-dc76001086aedcb0","math","kma.m.addition","6.25","0","","M","numeric","machine_checked","needs_expert_review"
"bebsu-m-original","bebsu-4552ebd3b3a5d66b","math","kma.m.addition","6.275","0","","M","numeric","machine_checked","needs_expert_review"
"bebsu-m-original","bebsu-4e8a67f58de77441","math","kma.m.addition","6.3","0","","M","numeric","machine_checked","needs_expert_review"
"bebsu-m-original","bebsu-111ad715dadb82e3","math","kma.m.addition","6.325","0","","M","numeric","machine_checked","needs_expert_review"
"bebsu-m-original","bebsu-da1a89d3404d80b1","math","kma.m.addition","6.35","0","","M","numeric","machine_checked","needs_expert_review"
"bebsu-m-original","bebsu-f666e9bd4281db42","math","kma.m.addition","6.375","0","","M","numeric","machine_checked","needs_expert_review"
"bebsu-m-original","bebsu-59d77e72250b3bfe","math","kma.m.addition","6.4","0","","M","numeric","machine_checked","needs_expert_review"
"bebsu-m-original","bebsu-43fa8cdabe879405","math","kma.m.subtraction","6.425","0","","M","numeric","machine_checked","needs_expert_review"
"bebsu-m-original","bebsu-b5709173ca4212eb","math","kma.m.addition","6.45","0","","M","numeric","machine_checked","needs_expert_review"
"bebsu-m-original","bebsu-e2b7c89ea6a08863","math","kma.m.addition","6.475","0","","M","numeric","machine_checked","needs_expert_review"
"bebsu-m-original","bebsu-83c9188bf6978407","math","kma.m.addition","6.5","0","","M","numeric","machine_checked","needs_expert_review"
"bebsu-m-original","bebsu-b28f355496d13fed","math","kma.m.addition","6.525","0","","M","numeric","machine_checked","needs_expert_review"
"bebsu-m-original","bebsu-ba8246035897fb6e","math","kma.m.addition","6.55","0","","M","numeric","machine_checked","needs_expert_review"
"bebsu-m-original","bebsu-c5848d41bd7f2b54","math","kma.m.addition","6.575","0","","M","numeric","machine_checked","needs_expert_review"
"bebsu-m-original","bebsu-0e9e5af29342a1c5","math","kma.m.addition","6.6","0","","M","numeric","machine_checked","needs_expert_review"
"bebsu-m-original","bebsu-03aef09b72b2159b","math","kma.m.addition","6.05","0","","M","numeric","machine_checked","needs_expert_review"
"bebsu-m-original","bebsu-dfa2486c70b4019c","math","kma.m.addition","6.075","0","","M","numeric","machine_checked","needs_expert_review"
"bebsu-m-original","bebsu-be22163b48301dcc","math","kma.m.addition","6.1","0","","M","numeric","machine_checked","needs_expert_review"
"bebsu-m-original","bebsu-765a64bff275cc4b","math","kma.m.addition","6.125","0","","M","numeric","machine_checked","needs_expert_review"
"bebsu-m-original","bebsu-481a1ac0e6bf808e","math","kma.m.addition","6.15","0","","M","numeric","machine_checked","needs_expert_review"
"bebsu-m-original","bebsu-a2f8399e4e065bf1","math","kma.m.addition","6.175","0","","M","numeric","machine_checked","needs_expert_review"
"bebsu-m-original","bebsu-6ae212eeddb20ea2","math","kma.m.addition","6.2","0","","M","numeric","machine_checked","needs_expert_review"
"bebsu-m-original","bebsu-b8af84fbcd1752a3","math","kma.m.addition","6","0","","M","numeric","machine_checked","needs_expert_review"
"bebsu-m-original","bebsu-f7194ecfd1607cd8","math","kma.m.addition","6.225","0","","M","numeric","machine_checked","needs_expert_review"
"bebsu-m-original","bebsu-84fbb7471678f95d","math","kma.m.addition","6.25","0","","M","numeric","machine_checked","needs_expert_review"
"bebsu-m-original","bebsu-10911edda974451c","math","kma.m.addition","6.275","0","","M","numeric","machine_checked","needs_expert_review"
"bebsu-m-original","bebsu-7030f4364a56bf49","math","kma.m.addition","6.3","0","","M","numeric","machine_checked","needs_expert_review"
"bebsu-m-original","bebsu-02ad8ea959ae20c9","math","kma.m.addition","6.325","0","","M","numeric","machine_checked","needs_expert_review"
"bebsu-m-original","bebsu-8226e6c24d454cc3","math","kma.m.addition","6.35","0","","M","numeric","machine_checked","needs_expert_review"
"bebsu-m-original","bebsu-a235853dca4cbc35","math","kma.m.addition","6.375","0","","M","numeric","machine_checked","needs_expert_review"
"bebsu-m-original","bebsu-62f654a222c76e75","math","kma.m.addition","6.4","0","","M","numeric","machine_checked","needs_expert_review"
"bebsu-m-original","bebsu-9753dfd6e6704715","math","kma.m.subtraction","6.425","0","","M","numeric","machine_checked","needs_expert_review"
"bebsu-m-original","bebsu-d4286e6fb3531f0c","math","kma.m.addition","6.45","0","","M","numeric","machine_checked","needs_expert_review"
"bebsu-m-original","bebsu-d670fc4ced3a96bc","math","kma.m.addition","6.025","0","","M","numeric","machine_checked","needs_expert_review"
"bebsu-m-original","bebsu-99194a0841791668","math","kma.m.addition","6.5","0","","M","numeric","machine_checked","needs_expert_review"
"bebsu-m-original","bebsu-76ee58e1b4098b43","math","kma.m.addition","6.525","0","","M","numeric","machine_checked","needs_expert_review"
"bebsu-m-original","bebsu-6d8cca4fbd0e0095","math","kma.m.subtraction","6.55","0","","M","numeric","machine_checked","needs_expert_review"
"bebsu-m-original","bebsu-7a08c83e4c0c7c94","math","kma.m.addition","6.575","0","","M","numeric","machine_checked","needs_expert_review"
"bebsu-m-original","bebsu-5b9af2d8b99b1fbe","math","kma.m.addition","6.6","0","","M","numeric","machine_checked","needs_expert_review"
"bebsu-m-original","bebsu-76d1cb14c80d0f5c","math","kma.m.addition","6.05","0","","M","numeric","machine_checked","needs_expert_review"
"bebsu-m-original","bebsu-1922a8380e840750","math","kma.m.addition","6.075","0","","M","numeric","machine_checked","needs_expert_review"
"bebsu-m-original","bebsu-a4b2514d1041cee4","math","kma.m.addition","6.1","0","","M","numeric","machine_checked","needs_expert_review"
"bebsu-m-original","bebsu-0eacf9f4dd39ab54","math","kma.m.addition","6.125","0","","M","numeric","machine_checked","needs_expert_review"
"bebsu-m-original","bebsu-56ba7def8e459bd6","math","kma.m.addition","6.15","0","","M","numeric","machine_checked","needs_expert_review"
"bebsu-m-original","bebsu-b1dee75991ba7d59","math","kma.m.addition","6.175","0","","M","numeric","machine_checked","needs_expert_review"
"bebsu-m-original","bebsu-9a737853f7b5de81","math","kma.m.addition","6.2","0","","M","numeric","machine_checked","needs_expert_review"
"bebsu-m-original","bebsu-8d2c4f87e74bc0d1","math","kma.m.addition","6","0","","M","numeric","machine_checked","needs_expert_review"
"bebsu-m-original","bebsu-f26a812cb22f8cb0","math","kma.m.addition","6.225","0","","M","numeric","machine_checked","needs_expert_review"
"bebsu-m-original","bebsu-b78d862bbf23bb12","math","kma.m.addition","6.25","0","","M","numeric","machine_checked","needs_expert_review"
"bebsu-m-original","bebsu-8cc601374031919f","math","kma.m.addition","6.275","0","","M","numeric","machine_checked","needs_expert_review"
"bebsu-m-original","bebsu-d1198619b0b17177","math","kma.m.addition","6.3","0","","M","numeric","machine_checked","needs_expert_review"
"bebsu-m-original","bebsu-f643b85e06734e01","math","kma.m.addition","6.325","0","","M","numeric","machine_checked","needs_expert_review"
"bebsu-m-original","bebsu-91ef9b886f76abce","math","kma.m.addition","6.35","0","","M","numeric","machine_checked","needs_expert_review"
"bebsu-m-original","bebsu-900b85988e3a9e2f","math","kma.m.addition","6.375","0","","M","numeric","machine_checked","needs_expert_review"
"bebsu-m-original","bebsu-de6e67623d042744","math","kma.m.addition","6.4","0","","M","numeric","machine_checked","needs_expert_review"
"bebsu-m-original","bebsu-9c095ba179a69b54","math","kma.m.geometry","6.425","0","","M","numeric","machine_checked","needs_expert_review"
"bebsu-m-original","bebsu-c85c9b85e7c3bc3f","math","kma.m.addition","6.45","0","","M","numeric","machine_checked","needs_expert_review"
"bebsu-m-original","bebsu-3f6a05e0de049de8","math","kma.m.addition","6.025","0","","M","numeric","machine_checked","needs_expert_review"
"bebsu-m-original","bebsu-7c841e0e4b99c289","math","kma.m.addition","6.475","0","","M","numeric","machine_checked","needs_expert_review"
"bebsu-m-original","bebsu-409c0e15a943d288","math","kma.m.addition","6.5","0","","M","numeric","machine_checked","needs_expert_review"
"bebsu-m-original","bebsu-cd6265973c6247d1","math","kma.m.addition","6.525","0","","M","numeric","machine_checked","needs_expert_review"
"bebsu-m-original","bebsu-32698ba57564e374","math","kma.m.subtraction","6.55","0","","M","numeric","machine_checked","needs_expert_review"
"bebsu-m-original","bebsu-cc0eb5fd30994e74","math","kma.m.addition","6.575","0","","M","numeric","machine_checked","needs_expert_review"
"bebsu-m-original","bebsu-ec1dc65acbd469db","math","kma.m.addition","6.6","0","","M","numeric","machine_checked","needs_expert_review"
"bebsu-m-original","bebsu-c834d8f82bed92c6","math","kma.m.addition","6.05","0","","M","numeric","machine_checked","needs_expert_review"
"bebsu-m-original","bebsu-9faacd468ac9f398","math","kma.m.addition","6.075","0","","M","numeric","machine_checked","needs_expert_review"
"bebsu-m-original","bebsu-938bed33c0c1c4ed","math","kma.m.addition","6.1","0","","M","numeric","machine_checked","needs_expert_review"
"bebsu-m-original","bebsu-80bcd7b94f63ae93","math","kma.m.addition","6.125","0","","M","numeric","machine_checked","needs_expert_review"
"bebsu-m-original","bebsu-6a1db3cd53fddffe","math","kma.m.addition","6.15","0","","M","numeric","machine_checked","needs_expert_review"
"bebsu-m-original","bebsu-eafae7a010289506","math","kma.m.addition","6.175","0","","M","numeric","machine_checked","needs_expert_review"
"bebsu-m-original","bebsu-1d3351bb96235b57","math","kma.m.addition","6.2","0","","M","numeric","machine_checked","needs_expert_review"
"bebsu-m-original","bebsu-dcac6ebef5f97208","math","kma.m.addition","6","0","","M","numeric","machine_checked","needs_expert_review"
"bebsu-m-original","bebsu-3ed6f881e9c9a4d2","math","kma.m.addition","6.225","0","","M","numeric","machine_checked","needs_expert_review"
"bebsu-m-original","bebsu-226c1a45bb1bb610","math","kma.m.addition","6.25","0","","M","numeric","machine_checked","needs_expert_review"
"bebsu-m-original","bebsu-a59726371c1450ed","math","kma.m.addition","6.275","0","","M","numeric","machine_checked","needs_expert_review"
"bebsu-m-original","bebsu-d15b280eabd4f79f","math","kma.m.addition","6.3","0","","M","numeric","machine_checked","needs_expert_review"
"bebsu-m-original","bebsu-14c19412288498e1","math","kma.m.addition","6.35","0","","M","numeric","machine_checked","needs_expert_review"
"bebsu-m-original","bebsu-2a0c892da301ab01","math","kma.m.addition","6.375","0","","M","numeric","machine_checked","needs_expert_review"
"bebsu-m-original","bebsu-2ae5f9a4a8014b96","math","kma.m.addition","6.4","0","","M","numeric","machine_checked","needs_expert_review"
"bebsu-m-original","bebsu-d874dda5000fca40","math","kma.m.addition","6.425","0","","M","numeric","machine_checked","needs_expert_review"
"bebsu-m-original","bebsu-7ccbfc9eba454281","math","kma.m.addition","6.45","0","","M","numeric","machine_checked","needs_expert_review"
"bebsu-m-original","bebsu-d4f5f36d5a38d62c","math","kma.m.addition","6.025","0","","M","numeric","machine_checked","needs_expert_review"
"bebsu-m-original","bebsu-1aad2715aa3fc1a2","math","kma.m.addition","6.475","0","","M","numeric","machine_checked","needs_expert_review"
"bebsu-m-original","bebsu-3fd923b7b2358d64","math","kma.m.addition","6.5","0","","M","numeric","machine_checked","needs_expert_review"
"bebsu-m-original","bebsu-8d34c20e1186c07f","math","kma.m.subtraction","6.525","0","","M","numeric","machine_checked","needs_expert_review"
"bebsu-m-original","bebsu-e6fe53ab9de98f2c","math","kma.m.subtraction","6.55","0","","M","numeric","machine_checked","needs_expert_review"
"bebsu-m-original","bebsu-e5dc403ea9d792ea","math","kma.m.addition","6.575","0","","M","numeric","machine_checked","needs_expert_review"
"bebsu-m-original","bebsu-09a897c20713445f","math","kma.m.addition","6.6","0","","M","numeric","machine_checked","needs_expert_review"
"bebsu-m-original","bebsu-c9770db359a7ef32","math","kma.m.addition","6.05","0","","M","numeric","machine_checked","needs_expert_review"
"bebsu-m-original","bebsu-36ed59f6082f0f4c","math","kma.m.addition","6.075","0","","M","numeric","machine_checked","needs_expert_review"
"bebsu-m-original","bebsu-973b6fb69ef09df9","math","kma.m.addition","6.1","0","","M","numeric","machine_checked","needs_expert_review"
"bebsu-m-original","bebsu-ce7e1a8ab04c580d","math","kma.m.addition","6.125","0","","M","numeric","machine_checked","needs_expert_review"
"bebsu-m-original","bebsu-63b3a6402a6bd3c2","math","kma.m.addition","6.15","0","","M","numeric","machine_checked","needs_expert_review"
"bebsu-m-original","bebsu-5a24f9f92e9242d9","math","kma.m.addition","6.175","0","","M","numeric","machine_checked","needs_expert_review"
"bebsu-m-original","bebsu-432456ec3a89e403","math","kma.m.addition","6.2","0","","M","numeric","machine_checked","needs_expert_review"
"bebsu-m-original","bebsu-5e1664b016000b8f","math","kma.m.addition","6","0","","M","numeric","machine_checked","needs_expert_review"
"bebsu-m-original","bebsu-6259260f302be546","math","kma.m.addition","6.225","0","","M","numeric","machine_checked","needs_expert_review"
"bebsu-m-original","bebsu-fe42c74debfb8e62","math","kma.m.addition","6.25","0","","M","numeric","machine_checked","needs_expert_review"
"bebsu-m-original","bebsu-24ee4ed26bb7647e","math","kma.m.addition","6.275","0","","M","numeric","machine_checked","needs_expert_review"
"bebsu-m-original","bebsu-66e06ba9db0192c2","math","kma.m.addition","6.3","0","","M","numeric","machine_checked","needs_expert_review"
"bebsu-m-original","bebsu-377b97ac04d09ff9","math","kma.m.addition","6.325","0","","M","numeric","machine_checked","needs_expert_review"
"bebsu-m-original","bebsu-4559fced7ecd4e82","math","kma.m.addition","6.35","0","","M","numeric","machine_checked","needs_expert_review"
"bebsu-m-original","bebsu-58faa733bbc4b32b","math","kma.m.subtraction","6.375","0","","M","numeric","machine_checked","needs_expert_review"
"bebsu-m-original","bebsu-1b983d96d10bc43f","math","kma.m.addition","6.4","0","","M","numeric","machine_checked","needs_expert_review"
"bebsu-m-original","bebsu-56c87a616e554cce","math","kma.m.addition","6.425","0","","M","numeric","machine_checked","needs_expert_review"
"bebsu-m-original","bebsu-e2e8e42264602ccd","math","kma.m.addition","6.45","0","","M","numeric","machine_checked","needs_expert_review"
"bebsu-m-original","bebsu-b95818e74e882269","math","kma.m.addition","6.025","0","","M","numeric","machine_checked","needs_expert_review"
"bebsu-m-original","bebsu-857b723637e54d61","math","kma.m.addition","6.475","0","","M","numeric","machine_checked","needs_expert_review"
"bebsu-m-original","bebsu-bf2c57a43b78424a","math","kma.m.addition","6.5","0","","M","numeric","machine_checked","needs_expert_review"
"bebsu-m-original","bebsu-9cc1725359c045c9","math","kma.m.subtraction","6.525","0","","M","numeric","machine_checked","needs_expert_review"
"bebsu-m-original","bebsu-fa5bc9c744101e11","math","kma.m.addition","6.55","0","","M","numeric","machine_checked","needs_expert_review"
"bebsu-m-original","bebsu-4c7afb566b171a28","math","kma.m.addition","6.575","0","","M","numeric","machine_checked","needs_expert_review"
"bebsu-m-original","bebsu-bf5c1e36bd08ac8f","math","kma.m.addition","6.6","0","","M","numeric","machine_checked","needs_expert_review"
"bebsu-m-original","bebsu-91cb661d401dbe86","math","kma.m.addition","6.05","0","","M","numeric","machine_checked","needs_expert_review"
"bebsu-m-original","bebsu-3840b95c78e097ff","math","kma.m.addition","6.075","0","","M","numeric","machine_checked","needs_expert_review"
"bebsu-m-original","bebsu-e7be97ba3a8496e2","math","kma.m.addition","6.1","0","","M","numeric","machine_checked","needs_expert_review"
"bebsu-m-original","bebsu-de84e948fd074ce8","math","kma.m.addition","6.125","0","","M","numeric","machine_checked","needs_expert_review"
"bebsu-m-original","bebsu-df066fa2b61b2dc8","math","kma.m.addition","6.15","0","","M","numeric","machine_checked","needs_expert_review"
"bebsu-m-original","bebsu-01763d1a4ad7f06c","math","kma.m.addition","6.175","0","","M","numeric","machine_checked","needs_expert_review"
"bebsu-m-original","bebsu-f397e274f9a90de4","math","kma.m.addition","6.2","0","","M","numeric","machine_checked","needs_expert_review"
"bebsu-m1-original","bebsu-2b97539770749188","math","kma.m1.addition","6.7","0","","M1","numeric","machine_checked","needs_expert_review"
"bebsu-m1-original","bebsu-4588a5f9f81b459c","math","kma.m1.addition","6.925","0","","M1","numeric","machine_checked","needs_expert_review"
"bebsu-m1-original","bebsu-bb02ae50e7943839","math","kma.m1.subtraction","6.95","0","","M1","numeric","machine_checked","needs_expert_review"
"bebsu-m1-original","bebsu-6f40259c3f19ddb6","math","kma.m1.addition","6.975","0","","M1","numeric","machine_checked","needs_expert_review"
"bebsu-m1-original","bebsu-6a713d0565b2652f","math","kma.m1.subtraction","7","0","","M1","numeric","machine_checked","needs_expert_review"
"bebsu-m1-original","bebsu-cdc0a0d89fcea67b","math","kma.m1.subtraction","7.025","0","","M1","numeric","machine_checked","needs_expert_review"
"bebsu-m1-original","bebsu-1e15e9bc6b7c8ca5","math","kma.m1.addition","7.05","0","","M1","numeric","machine_checked","needs_expert_review"
"bebsu-m1-original","bebsu-bd7bc969ac9edf2d","math","kma.m1.addition","7.075","0","","M1","numeric","machine_checked","needs_expert_review"
"bebsu-m1-original","bebsu-5bd9fb1787fbca39","math","kma.m1.addition","7.1","0","","M1","numeric","machine_checked","needs_expert_review"
"bebsu-m1-original","bebsu-1dce0c4253e68260","math","kma.m1.addition","7.125","0","","M1","numeric","machine_checked","needs_expert_review"
"bebsu-m1-original","bebsu-03c19a595ea9b16b","math","kma.m1.addition","7.15","0","","M1","numeric","machine_checked","needs_expert_review"
"bebsu-m1-original","bebsu-6a8dde39e9a374f5","math","kma.m1.addition","6.725","0","","M1","numeric","machine_checked","needs_expert_review"
"bebsu-m1-original","bebsu-167b6f21f419496e","math","kma.m1.addition","7.175","0","","M1","numeric","machine_checked","needs_expert_review"
"bebsu-m1-original","bebsu-56fdd9d9ea69a8e6","math","kma.m1.addition","7.2","0","","M1","numeric","machine_checked","needs_expert_review"
"bebsu-m1-original","bebsu-448330202ff13400","math","kma.m1.subtraction","7.225","0","","M1","numeric","machine_checked","needs_expert_review"
"bebsu-m1-original","bebsu-4da8ce301fe38475","math","kma.m1.addition","7.25","0","","M1","numeric","machine_checked","needs_expert_review"
"bebsu-m1-original","bebsu-949693a9853fe19a","math","kma.m1.addition","7.275","0","","M1","numeric","machine_checked","needs_expert_review"
"bebsu-m1-original","bebsu-eda1c26007cd6128","math","kma.m1.addition","7.3","0","","M1","numeric","machine_checked","needs_expert_review"
"bebsu-m1-original","bebsu-793c087da8440a37","math","kma.m1.addition","7.3","0","","M1","numeric","machine_checked","needs_expert_review"
"bebsu-m1-original","bebsu-b5952cfaefc4a659","math","kma.m1.subtraction","7.3","0","","M1","numeric","machine_checked","needs_expert_review"
"bebsu-m1-original","bebsu-3676c80054a7d158","math","kma.m1.addition","7.3","0","","M1","numeric","machine_checked","needs_expert_review"
"bebsu-m1-original","bebsu-e1d2fd4a5d7b4cc3","math","kma.m1.addition","7.3","0","","M1","numeric","machine_checked","needs_expert_review"
"bebsu-m1-original","bebsu-ee6e4a4f74a13dab","math","kma.m1.addition","6.75","0","","M1","numeric","machine_checked","needs_expert_review"
"bebsu-m1-original","bebsu-6799c94ead5ffdd7","math","kma.m1.addition","7.3","0","","M1","numeric","machine_checked","needs_expert_review"
"bebsu-m1-original","bebsu-ed43e8139df574c5","math","kma.m1.addition","6.775","0","","M1","numeric","machine_checked","needs_expert_review"
"bebsu-m1-original","bebsu-b72f3eab117cd295","math","kma.m1.addition","6.8","0","","M1","numeric","machine_checked","needs_expert_review"
"bebsu-m1-original","bebsu-b7371641e6f248bd","math","kma.m1.subtraction","6.825","0.2","","M1","choice","machine_checked","needs_expert_review"
"bebsu-m1-original","bebsu-e228f6515d70e828","math","kma.m1.subtraction","6.85","0","","M1","numeric","machine_checked","needs_expert_review"
"bebsu-m1-original","bebsu-64d4856166040574","math","kma.m1.addition","6.875","0","","M1","numeric","machine_checked","needs_expert_review"
"bebsu-m1-original","bebsu-d361acbaf5063681","math","kma.m1.addition","6.9","0","","M1","numeric","machine_checked","needs_expert_review"
"bebsu-m1-original","bebsu-45c99a440cef7768","math","kma.m1.subtraction","6.7","0","","M1","numeric","machine_checked","needs_expert_review"
"bebsu-m1-original","bebsu-865b93c4e8017438","math","kma.m1.subtraction","6.925","0","","M1","numeric","machine_checked","needs_expert_review"
"bebsu-m1-original","bebsu-bca35ff1366a91c4","math","kma.m1.subtraction","6.95","0","","M1","numeric","machine_checked","needs_expert_review"
"bebsu-m1-original","bebsu-b867c39207694c35","math","kma.m1.addition","6.975","0","","M1","numeric","machine_checked","needs_expert_review"
"bebsu-m1-original","bebsu-2ef74ac41f0626d1","math","kma.m1.addition","7","0","","M1","numeric","machine_checked","needs_expert_review"
"bebsu-m1-original","bebsu-40acb9f3063d8364","math","kma.m1.addition","7.025","0","","M1","numeric","machine_checked","needs_expert_review"
"bebsu-m1-original","bebsu-9d79709ce68b68fb","math","kma.m1.addition","7.05","0","","M1","numeric","machine_checked","needs_expert_review"
"bebsu-m1-original","bebsu-aaf51d22f6b0a36e","math","kma.m1.geometry","7.075","0","","M1","numeric","machine_checked","needs_expert_review"
"bebsu-m1-original","bebsu-cb24b3123085b972","math","kma.m1.addition","7.1","0","","M1","numeric","machine_checked","needs_expert_review"
"bebsu-m1-original","bebsu-6495e47365529f88","math","kma.m1.subtraction","7.125","0","","M1","numeric","machine_checked","needs_expert_review"
"bebsu-m1-original","bebsu-df7956199b7a21c5","math","kma.m1.geometry","7.15","0","","M1","numeric","machine_checked","needs_expert_review"
"bebsu-m1-original","bebsu-37eec39d963c6e2a","math","kma.m1.addition","6.725","0.2","","M1","choice","machine_checked","needs_expert_review"
"bebsu-m1-original","bebsu-1b99adca22ab716b","math","kma.m1.addition","7.175","0","","M1","numeric","machine_checked","needs_expert_review"
"bebsu-m1-original","bebsu-ae90d0f5c0bbeb43","math","kma.m1.addition","7.2","0","","M1","numeric","machine_checked","needs_expert_review"
"bebsu-m1-original","bebsu-8286d492d859d2e5","math","kma.m1.addition","7.225","0","","M1","numeric","machine_checked","needs_expert_review"
"bebsu-m1-original","bebsu-8f960fe75129e698","math","kma.m1.comparison","7.25","0","","M1","numeric","machine_checked","needs_expert_review"
"bebsu-m1-original","bebsu-9818218eaba32051","math","kma.m1.addition","7.275","0","","M1","numeric","machine_checked","needs_expert_review"
"bebsu-m1-original","bebsu-473099d8e4392066","math","kma.m1.addition","7.3","0","","M1","numeric","machine_checked","needs_expert_review"
"bebsu-m1-original","bebsu-ce8e65d9110969df","math","kma.m1.addition","7.3","0","","M1","numeric","machine_checked","needs_expert_review"
"bebsu-m1-original","bebsu-e453fcc30e471bf9","math","kma.m1.subtraction","7.3","0","","M1","numeric","machine_checked","needs_expert_review"
"bebsu-m1-original","bebsu-cc04b1628db40b38","math","kma.m1.addition","7.3","0","","M1","numeric","machine_checked","needs_expert_review"
"bebsu-m1-original","bebsu-0d665ac9cd2ea408","math","kma.m1.addition","7.3","0","","M1","numeric","machine_checked","needs_expert_review"
"bebsu-m1-original","bebsu-aab89aeaf00ca3e0","math","kma.m1.addition","6.75","0","","M1","numeric","machine_checked","needs_expert_review"
"bebsu-m1-original","bebsu-7fedfbac81f42920","math","kma.m1.addition","7.3","0","","M1","numeric","machine_checked","needs_expert_review"
"bebsu-m1-original","bebsu-6e397bc82f38ab68","math","kma.m1.addition","6.775","0","","M1","numeric","machine_checked","needs_expert_review"
"bebsu-m1-original","bebsu-19ca895e497a7ea9","math","kma.m1.subtraction","6.8","0","","M1","numeric","machine_checked","needs_expert_review"
"bebsu-m1-original","bebsu-30fc5d4312e88d9a","math","kma.m1.addition","6.825","0","","M1","numeric","machine_checked","needs_expert_review"
"bebsu-m1-original","bebsu-036cd3142b965b91","math","kma.m1.addition","6.85","0","","M1","numeric","machine_checked","needs_expert_review"
"bebsu-m1-original","bebsu-15fad8670815f7b9","math","kma.m1.addition","6.875","0","","M1","numeric","machine_checked","needs_expert_review"
"bebsu-m1-original","bebsu-403ef5686c45acc2","math","kma.m1.addition","6.9","0","","M1","numeric","machine_checked","needs_expert_review"
"bebsu-m1-original","bebsu-e99c7add48840733","math","kma.m1.addition","6.7","0","","M1","numeric","machine_checked","needs_expert_review"
"bebsu-m1-original","bebsu-116a5499f3a1cbd0","math","kma.m1.addition","6.925","0","","M1","numeric","machine_checked","needs_expert_review"
"bebsu-m1-original","bebsu-8e20fc164c002a3a","math","kma.m1.addition","6.95","0","","M1","numeric","machine_checked","needs_expert_review"
"bebsu-m1-original","bebsu-d0823b4f1816ccc1","math","kma.m1.addition","6.975","0","","M1","numeric","machine_checked","needs_expert_review"
"bebsu-m1-original","bebsu-eacddbbb86f1d5c6","math","kma.m1.unclassified","7","0","","M1","numeric","machine_checked","needs_expert_review"
"bebsu-m1-original","bebsu-4e25e1fc3af6e1f9","math","kma.m1.addition","7.025","0","","M1","numeric","machine_checked","needs_expert_review"
"bebsu-m1-original","bebsu-98c7687a0b4944b6","math","kma.m1.subtraction","7.05","0","","M1","numeric","machine_checked","needs_expert_review"
"bebsu-m1-original","bebsu-417a687f46630f55","math","kma.m1.comparison","7.075","0","","M1","numeric","machine_checked","needs_expert_review"
"bebsu-m1-original","bebsu-1d0ffa64157971cb","math","kma.m1.addition","7.1","0","","M1","numeric","machine_checked","needs_expert_review"
"bebsu-m1-original","bebsu-953a2d5dfa5b19f4","math","kma.m1.subtraction","7.125","0","","M1","numeric","machine_checked","needs_expert_review"
"bebsu-m1-original","bebsu-873d2816799a61eb","math","kma.m1.addition","7.15","0","","M1","numeric","machine_checked","needs_expert_review"
"bebsu-m1-original","bebsu-15c66d34213b4fce","math","kma.m1.addition","6.725","0","","M1","numeric","machine_checked","needs_expert_review"
"bebsu-m1-original","bebsu-47a55d286ec41245","math","kma.m1.addition","7.175","0","","M1","numeric","machine_checked","needs_expert_review"
"bebsu-m1-original","bebsu-0fa3800a727ab87e","math","kma.m1.subtraction","7.2","0","","M1","numeric","machine_checked","needs_expert_review"
"bebsu-m1-original","bebsu-469fc1a88b3e1793","math","kma.m1.addition","7.225","0","","M1","numeric","machine_checked","needs_expert_review"
"bebsu-m1-original","bebsu-dbd677c8e420d8e6","math","kma.m1.addition","7.25","0","","M1","numeric","machine_checked","needs_expert_review"
"bebsu-m1-original","bebsu-939f4c0502da8bd0","math","kma.m1.addition","7.275","0","","M1","numeric","machine_checked","needs_expert_review"
"bebsu-m1-original","bebsu-e3af00e95fcf705f","math","kma.m1.addition","7.3","0","","M1","numeric","machine_checked","needs_expert_review"
"bebsu-m1-original","bebsu-ce71972dab8c890c","math","kma.m1.counting","7.3","0","","M1","numeric","machine_checked","needs_expert_review"
"bebsu-m1-original","bebsu-a08c16e70f5d7108","math","kma.m1.addition","7.3","0","","M1","numeric","machine_checked","needs_expert_review"
"bebsu-m1-original","bebsu-260efc7b4f8c4642","math","kma.m1.addition","7.3","0","","M1","numeric","machine_checked","needs_expert_review"
"bebsu-m1-original","bebsu-9772aba8ef718d80","math","kma.m1.addition","7.3","0","","M1","numeric","machine_checked","needs_expert_review"
"bebsu-m1-original","bebsu-d1463a21421c1a83","math","kma.m1.addition","6.75","0","","M1","numeric","machine_checked","needs_expert_review"
"bebsu-m1-original","bebsu-868c10ced584480b","math","kma.m1.addition","7.3","0","","M1","numeric","machine_checked","needs_expert_review"
"bebsu-m1-original","bebsu-eb14aeda851002e2","math","kma.m1.comparison","6.775","0","","M1","numeric","machine_checked","needs_expert_review"
"bebsu-m1-original","bebsu-54914f876d1f630e","math","kma.m1.addition","6.8","0","","M1","numeric","machine_checked","needs_expert_review"
"bebsu-m1-original","bebsu-3a81f4d56ab0c91a","math","kma.m1.subtraction","6.825","0","","M1","numeric","machine_checked","needs_expert_review"
"bebsu-m1-original","bebsu-95f5b135ea9e9a00","math","kma.m1.addition","6.85","0","","M1","numeric","machine_checked","needs_expert_review"
"bebsu-m1-original","bebsu-a0f046541ce906b5","math","kma.m1.addition","6.875","0","","M1","numeric","machine_checked","needs_expert_review"
"bebsu-m1-original","bebsu-09a1e7c0b4337c53","math","kma.m1.addition","6.9","0","","M1","numeric","machine_checked","needs_expert_review"
"bebsu-m1-original","bebsu-473eb07ad2987319","math","kma.m1.addition","6.7","0","","M1","numeric","machine_checked","needs_expert_review"
"bebsu-m1-original","bebsu-4dca13c7afa7a6af","math","kma.m1.addition","6.925","0","","M1","numeric","machine_checked","needs_expert_review"
"bebsu-m1-original","bebsu-9e0b2e5a76730e14","math","kma.m1.addition","6.95","0","","M1","numeric","machine_checked","needs_expert_review"
"bebsu-m1-original","bebsu-5a543d80575539c4","math","kma.m1.addition","6.975","0","","M1","numeric","machine_checked","needs_expert_review"
"bebsu-m1-original","bebsu-a14a285f432489f1","math","kma.m1.addition","7","0","","M1","numeric","machine_checked","needs_expert_review"
"bebsu-m1-original","bebsu-e05f32bf6c0815a3","math","kma.m1.addition","7.025","0","","M1","numeric","machine_checked","needs_expert_review"
"bebsu-m1-original","bebsu-943843cbc4542a19","math","kma.m1.subtraction","7.05","0","","M1","numeric","machine_checked","needs_expert_review"
"bebsu-m1-original","bebsu-d3c7262d22be62a4","math","kma.m1.addition","7.075","0","","M1","numeric","machine_checked","needs_expert_review"
"bebsu-m1-original","bebsu-10fbef4537595a4d","math","kma.m1.addition","7.1","0","","M1","numeric","machine_checked","needs_expert_review"
"bebsu-m1-original","bebsu-fafbb580e5c72c83","math","kma.m1.addition","7.125","0","","M1","numeric","machine_checked","needs_expert_review"
"bebsu-m1-original","bebsu-0ec1cc8651d90d18","math","kma.m1.addition","7.15","0","","M1","numeric","machine_checked","needs_expert_review"
"bebsu-m1-original","bebsu-2b915e3308278be8","math","kma.m1.addition","6.725","0","","M1","numeric","machine_checked","needs_expert_review"
"bebsu-m1-original","bebsu-d2dd69a638f61f99","math","kma.m1.addition","7.175","0","","M1","numeric","machine_checked","needs_expert_review"
"bebsu-m1-original","bebsu-84b1f6d4ec189b90","math","kma.m1.addition","7.2","0","","M1","numeric","machine_checked","needs_expert_review"
"bebsu-m1-original","bebsu-32a074059394e696","math","kma.m1.subtraction","7.225","0","","M1","numeric","machine_checked","needs_expert_review"
"bebsu-m1-original","bebsu-285dfef7ebeedc6b","math","kma.m1.addition","7.25","0","","M1","numeric","machine_checked","needs_expert_review"
"bebsu-m1-original","bebsu-8f569066efbb3ddd","math","kma.m1.addition","7.275","0","","M1","numeric","machine_checked","needs_expert_review"
"bebsu-m1-original","bebsu-d7cbf6f083332c24","math","kma.m1.addition","7.3","0","","M1","numeric","machine_checked","needs_expert_review"
"bebsu-m1-original","bebsu-73cf2c663072ebb9","math","kma.m1.subtraction","7.3","0","","M1","numeric","machine_checked","needs_expert_review"
"bebsu-m1-original","bebsu-8eaddc99844150ca","math","kma.m1.addition","7.3","0","","M1","numeric","machine_checked","needs_expert_review"
"bebsu-m1-original","bebsu-31f0322c27c84a9c","math","kma.m1.addition","7.3","0","","M1","numeric","machine_checked","needs_expert_review"
"bebsu-m1-original","bebsu-fa585574df655d04","math","kma.m1.addition","7.3","0","","M1","numeric","machine_checked","needs_expert_review"
"bebsu-m1-original","bebsu-547a0dd3093300cf","math","kma.m1.counting","6.75","0","","M1","numeric","machine_checked","needs_expert_review"
"bebsu-m1-original","bebsu-3aa299e4a0ff5bc1","math","kma.m1.addition","7.3","0","","M1","numeric","machine_checked","needs_expert_review"
"bebsu-m1-original","bebsu-dfd0d6b9ff2c9a96","math","kma.m1.addition","6.775","0","","M1","numeric","machine_checked","needs_expert_review"
"bebsu-m1-original","bebsu-da9817cc0e96d3f1","math","kma.m1.addition","6.8","0","","M1","numeric","machine_checked","needs_expert_review"
"bebsu-m1-original","bebsu-7ceca03eae07cac8","math","kma.m1.addition","6.825","0","","M1","numeric","machine_checked","needs_expert_review"
"bebsu-m1-original","bebsu-6ddd44834253c6bb","math","kma.m1.addition","6.85","0","","M1","numeric","machine_checked","needs_expert_review"
"bebsu-m1-original","bebsu-e6c11d9f678278b1","math","kma.m1.addition","6.875","0","","M1","numeric","machine_checked","needs_expert_review"
"bebsu-m1-original","bebsu-c20a5aa481f28aae","math","kma.m1.addition","6.9","0","","M1","numeric","machine_checked","needs_expert_review"
"bebsu-m1-original","bebsu-164d95464b5745a9","math","kma.m1.addition","6.7","0","","M1","numeric","machine_checked","needs_expert_review"
"bebsu-m1-original","bebsu-148c655a46339e42","math","kma.m1.counting","6.925","0","","M1","numeric","machine_checked","needs_expert_review"
"bebsu-m1-original","bebsu-012be3796a6af2cd","math","kma.m1.addition","6.95","0","","M1","numeric","machine_checked","needs_expert_review"
"bebsu-m1-original","bebsu-33b9cf7ed1243e58","math","kma.m1.addition","6.975","0","","M1","numeric","machine_checked","needs_expert_review"
"bebsu-m1-original","bebsu-aa9ead8a323dfdd7","math","kma.m1.addition","7","0","","M1","numeric","machine_checked","needs_expert_review"
"bebsu-m1-original","bebsu-eb42eabe74cf16e6","math","kma.m1.geometry","7.025","0","","M1","numeric","machine_checked","needs_expert_review"
"bebsu-m1-original","bebsu-acc959d9330dcd93","math","kma.m1.addition","7.05","0","","M1","numeric","machine_checked","needs_expert_review"
"bebsu-m1-original","bebsu-c43b54303861c463","math","kma.m1.addition","7.075","0","","M1","numeric","machine_checked","needs_expert_review"
"bebsu-m1-original","bebsu-30768f0c609b01e4","math","kma.m1.addition","7.1","0","","M1","numeric","machine_checked","needs_expert_review"
"bebsu-m1-original","bebsu-48e36e90229c77db","math","kma.m1.addition","7.125","0","","M1","numeric","machine_checked","needs_expert_review"
"bebsu-m1-original","bebsu-79f211932685b99a","math","kma.m1.subtraction","7.15","0","","M1","numeric","machine_checked","needs_expert_review"
"bebsu-m1-original","bebsu-4fb537fee32f059d","math","kma.m1.addition","6.725","0.2","","M1","choice","machine_checked","needs_expert_review"
"bebsu-m1-original","bebsu-0105f044feb739a4","math","kma.m1.addition","7.175","0","","M1","numeric","machine_checked","needs_expert_review"
"bebsu-m1-original","bebsu-86baf5b0d74016be","math","kma.m1.addition","7.2","0","","M1","numeric","machine_checked","needs_expert_review"
"bebsu-m1-original","bebsu-a2aff400c3ba523d","math","kma.m1.addition","7.225","0","","M1","numeric","machine_checked","needs_expert_review"
"bebsu-m1-original","bebsu-e4569b3e22260391","math","kma.m1.addition","7.25","0","","M1","numeric","machine_checked","needs_expert_review"
"bebsu-m1-original","bebsu-3f3f92b22ab6f0c4","math","kma.m1.addition","7.275","0","","M1","numeric","machine_checked","needs_expert_review"
"bebsu-m1-original","bebsu-12f91b431f7e4f8a","math","kma.m1.addition","7.3","0","","M1","numeric","machine_checked","needs_expert_review"
"bebsu-m1-original","bebsu-c0c542049d5a7976","math","kma.m1.addition","7.3","0","","M1","numeric","machine_checked","needs_expert_review"
"bebsu-m1-original","bebsu-2177e05aace6a12d","math","kma.m1.addition","7.3","0","","M1","numeric","machine_checked","needs_expert_review"
"bebsu-m1-original","bebsu-1fbc1e4860566695","math","kma.m1.addition","7.3","0","","M1","numeric","machine_checked","needs_expert_review"
"bebsu-m1-original","bebsu-bf194edd0d571c9c","math","kma.m1.addition","7.3","0","","M1","numeric","machine_checked","needs_expert_review"
"bebsu-m1-original","bebsu-df06103eff62054a","math","kma.m1.subtraction","6.75","0","","M1","numeric","machine_checked","needs_expert_review"
"bebsu-m1-original","bebsu-b835771d2d32b9c4","math","kma.m1.addition","7.3","0","","M1","numeric","machine_checked","needs_expert_review"
"bebsu-m1-original","bebsu-495c778777b4393d","math","kma.m1.addition","6.775","0","","M1","numeric","machine_checked","needs_expert_review"
"bebsu-m1-original","bebsu-28de0b995281b928","math","kma.m1.addition","6.8","0","","M1","numeric","machine_checked","needs_expert_review"
"bebsu-m1-original","bebsu-10a400a4e07bbd80","math","kma.m1.addition","6.825","0","","M1","numeric","machine_checked","needs_expert_review"
"bebsu-m1-original","bebsu-de0de6827f462acc","math","kma.m1.addition","6.85","0","","M1","numeric","machine_checked","needs_expert_review"
"bebsu-m1-original","bebsu-0b6e7b0ea8b25242","math","kma.m1.geometry","6.875","0.2","","M1","choice","machine_checked","needs_expert_review"
"bebsu-m1-original","bebsu-ab4b90fc9633be0e","math","kma.m1.addition","6.9","0","","M1","numeric","machine_checked","needs_expert_review"
"bebsu-m1-original","bebsu-b3f9eb6a45b675ae","math","kma.m1.addition","6.7","0","","M1","numeric","machine_checked","needs_expert_review"
"bebsu-m1-original","bebsu-717f104d33fa69e7","math","kma.m1.addition","6.925","0","","M1","numeric","machine_checked","needs_expert_review"
"bebsu-m1-original","bebsu-57ec04a96fba06ad","math","kma.m1.addition","6.95","0","","M1","numeric","machine_checked","needs_expert_review"
"bebsu-m1-original","bebsu-b183d101be6e1607","math","kma.m1.addition","6.975","0","","M1","numeric","machine_checked","needs_expert_review"
"bebsu-m1-original","bebsu-43a38098e8091afa","math","kma.m1.subtraction","7","0","","M1","numeric","machine_checked","needs_expert_review"
"bebsu-m1-original","bebsu-f978f2c7555a6ba5","math","kma.m1.addition","7.025","0","","M1","numeric","machine_checked","needs_expert_review"
"bebsu-m1-original","bebsu-5c9cc164bf1f0a6d","math","kma.m1.addition","7.05","0","","M1","numeric","machine_checked","needs_expert_review"
"bebsu-m1-original","bebsu-eff8c719af7b65f2","math","kma.m1.addition","7.075","0","","M1","numeric","machine_checked","needs_expert_review"
"bebsu-m1-original","bebsu-0e4ba4a30901aeb1","math","kma.m1.addition","7.1","0","","M1","numeric","machine_checked","needs_expert_review"
"bebsu-m1-original","bebsu-294d8091835489ce","math","kma.m1.addition","7.125","0","","M1","numeric","machine_checked","needs_expert_review"
"bebsu-m1-original","bebsu-bc41ab87424e80bb","math","kma.m1.addition","7.15","0","","M1","numeric","machine_checked","needs_expert_review"
"bebsu-m1-original","bebsu-4a53c511f4358b96","math","kma.m1.addition","6.725","0","","M1","numeric","machine_checked","needs_expert_review"
"bebsu-m1-original","bebsu-fcc5566f5baeda7e","math","kma.m1.geometry","7.175","0","","M1","numeric","machine_checked","needs_expert_review"
"bebsu-m1-original","bebsu-e0b10530ccc59d78","math","kma.m1.addition","7.2","0","","M1","numeric","machine_checked","needs_expert_review"
"bebsu-m1-original","bebsu-b6305fe7947a9eab","math","kma.m1.addition","7.225","0","","M1","numeric","machine_checked","needs_expert_review"
"bebsu-m1-original","bebsu-5de1537b95eac895","math","kma.m1.addition","7.25","0","","M1","numeric","machine_checked","needs_expert_review"
"bebsu-m1-original","bebsu-07c3ce5f011fc9d1","math","kma.m1.addition","7.275","0","","M1","numeric","machine_checked","needs_expert_review"
"bebsu-m1-original","bebsu-89f1b723f9b92e9e","math","kma.m1.addition","7.3","0","","M1","numeric","machine_checked","needs_expert_review"
"bebsu-m1-original","bebsu-9e37276c6fbf64cc","math","kma.m1.addition","7.3","0","","M1","numeric","machine_checked","needs_expert_review"
"bebsu-m1-original","bebsu-41e4f028b155de5e","math","kma.m1.addition","7.3","0","","M1","numeric","machine_checked","needs_expert_review"
"bebsu-m1-original","bebsu-f20baf8ca1a38e3a","math","kma.m1.subtraction","7.3","0","","M1","numeric","machine_checked","needs_expert_review"
"bebsu-m1-original","bebsu-47468916291fe20c","math","kma.m1.addition","7.3","0","","M1","numeric","machine_checked","needs_expert_review"
"bebsu-m1-original","bebsu-55c967e9da475a06","math","kma.m1.geometry","6.75","0","","M1","numeric","machine_checked","needs_expert_review"
"bebsu-m1-original","bebsu-69fbb58080ec75a4","math","kma.m1.addition","7.3","0","","M1","numeric","machine_checked","needs_expert_review"
"bebsu-m1-original","bebsu-c20f44a8deadb326","math","kma.m1.subtraction","6.775","0","","M1","numeric","machine_checked","needs_expert_review"
"bebsu-m1-original","bebsu-be2199bb30582d28","math","kma.m1.addition","6.8","0","","M1","numeric","machine_checked","needs_expert_review"
"bebsu-m1-original","bebsu-5441d1623198374a","math","kma.m1.addition","6.825","0","","M1","numeric","machine_checked","needs_expert_review"
"bebsu-m1-original","bebsu-a6de34111d575bb6","math","kma.m1.addition","6.85","0","","M1","numeric","machine_checked","needs_expert_review"
"bebsu-m1-original","bebsu-0e9d6a2e930832fa","math","kma.m1.subtraction","6.875","0","","M1","numeric","machine_checked","needs_expert_review"
"bebsu-m1-original","bebsu-c1b9470502f24372","math","kma.m1.subtraction","6.9","0","","M1","numeric","machine_checked","needs_expert_review"
"bebsu-m1-original","bebsu-948119306bd0412b","math","kma.m1.addition","6.7","0","","M1","numeric","machine_checked","needs_expert_review"
"bebsu-m1-original","bebsu-0868b55960dc2d2f","math","kma.m1.addition","6.925","0","","M1","numeric","machine_checked","needs_expert_review"
"bebsu-m1-original","bebsu-e3b81c99938b5572","math","kma.m1.addition","6.95","0","","M1","numeric","machine_checked","needs_expert_review"
"bebsu-m1-original","bebsu-0d2134b0998c6f10","math","kma.m1.addition","6.975","0","","M1","numeric","machine_checked","needs_expert_review"
"bebsu-m1-original","bebsu-7c4278bae54942e6","math","kma.m1.addition","7","0","","M1","numeric","machine_checked","needs_expert_review"
"bebsu-m1-original","bebsu-552b41d7179849d4","math","kma.m1.addition","7.025","0","","M1","numeric","machine_checked","needs_expert_review"
"bebsu-m1-original","bebsu-6bd30c8aa056b40c","math","kma.m1.addition","7.05","0","","M1","numeric","machine_checked","needs_expert_review"
"bebsu-m1-original","bebsu-4baa0712f5ed53ce","math","kma.m1.addition","7.075","0","","M1","numeric","machine_checked","needs_expert_review"
"bebsu-m1-original","bebsu-5ae21ae15d54a48d","math","kma.m1.addition","7.1","0","","M1","numeric","machine_checked","needs_expert_review"
"bebsu-m1-original","bebsu-eba9473b36e41b1d","math","kma.m1.addition","7.125","0.2","","M1","choice","machine_checked","needs_expert_review"
"bebsu-m1-original","bebsu-e2c6007e3a437a1a","math","kma.m1.addition","7.15","0","","M1","numeric","machine_checked","needs_expert_review"
"bebsu-m1-original","bebsu-9c8cbe79e65509c1","math","kma.m1.addition","6.725","0","","M1","numeric","machine_checked","needs_expert_review"
"bebsu-m1-original","bebsu-fab3395bb62b1181","math","kma.m1.addition","7.175","0","","M1","numeric","machine_checked","needs_expert_review"
"bebsu-m1-original","bebsu-c0fde9385d78e4cf","math","kma.m1.addition","7.2","0","","M1","numeric","machine_checked","needs_expert_review"
"bebsu-m1-original","bebsu-2e1c30392d72a106","math","kma.m1.addition","7.225","0","","M1","numeric","machine_checked","needs_expert_review"
"bebsu-m1-original","bebsu-137c3a7e981c1553","math","kma.m1.addition","7.25","0","","M1","numeric","machine_checked","needs_expert_review"
"bebsu-m1-original","bebsu-0890d55b5c064e15","math","kma.m1.addition","7.275","0","","M1","numeric","machine_checked","needs_expert_review"
"bebsu-m1-original","bebsu-d43184afd0de2f6a","math","kma.m1.addition","7.3","0","","M1","numeric","machine_checked","needs_expert_review"
"bebsu-m1-original","bebsu-9b43a66129ef6100","math","kma.m1.addition","7.3","0","","M1","numeric","machine_checked","needs_expert_review"
"bebsu-m1-original","bebsu-116f3551506fad5d","math","kma.m1.addition","7.3","0","","M1","numeric","machine_checked","needs_expert_review"
"bebsu-m1-original","bebsu-2ea2e9f68d4f57cc","math","kma.m1.addition","7.3","0","","M1","numeric","machine_checked","needs_expert_review"
"bebsu-m1-original","bebsu-fd972e1afe5197df","math","kma.m1.addition","7.3","0","","M1","numeric","machine_checked","needs_expert_review"
"bebsu-m1-original","bebsu-5135c50af5bcb84f","math","kma.m1.addition","6.75","0","","M1","numeric","machine_checked","needs_expert_review"
"bebsu-m1-original","bebsu-d5f3a92e140c30cb","math","kma.m1.subtraction","7.3","0","","M1","numeric","machine_checked","needs_expert_review"
"bebsu-m1-original","bebsu-5f6bf718057bf4d4","math","kma.m1.unclassified","6.775","0","","M1","numeric","machine_checked","needs_expert_review"
"bebsu-m1-original","bebsu-a0498bc0f02ae9fe","math","kma.m1.addition","6.8","0","","M1","numeric","machine_checked","needs_expert_review"
"bebsu-m1-original","bebsu-f39affe96de46b7b","math","kma.m1.addition","6.825","0","","M1","numeric","machine_checked","needs_expert_review"
"bebsu-m1-original","bebsu-017cade41f646ebc","math","kma.m1.addition","6.85","0","","M1","numeric","machine_checked","needs_expert_review"
"bebsu-m1-original","bebsu-cd0a0114b876fb8c","math","kma.m1.addition","6.875","0","","M1","numeric","machine_checked","needs_expert_review"
"bebsu-m1-original","bebsu-d80bfc4dbe4cd88e","math","kma.m1.addition","6.9","0","","M1","numeric","machine_checked","needs_expert_review"
"bebsu-m1-original","bebsu-f667ff9b3637f30b","math","kma.m1.addition","6.7","0","","M1","numeric","machine_checked","needs_expert_review"
"bebsu-m1-original","bebsu-b76f33d4037bfb61","math","kma.m1.addition","6.925","0","","M1","numeric","machine_checked","needs_expert_review"
"bebsu-m1-original","bebsu-9dbf36a276933f34","math","kma.m1.addition","6.95","0","","M1","numeric","machine_checked","needs_expert_review"
"bebsu-m1-original","bebsu-8e528e72a29494ab","math","kma.m1.addition","6.975","0","","M1","numeric","machine_checked","needs_expert_review"
"bebsu-m1-original","bebsu-aedeb007ea6204b6","math","kma.m1.addition","7","0","","M1","numeric","machine_checked","needs_expert_review"
"bebsu-m1-original","bebsu-8c9745223a1e3a1b","math","kma.m1.addition","7.025","0","","M1","numeric","machine_checked","needs_expert_review"
"bebsu-m1-original","bebsu-65e2f1c35012402c","math","kma.m1.geometry","7.05","0","","M1","numeric","machine_checked","needs_expert_review"
"bebsu-m1-original","bebsu-d41db435d05e55ca","math","kma.m1.addition","7.075","0","","M1","numeric","machine_checked","needs_expert_review"
"bebsu-m1-original","bebsu-b720abad3da92e75","math","kma.m1.addition","7.1","0","","M1","numeric","machine_checked","needs_expert_review"
"bebsu-m1-original","bebsu-1c78bb5a3afdcaeb","math","kma.m1.addition","7.125","0","","M1","numeric","machine_checked","needs_expert_review"
"bebsu-m1-original","bebsu-7b7ca311da2a3654","math","kma.m1.subtraction","7.15","0","","M1","numeric","machine_checked","needs_expert_review"
"bebsu-m1-original","bebsu-3a6232e2e4e6c2a5","math","kma.m1.addition","6.725","0","","M1","numeric","machine_checked","needs_expert_review"
"bebsu-m1-original","bebsu-cbe68a637e99b35a","math","kma.m1.addition","7.175","0","","M1","numeric","machine_checked","needs_expert_review"
"bebsu-m1-original","bebsu-aa8caadfb359c87c","math","kma.m1.addition","7.2","0","","M1","numeric","machine_checked","needs_expert_review"
"bebsu-m1-original","bebsu-a67007a8c203b287","math","kma.m1.addition","7.225","0","","M1","numeric","machine_checked","needs_expert_review"
"bebsu-m1-original","bebsu-7052fedeb1dfb134","math","kma.m1.addition","7.25","0","","M1","numeric","machine_checked","needs_expert_review"
"bebsu-m1-original","bebsu-f79d31a0c2cba9ae","math","kma.m1.addition","7.275","0","","M1","numeric","machine_checked","needs_expert_review"
"bebsu-m1-original","bebsu-65fa45118c0d4aa9","math","kma.m1.addition","7.3","0","","M1","numeric","machine_checked","needs_expert_review"
"bebsu-m1-original","bebsu-cd1f52c025ed55b9","math","kma.m1.addition","7.3","0","","M1","numeric","machine_checked","needs_expert_review"
"bebsu-m1-original","bebsu-5009b5cb07a0542e","math","kma.m1.addition","7.3","0","","M1","numeric","machine_checked","needs_expert_review"
"bebsu-m1-original","bebsu-08b4746eb4163978","math","kma.m1.addition","7.3","0","","M1","numeric","machine_checked","needs_expert_review"
"bebsu-m1-original","bebsu-b1ced19e6cec901c","math","kma.m1.addition","7.3","0","","M1","numeric","machine_checked","needs_expert_review"
"bebsu-m1-original","bebsu-319a2e9cfd5693b7","math","kma.m1.addition","6.75","0","","M1","numeric","machine_checked","needs_expert_review"
"bebsu-m1-original","bebsu-80f8e26af85c641a","math","kma.m1.addition","7.3","0","","M1","numeric","machine_checked","needs_expert_review"
"bebsu-m1-original","bebsu-3862dca89f96178a","math","kma.m1.addition","6.775","0","","M1","numeric","machine_checked","needs_expert_review"
"bebsu-m1-original","bebsu-cbe56ed3e6358224","math","kma.m1.counting","6.8","0","","M1","numeric","machine_checked","needs_expert_review"
"bebsu-m1-original","bebsu-e3b01e12cbdcd60c","math","kma.m1.addition","6.825","0","","M1","numeric","machine_checked","needs_expert_review"
"bebsu-m1-original","bebsu-d036731f587aa357","math","kma.m1.geometry","6.85","0","","M1","numeric","machine_checked","needs_expert_review"
"bebsu-m1-original","bebsu-13f353c9b0e47041","math","kma.m1.geometry","6.875","0.2","","M1","choice","machine_checked","needs_expert_review"
"bebsu-m1-original","bebsu-106fc5fdf8d201a5","math","kma.m1.addition","6.9","0.2","","M1","choice","machine_checked","needs_expert_review"
"bebsu-m1-original","bebsu-29d35d32a4efeeed","math","kma.m1.addition","6.7","0","","M1","numeric","machine_checked","needs_expert_review"
"bebsu-m1-original","bebsu-9cbed2c8be90f31a","math","kma.m1.addition","6.925","0","","M1","numeric","machine_checked","needs_expert_review"
"bebsu-m1-original","bebsu-1c1956908953e06b","math","kma.m1.addition","6.95","0","","M1","numeric","machine_checked","needs_expert_review"
"bebsu-m1-original","bebsu-4b667604a2240b68","math","kma.m1.addition","6.975","0","","M1","numeric","machine_checked","needs_expert_review"
"bebsu-m1-original","bebsu-0e99c1600a6f6147","math","kma.m1.addition","7","0","","M1","numeric","machine_checked","needs_expert_review"
"bebsu-m1-original","bebsu-794cca0c1d18ddc7","math","kma.m1.addition","7.025","0","","M1","numeric","machine_checked","needs_expert_review"
"bebsu-m1-original","bebsu-4bc9f680e385fc63","math","kma.m1.addition","7.05","0","","M1","numeric","machine_checked","needs_expert_review"
"bebsu-m1-original","bebsu-241c1d94708fc3d7","math","kma.m1.subtraction","7.075","0","","M1","numeric","machine_checked","needs_expert_review"
"bebsu-m1-original","bebsu-bd5459c036aca612","math","kma.m1.addition","7.1","0","","M1","numeric","machine_checked","needs_expert_review"
"bebsu-m1-original","bebsu-9d63291e7a6ab5c4","math","kma.m1.addition","7.125","0","","M1","numeric","machine_checked","needs_expert_review"
"bebsu-m1-original","bebsu-dd52605b2ed0afa1","math","kma.m1.addition","7.15","0","","M1","numeric","machine_checked","needs_expert_review"
"bebsu-m1-original","bebsu-3c2f939a495050dc","math","kma.m1.addition","6.725","0","","M1","numeric","machine_checked","needs_expert_review"
"bebsu-m1-original","bebsu-9d3aa5932659d198","math","kma.m1.addition","7.175","0","","M1","numeric","machine_checked","needs_expert_review"
"bebsu-m1-original","bebsu-679f27c1fe4514cc","math","kma.m1.addition","7.2","0","","M1","numeric","machine_checked","needs_expert_review"
"bebsu-m1-original","bebsu-28c601984d7af4b7","math","kma.m1.addition","7.225","0","","M1","numeric","machine_checked","needs_expert_review"
"bebsu-m1-original","bebsu-f9ab291c996112c7","math","kma.m1.addition","7.25","0","","M1","numeric","machine_checked","needs_expert_review"
"bebsu-m1-original","bebsu-62ce7e9a408bc573","math","kma.m1.addition","7.275","0","","M1","numeric","machine_checked","needs_expert_review"
"bebsu-m1-original","bebsu-7398356f448a6816","math","kma.m1.addition","7.3","0","","M1","numeric","machine_checked","needs_expert_review"
"bebsu-m1-original","bebsu-f2510f9e4acb5401","math","kma.m1.addition","7.3","0","","M1","numeric","machine_checked","needs_expert_review"
"bebsu-m1-original","bebsu-5635be891f1f20b0","math","kma.m1.addition","7.3","0","","M1","numeric","machine_checked","needs_expert_review"
"bebsu-m1-original","bebsu-c81387e3930d0944","math","kma.m1.addition","7.3","0","","M1","numeric","machine_checked","needs_expert_review"
"bebsu-m1-original","bebsu-14e0757b8b62bff8","math","kma.m1.addition","7.3","0","","M1","numeric","machine_checked","needs_expert_review"
"bebsu-m1-original","bebsu-25581a4a6228ff66","math","kma.m1.addition","6.75","0","","M1","numeric","machine_checked","needs_expert_review"
"bebsu-m1-original","bebsu-456891447ca908b0","math","kma.m1.addition","7.3","0","","M1","numeric","machine_checked","needs_expert_review"
"bebsu-m1-original","bebsu-b4766ddbeb17e2ff","math","kma.m1.addition","6.775","0","","M1","numeric","machine_checked","needs_expert_review"
"bebsu-m1-original","bebsu-5ea614b1812e6611","math","kma.m1.addition","6.8","0","","M1","numeric","machine_checked","needs_expert_review"
"bebsu-m1-original","bebsu-ff44cfaf9b3ae756","math","kma.m1.addition","6.825","0","","M1","numeric","machine_checked","needs_expert_review"
"bebsu-m1-original","bebsu-08eb04cd5d3d7bbc","math","kma.m1.addition","6.85","0","","M1","numeric","machine_checked","needs_expert_review"
"bebsu-m1-original","bebsu-57c571e84d3fc7f9","math","kma.m1.addition","6.875","0","","M1","numeric","machine_checked","needs_expert_review"
"bebsu-m1-original","bebsu-44aaac9a41fc23d5","math","kma.m1.addition","6.9","0","","M1","numeric","machine_checked","needs_expert_review"
"bebsu-m1-original","bebsu-52e4e63918efab33","math","kma.m1.addition","6.7","0","","M1","numeric","machine_checked","needs_expert_review"
"bebsu-m1-original","bebsu-e1479c0fa84bed30","math","kma.m1.subtraction","6.925","0","","M1","numeric","machine_checked","needs_expert_review"
"bebsu-m1-original","bebsu-242910e43ec97e85","math","kma.m1.addition","6.95","0","","M1","numeric","machine_checked","needs_expert_review"
"bebsu-m1-original","bebsu-eabebde52d55511a","math","kma.m1.addition","6.975","0","","M1","numeric","machine_checked","needs_expert_review"
"bebsu-m1-original","bebsu-3264c45385c35408","math","kma.m1.addition","7","0","","M1","numeric","machine_checked","needs_expert_review"
"bebsu-m1-original","bebsu-ad0bd5485d1b37f0","math","kma.m1.addition","7.025","0","","M1","numeric","machine_checked","needs_expert_review"
"bebsu-m1-original","bebsu-9f655e2c7df5b27a","math","kma.m1.addition","7.05","0","","M1","numeric","machine_checked","needs_expert_review"
"bebsu-m1-original","bebsu-b200ef4fbb9d9f57","math","kma.m1.addition","7.075","0","","M1","numeric","machine_checked","needs_expert_review"
"bebsu-m1-original","bebsu-bfabdac8983aafba","math","kma.m1.counting","7.1","0","","M1","numeric","machine_checked","needs_expert_review"
"bebsu-m1-original","bebsu-fa38cf35f273a524","math","kma.m1.addition","7.125","0","","M1","numeric","machine_checked","needs_expert_review"
"bebsu-m1-original","bebsu-bc7f06d8ad32fe0d","math","kma.m1.addition","7.15","0","","M1","numeric","machine_checked","needs_expert_review"
"bebsu-m1-original","bebsu-719116247b4a74e1","math","kma.m1.addition","6.725","0","","M1","numeric","machine_checked","needs_expert_review"
"bebsu-m1-original","bebsu-84f6acd6fa3f76df","math","kma.m1.addition","7.175","0","","M1","numeric","machine_checked","needs_expert_review"
"bebsu-m1-original","bebsu-1ce6e3816a215df7","math","kma.m1.addition","7.2","0","","M1","numeric","machine_checked","needs_expert_review"
"bebsu-m1-original","bebsu-227475f280ff0e48","math","kma.m1.addition","7.225","0","","M1","numeric","machine_checked","needs_expert_review"
"bebsu-m1-original","bebsu-9013313161be005b","math","kma.m1.addition","7.25","0","","M1","numeric","machine_checked","needs_expert_review"
"bebsu-m1-original","bebsu-32c726bf0118e9ad","math","kma.m1.subtraction","7.275","0","","M1","numeric","machine_checked","needs_expert_review"
"bebsu-m1-original","bebsu-e2f5797e26cc1e12","math","kma.m1.addition","7.3","0","","M1","numeric","machine_checked","needs_expert_review"
"bebsu-m1-original","bebsu-078648fdecd0a185","math","kma.m1.addition","7.3","0","","M1","numeric","machine_checked","needs_expert_review"
"bebsu-m1-original","bebsu-1484709e8a3ba75e","math","kma.m1.addition","7.3","0","","M1","numeric","machine_checked","needs_expert_review"
"bebsu-m1-original","bebsu-1ee8e0107fc3b818","math","kma.m1.addition","7.3","0","","M1","numeric","machine_checked","needs_expert_review"
"bebsu-m1-original","bebsu-a2be9cf90a46c416","math","kma.m1.addition","7.3","0","","M1","numeric","machine_checked","needs_expert_review"
"bebsu-m1-original","bebsu-ba8f3c6f91fd2d46","math","kma.m1.addition","6.75","0","","M1","numeric","machine_checked","needs_expert_review"
"bebsu-m1-original","bebsu-8467cad5b1f76e07","math","kma.m1.subtraction","7.3","0","","M1","numeric","machine_checked","needs_expert_review"
"bebsu-m1-original","bebsu-6b39a72d96b57632","math","kma.m1.addition","6.775","0","","M1","numeric","machine_checked","needs_expert_review"
"bebsu-m1-original","bebsu-c4dc93548cdb3a75","math","kma.m1.addition","6.8","0","","M1","numeric","machine_checked","needs_expert_review"
"bebsu-m1-original","bebsu-e994a858fc717e05","math","kma.m1.addition","6.825","0","","M1","numeric","machine_checked","needs_expert_review"
"bebsu-m1-original","bebsu-f1df83f11300717d","math","kma.m1.addition","6.85","0","","M1","numeric","machine_checked","needs_expert_review"
"bebsu-m1-original","bebsu-35886a736ec476bc","math","kma.m1.addition","6.875","0","","M1","numeric","machine_checked","needs_expert_review"
"bebsu-m1-original","bebsu-704b1960318b3d6d","math","kma.m1.geometry","6.9","0","","M1","numeric","machine_checked","needs_expert_review"
"bebsu-m1-original","bebsu-3b3be3b40427ebdb","math","kma.m1.addition","6.7","0","","M1","numeric","machine_checked","needs_expert_review"
"bebsu-m1-original","bebsu-67425b89566d180f","math","kma.m1.subtraction","6.925","0","","M1","numeric","machine_checked","needs_expert_review"
"bebsu-m1-original","bebsu-979e4d14ffb3f61a","math","kma.m1.addition","6.95","0","","M1","numeric","machine_checked","needs_expert_review"
"bebsu-m1-original","bebsu-c1edb42c2cb25b4d","math","kma.m1.addition","6.975","0","","M1","numeric","machine_checked","needs_expert_review"
"bebsu-m1-original","bebsu-a59c0cfa1ac987d6","math","kma.m1.subtraction","7","0","","M1","numeric","machine_checked","needs_expert_review"
"bebsu-m1-original","bebsu-d153781e78ab3209","math","kma.m1.addition","7.025","0","","M1","numeric","machine_checked","needs_expert_review"
"bebsu-m1-original","bebsu-93f692fe1e9feb28","math","kma.m1.addition","7.05","0","","M1","numeric","machine_checked","needs_expert_review"
"bebsu-m1-original","bebsu-a3012fdf0946f212","math","kma.m1.addition","7.075","0","","M1","numeric","machine_checked","needs_expert_review"
"bebsu-m1-original","bebsu-9d2d76654bb8de9b","math","kma.m1.addition","7.1","0","","M1","numeric","machine_checked","needs_expert_review"
"bebsu-m1-original","bebsu-a8ec7383b3daf18a","math","kma.m1.addition","7.125","0","","M1","numeric","machine_checked","needs_expert_review"
"bebsu-m1-original","bebsu-7aa124387359bf9a","math","kma.m1.unclassified","7.15","0","","M1","numeric","machine_checked","needs_expert_review"
"bebsu-m1-original","bebsu-b405f212377e7e38","math","kma.m1.addition","6.725","0","","M1","numeric","machine_checked","needs_expert_review"
"bebsu-m1-original","bebsu-23290d4362e707a5","math","kma.m1.subtraction","7.175","0","","M1","numeric","machine_checked","needs_expert_review"
"bebsu-m1-original","bebsu-69de6ae9b5e9b10d","math","kma.m1.addition","7.2","0","","M1","numeric","machine_checked","needs_expert_review"
"bebsu-m1-original","bebsu-b51a9f218a8e6d76","math","kma.m1.addition","7.225","0","","M1","numeric","machine_checked","needs_expert_review"
"bebsu-m1-original","bebsu-f21e8994b28b6f2a","math","kma.m1.addition","7.25","0","","M1","numeric","machine_checked","needs_expert_review"
"bebsu-m1-original","bebsu-cc764d494864eecc","math","kma.m1.addition","7.275","0","","M1","numeric","machine_checked","needs_expert_review"
"bebsu-m1-original","bebsu-27c738d122fb3094","math","kma.m1.addition","7.3","0","","M1","numeric","machine_checked","needs_expert_review"
"bebsu-m1-original","bebsu-0042174d365981ce","math","kma.m1.addition","7.3","0","","M1","numeric","machine_checked","needs_expert_review"
"bebsu-m1-original","bebsu-6c8bbf8184f6d216","math","kma.m1.addition","7.3","0","","M1","numeric","machine_checked","needs_expert_review"
"bebsu-m1-original","bebsu-d2247ff244238a7d","math","kma.m1.addition","7.3","0","","M1","numeric","machine_checked","needs_expert_review"
"bebsu-m1-original","bebsu-c9e4de4e6ea41f92","math","kma.m1.addition","7.3","0","","M1","numeric","machine_checked","needs_expert_review"
"bebsu-m1-original","bebsu-6fb6db8bfaff8cf8","math","kma.m1.addition","6.75","0","","M1","numeric","machine_checked","needs_expert_review"
"bebsu-m1-original","bebsu-e2da23d0f051f53a","math","kma.m1.addition","7.3","0","","M1","numeric","machine_checked","needs_expert_review"
"bebsu-m1-original","bebsu-d552f9b477b5c45e","math","kma.m1.addition","6.775","0","","M1","numeric","machine_checked","needs_expert_review"
"bebsu-m1-original","bebsu-79a20598479b67c4","math","kma.m1.subtraction","6.8","0","","M1","numeric","machine_checked","needs_expert_review"
"bebsu-m1-original","bebsu-ab7ca8c4b85fcd2c","math","kma.m1.addition","6.825","0","","M1","numeric","machine_checked","needs_expert_review"
"bebsu-m1-original","bebsu-50e3170cd9eaef2c","math","kma.m1.addition","6.85","0","","M1","numeric","machine_checked","needs_expert_review"
"bebsu-m1-original","bebsu-410005c2e082a8cc","math","kma.m1.addition","6.875","0","","M1","numeric","machine_checked","needs_expert_review"
"bebsu-m1-original","bebsu-c82f701b93eb761b","math","kma.m1.subtraction","6.9","0.2","","M1","choice","machine_checked","needs_expert_review"
"bebsu-m1-original","bebsu-86fc253cd896c451","math","kma.m1.subtraction","6.7","0","","M1","numeric","machine_checked","needs_expert_review"
"bebsu-m1-original","bebsu-8b7afd886fcd69a8","math","kma.m1.addition","6.925","0","","M1","numeric","machine_checked","needs_expert_review"
"bebsu-m1-original","bebsu-64628db796110978","math","kma.m1.addition","6.95","0","","M1","numeric","machine_checked","needs_expert_review"
"bebsu-m1-original","bebsu-f039548fd0c37e10","math","kma.m1.addition","6.975","0","","M1","numeric","machine_checked","needs_expert_review"
"bebsu-m1-original","bebsu-9b73d2a59eb77580","math","kma.m1.addition","7","0","","M1","numeric","machine_checked","needs_expert_review"
"bebsu-m1-original","bebsu-0ad73c8c294fe61e","math","kma.m1.addition","7.025","0","","M1","numeric","machine_checked","needs_expert_review"
"bebsu-m1-original","bebsu-f3ed59f6449f557f","math","kma.m1.addition","7.05","0","","M1","numeric","machine_checked","needs_expert_review"
"bebsu-m1-original","bebsu-877ad8190c737541","math","kma.m1.addition","7.075","0","","M1","numeric","machine_checked","needs_expert_review"
"bebsu-m1-original","bebsu-f4cce966de35e453","math","kma.m1.addition","7.1","0","","M1","numeric","machine_checked","needs_expert_review"
"bebsu-m1-original","bebsu-d6056466eefdd8d3","math","kma.m1.addition","7.125","0","","M1","numeric","machine_checked","needs_expert_review"
"bebsu-m1-original","bebsu-7253ff7d9c38f72b","math","kma.m1.addition","7.15","0","","M1","numeric","machine_checked","needs_expert_review"
"bebsu-m1-original","bebsu-ec6bd5ba37ce35fc","math","kma.m1.addition","6.725","0","","M1","numeric","machine_checked","needs_expert_review"
"bebsu-m1-original","bebsu-9e34a9a479ce8299","math","kma.m1.addition","7.175","0","","M1","numeric","machine_checked","needs_expert_review"
"bebsu-m1-original","bebsu-50c5ce2f4289754c","math","kma.m1.addition","7.2","0","","M1","numeric","machine_checked","needs_expert_review"
"bebsu-m1-original","bebsu-2e4174c26a0d28a1","math","kma.m1.addition","7.225","0","","M1","numeric","machine_checked","needs_expert_review"
"bebsu-m1-original","bebsu-4d8e8a9167a350fe","math","kma.m1.addition","7.25","0","","M1","numeric","machine_checked","needs_expert_review"
"bebsu-m1-original","bebsu-0a4883efd2911527","math","kma.m1.addition","7.275","0","","M1","numeric","machine_checked","needs_expert_review"
"bebsu-m1-original","bebsu-46e7372bc25cd768","math","kma.m1.addition","7.3","0","","M1","numeric","machine_checked","needs_expert_review"
"bebsu-m1-original","bebsu-9b8ae68275d00879","math","kma.m1.addition","7.3","0","","M1","numeric","machine_checked","needs_expert_review"
"bebsu-m1-original","bebsu-7de160edfbfd99be","math","kma.m1.addition","7.3","0","","M1","numeric","machine_checked","needs_expert_review"
"bebsu-m1-original","bebsu-a5e289d134b2c202","math","kma.m1.addition","7.3","0","","M1","numeric","machine_checked","needs_expert_review"
"bebsu-m1-original","bebsu-e681080a9c0f7739","math","kma.m1.addition","7.3","0","","M1","numeric","machine_checked","needs_expert_review"
"bebsu-m1-original","bebsu-842c23df308b0069","math","kma.m1.addition","6.75","0","","M1","numeric","machine_checked","needs_expert_review"
"bebsu-m1-original","bebsu-86cdfa76cd64c629","math","kma.m1.addition","7.3","0","","M1","numeric","machine_checked","needs_expert_review"
"bebsu-m1-original","bebsu-4c5d4c2defba68fc","math","kma.m1.subtraction","6.775","0.2","","M1","choice","machine_checked","needs_expert_review"
"bebsu-m1-original","bebsu-298a1d79291dcc3f","math","kma.m1.subtraction","6.8","0","","M1","numeric","machine_checked","needs_expert_review"
"bebsu-m1-original","bebsu-935e8ad0afc2c901","math","kma.m1.addition","6.825","0","","M1","numeric","machine_checked","needs_expert_review"
"bebsu-m1-original","bebsu-395679bde66f5581","math","kma.m1.subtraction","6.85","0","","M1","numeric","machine_checked","needs_expert_review"
"bebsu-m1-original","bebsu-1206a2f203be2710","math","kma.m1.addition","6.875","0","","M1","numeric","machine_checked","needs_expert_review"
"bebsu-m1-original","bebsu-49593150e289794f","math","kma.m1.subtraction","6.9","0","","M1","numeric","machine_checked","needs_expert_review"
"bebsu-m2-original","bebsu-55e043ff4beee755","math","kma.m2.addition","7.7","0","","M2","numeric","machine_checked","needs_expert_review"
"bebsu-m2-original","bebsu-1a7704a1afd96ba5","math","kma.m2.addition","7.925","0","","M2","numeric","machine_checked","needs_expert_review"
"bebsu-m2-original","bebsu-7f1bb3a1c745ed18","math","kma.m2.unclassified","7.95","0","","M2","numeric","machine_checked","needs_expert_review"
"bebsu-m2-original","bebsu-bdaf953d3723aa2f","math","kma.m2.addition","7.975","0","","M2","numeric","machine_checked","needs_expert_review"
"bebsu-m2-original","bebsu-38230ec4cf86e3bb","math","kma.m2.subtraction","8","0","","M2","numeric","machine_checked","needs_expert_review"
"bebsu-m2-original","bebsu-b79dc3101e5f8472","math","kma.m2.addition","8.025","0","","M2","numeric","machine_checked","needs_expert_review"
"bebsu-m2-original","bebsu-86cb5ae95987f25d","math","kma.m2.addition","8.05","0","","M2","numeric","machine_checked","needs_expert_review"
"bebsu-m2-original","bebsu-5555390d07282859","math","kma.m2.addition","8.075","0","","M2","numeric","machine_checked","needs_expert_review"
"bebsu-m2-original","bebsu-bb9c18e4ef0fb388","math","kma.m2.addition","8.1","0","","M2","numeric","machine_checked","needs_expert_review"
"bebsu-m2-original","bebsu-f8ec6e66112e5c63","math","kma.m2.addition","8.125","0","","M2","numeric","machine_checked","needs_expert_review"
"bebsu-m2-original","bebsu-5d0fee6be31a4fcf","math","kma.m2.addition","8.15","0","","M2","numeric","machine_checked","needs_expert_review"
"bebsu-m2-original","bebsu-e4ea7ac70a6464d0","math","kma.m2.addition","7.725","0","","M2","numeric","machine_checked","needs_expert_review"
"bebsu-m2-original","bebsu-7aecb0845618e931","math","kma.m2.addition","8.175","0","","M2","numeric","machine_checked","needs_expert_review"
"bebsu-m2-original","bebsu-4d8a55be321921fe","math","kma.m2.addition","8.2","0","","M2","numeric","machine_checked","needs_expert_review"
"bebsu-m2-original","bebsu-3ced03d282faa16e","math","kma.m2.addition","8.225","0","","M2","numeric","machine_checked","needs_expert_review"
"bebsu-m2-original","bebsu-5a62ee235de6f455","math","kma.m2.addition","8.25","0","","M2","numeric","machine_checked","needs_expert_review"
"bebsu-m2-original","bebsu-bc4df6ea474bf388","math","kma.m2.subtraction","8.275","0","","M2","numeric","machine_checked","needs_expert_review"
"bebsu-m2-original","bebsu-ebd27166cd9de3ae","math","kma.m2.unclassified","8.3","0","","M2","numeric","machine_checked","needs_expert_review"
"bebsu-m2-original","bebsu-ab1a65e3f4362574","math","kma.m2.counting","8.3","0","","M2","numeric","machine_checked","needs_expert_review"
"bebsu-m2-original","bebsu-37e2f42a7d95c953","math","kma.m2.addition","8.3","0","","M2","numeric","machine_checked","needs_expert_review"
"bebsu-m2-original","bebsu-49a718aa185896ec","math","kma.m2.addition","8.3","0","","M2","numeric","machine_checked","needs_expert_review"
"bebsu-m2-original","bebsu-b88a65bdcbcdcb22","math","kma.m2.addition","8.3","0","","M2","numeric","machine_checked","needs_expert_review"
"bebsu-m2-original","bebsu-4feb92ace8da0a8c","math","kma.m2.addition","7.75","0","","M2","numeric","machine_checked","needs_expert_review"
"bebsu-m2-original","bebsu-b7bfe24a90da0173","math","kma.m2.addition","8.3","0","","M2","numeric","machine_checked","needs_expert_review"
"bebsu-m2-original","bebsu-0b87cc81d7389b83","math","kma.m2.addition","7.775","0","","M2","numeric","machine_checked","needs_expert_review"
"bebsu-m2-original","bebsu-4052cb71828c19bf","math","kma.m2.addition","7.8","0","","M2","numeric","machine_checked","needs_expert_review"
"bebsu-m2-original","bebsu-3c07d5e6d0eb9159","math","kma.m2.addition","7.825","0","","M2","numeric","machine_checked","needs_expert_review"
"bebsu-m2-original","bebsu-ba73791ba54f1db0","math","kma.m2.addition","7.85","0","","M2","numeric","machine_checked","needs_expert_review"
"bebsu-m2-original","bebsu-5a7baec7bcd2180f","math","kma.m2.addition","7.875","0","","M2","numeric","machine_checked","needs_expert_review"
"bebsu-m2-original","bebsu-722f78c975b16e3f","math","kma.m2.addition","7.9","0","","M2","numeric","machine_checked","needs_expert_review"
"bebsu-m2-original","bebsu-8f9f019d0655bfff","math","kma.m2.subtraction","7.7","0","","M2","numeric","machine_checked","needs_expert_review"
"bebsu-m2-original","bebsu-84d91424aa68f5b4","math","kma.m2.addition","7.925","0","","M2","numeric","machine_checked","needs_expert_review"
"bebsu-m2-original","bebsu-b88cfb0062206604","math","kma.m2.comparison","7.95","0","","M2","numeric","machine_checked","needs_expert_review"
"bebsu-m2-original","bebsu-2839d6e8fcd2d07a","math","kma.m2.addition","7.975","0","","M2","numeric","machine_checked","needs_expert_review"
"bebsu-m2-original","bebsu-d8a910c3d4e59cec","math","kma.m2.addition","8","0","","M2","numeric","machine_checked","needs_expert_review"
"bebsu-m2-original","bebsu-7d89138d566b94ea","math","kma.m2.addition","8.025","0","","M2","numeric","machine_checked","needs_expert_review"
"bebsu-m2-original","bebsu-adfee62fa7cf1305","math","kma.m2.addition","8.05","0","","M2","numeric","machine_checked","needs_expert_review"
"bebsu-m2-original","bebsu-e2fed27338d5835c","math","kma.m2.addition","8.075","0","","M2","numeric","machine_checked","needs_expert_review"
"bebsu-m2-original","bebsu-c67282aec7e25834","math","kma.m2.subtraction","8.1","0","","M2","numeric","machine_checked","needs_expert_review"
"bebsu-m2-original","bebsu-f07e2fe3f9c62bb7","math","kma.m2.subtraction","8.125","0","","M2","numeric","machine_checked","needs_expert_review"
"bebsu-m2-original","bebsu-f7f5facd6f5c90b7","math","kma.m2.subtraction","8.15","0","","M2","numeric","machine_checked","needs_expert_review"
"bebsu-m2-original","bebsu-ab1066da8bd2cfec","math","kma.m2.addition","7.725","0","","M2","numeric","machine_checked","needs_expert_review"
"bebsu-m2-original","bebsu-74aa9569876dd4ad","math","kma.m2.subtraction","8.175","0","","M2","numeric","machine_checked","needs_expert_review"
"bebsu-m2-original","bebsu-adcb942dd384cdeb","math","kma.m2.subtraction","8.2","0","","M2","numeric","machine_checked","needs_expert_review"
"bebsu-m2-original","bebsu-7e00f07f3d1b74a2","math","kma.m2.addition","8.225","0","","M2","numeric","machine_checked","needs_expert_review"
"bebsu-m2-original","bebsu-f838fa5d85b03906","math","kma.m2.subtraction","8.25","0","","M2","numeric","machine_checked","needs_expert_review"
"bebsu-m2-original","bebsu-5e57ff60c1dd2864","math","kma.m2.geometry","8.275","0","","M2","numeric","machine_checked","needs_expert_review"
"bebsu-m2-original","bebsu-34622f13203f38bd","math","kma.m2.addition","8.3","0","","M2","numeric","machine_checked","needs_expert_review"
"bebsu-m2-original","bebsu-751bf93578f7f505","math","kma.m2.addition","8.3","0","","M2","numeric","machine_checked","needs_expert_review"
"bebsu-m2-original","bebsu-267aaab57deb1c40","math","kma.m2.addition","8.3","0","","M2","numeric","machine_checked","needs_expert_review"
"bebsu-m2-original","bebsu-85727282e704c10d","math","kma.m2.addition","8.3","0","","M2","numeric","machine_checked","needs_expert_review"
"bebsu-m2-original","bebsu-cf196a8ec2e1f875","math","kma.m2.addition","8.3","0","","M2","numeric","machine_checked","needs_expert_review"
"bebsu-m2-original","bebsu-5f553cefa1c35185","math","kma.m2.addition","7.75","0","","M2","numeric","machine_checked","needs_expert_review"
"bebsu-m2-original","bebsu-081472e8fb5c6443","math","kma.m2.comparison","8.3","0","","M2","numeric","machine_checked","needs_expert_review"
"bebsu-m2-original","bebsu-49eca9085359532e","math","kma.m2.subtraction","7.775","0","","M2","numeric","machine_checked","needs_expert_review"
"bebsu-m2-original","bebsu-111042570ee3e850","math","kma.m2.addition","7.8","0","","M2","numeric","machine_checked","needs_expert_review"
"bebsu-m2-original","bebsu-f13539200c7fb216","math","kma.m2.addition","7.825","0","","M2","numeric","machine_checked","needs_expert_review"
"bebsu-m2-original","bebsu-e1efe41650e98d98","math","kma.m2.addition","7.85","0","","M2","numeric","machine_checked","needs_expert_review"
"bebsu-m2-original","bebsu-2a639d594a449b81","math","kma.m2.subtraction","7.875","0","","M2","numeric","machine_checked","needs_expert_review"
"bebsu-m2-original","bebsu-0af435d706361120","math","kma.m2.subtraction","7.9","0","","M2","numeric","machine_checked","needs_expert_review"
"bebsu-m2-original","bebsu-0b9511892a9f5eda","math","kma.m2.unclassified","7.7","0","","M2","numeric","machine_checked","needs_expert_review"
"bebsu-m2-original","bebsu-86c2cfcf91554a36","math","kma.m2.addition","7.925","0","","M2","numeric","machine_checked","needs_expert_review"
"bebsu-m2-original","bebsu-f2ff8120726ede0b","math","kma.m2.unclassified","7.95","0","","M2","numeric","machine_checked","needs_expert_review"
"bebsu-m2-original","bebsu-92d3361b7165bf9d","math","kma.m2.addition","7.975","0","","M2","numeric","machine_checked","needs_expert_review"
"bebsu-m2-original","bebsu-7a082b17e3a25517","math","kma.m2.addition","8","0","","M2","numeric","machine_checked","needs_expert_review"
"bebsu-m2-original","bebsu-5de52ce45590a8fe","math","kma.m2.addition","8.025","0","","M2","numeric","machine_checked","needs_expert_review"
"bebsu-m2-original","bebsu-b9a8ea3ec44721ea","math","kma.m2.addition","8.05","0","","M2","numeric","machine_checked","needs_expert_review"
"bebsu-m2-original","bebsu-1a416218ae8d34d3","math","kma.m2.addition","8.075","0","","M2","numeric","machine_checked","needs_expert_review"
"bebsu-m2-original","bebsu-5e01cf16bad8b5a0","math","kma.m2.addition","8.1","0","","M2","numeric","machine_checked","needs_expert_review"
"bebsu-m2-original","bebsu-ed6f812354945e92","math","kma.m2.addition","8.125","0","","M2","numeric","machine_checked","needs_expert_review"
"bebsu-m2-original","bebsu-1a97eec56012e74c","math","kma.m2.addition","8.15","0","","M2","numeric","machine_checked","needs_expert_review"
"bebsu-m2-original","bebsu-5f709f68cebcf60f","math","kma.m2.addition","7.725","0","","M2","numeric","machine_checked","needs_expert_review"
"bebsu-m2-original","bebsu-8889d3e389545a82","math","kma.m2.subtraction","8.175","0","","M2","numeric","machine_checked","needs_expert_review"
"bebsu-m2-original","bebsu-7a82ea42d7d84c1f","math","kma.m2.addition","8.2","0","","M2","numeric","machine_checked","needs_expert_review"
"bebsu-m2-original","bebsu-c89d9d2a146de49c","math","kma.m2.addition","8.225","0","","M2","numeric","machine_checked","needs_expert_review"
"bebsu-m2-original","bebsu-8d737d8f3df88a18","math","kma.m2.addition","8.25","0","","M2","numeric","machine_checked","needs_expert_review"
"bebsu-m2-original","bebsu-86d3c311291e764b","math","kma.m2.addition","8.275","0","","M2","numeric","machine_checked","needs_expert_review"
"bebsu-m2-original","bebsu-7ec6d0e5f0ca2d4c","math","kma.m2.subtraction","8.3","0","","M2","numeric","machine_checked","needs_expert_review"
"bebsu-m2-original","bebsu-d407147198d200b9","math","kma.m2.addition","8.3","0","","M2","numeric","machine_checked","needs_expert_review"
"bebsu-m2-original","bebsu-8951a56857f452c8","math","kma.m2.addition","8.3","0","","M2","numeric","machine_checked","needs_expert_review"
"bebsu-m2-original","bebsu-ebc1854cc1e0b3a3","math","kma.m2.addition","8.3","0","","M2","numeric","machine_checked","needs_expert_review"
"bebsu-m2-original","bebsu-1976e6e63810e3fd","math","kma.m2.addition","8.3","0","","M2","numeric","machine_checked","needs_expert_review"
"bebsu-m2-original","bebsu-d673ea657d8b09f6","math","kma.m2.subtraction","7.75","0","","M2","numeric","machine_checked","needs_expert_review"
"bebsu-m2-original","bebsu-c69de24a59315b04","math","kma.m2.addition","8.3","0","","M2","numeric","machine_checked","needs_expert_review"
"bebsu-m2-original","bebsu-a0263d51dac46630","math","kma.m2.addition","7.775","0","","M2","numeric","machine_checked","needs_expert_review"
"bebsu-m2-original","bebsu-6044afdcee059657","math","kma.m2.addition","7.8","0","","M2","numeric","machine_checked","needs_expert_review"
"bebsu-m2-original","bebsu-5b1bf8debe03df5b","math","kma.m2.addition","7.825","0","","M2","numeric","machine_checked","needs_expert_review"
"bebsu-m2-original","bebsu-ac87faae59c65b02","math","kma.m2.addition","7.85","0","","M2","numeric","machine_checked","needs_expert_review"
"bebsu-m2-original","bebsu-10e394951a9637c4","math","kma.m2.addition","7.875","0","","M2","numeric","machine_checked","needs_expert_review"
"bebsu-m2-original","bebsu-893bc918a17a35a3","math","kma.m2.addition","7.9","0","","M2","numeric","machine_checked","needs_expert_review"
"bebsu-m2-original","bebsu-44d56ba9d047612d","math","kma.m2.addition","7.7","0","","M2","numeric","machine_checked","needs_expert_review"
"bebsu-m2-original","bebsu-f0381611b056e565","math","kma.m2.addition","7.925","0","","M2","numeric","machine_checked","needs_expert_review"
"bebsu-m2-original","bebsu-94f66a4ee92a4a77","math","kma.m2.addition","7.95","0","","M2","numeric","machine_checked","needs_expert_review"
"bebsu-m2-original","bebsu-0f02bb00cfbf6932","math","kma.m2.addition","7.975","0","","M2","numeric","machine_checked","needs_expert_review"
"bebsu-m2-original","bebsu-daba572a84de75ff","math","kma.m2.unclassified","8","0","","M2","numeric","machine_checked","needs_expert_review"
"bebsu-m2-original","bebsu-dd4f5dbbb5bd1889","math","kma.m2.addition","8.025","0","","M2","numeric","machine_checked","needs_expert_review"
"bebsu-m2-original","bebsu-296c7c53ff8cb1c1","math","kma.m2.addition","8.05","0","","M2","numeric","machine_checked","needs_expert_review"
"bebsu-m2-original","bebsu-ef3e4ac94aa449a1","math","kma.m2.addition","8.075","0","","M2","numeric","machine_checked","needs_expert_review"
"bebsu-m2-original","bebsu-6f3f3a72c55ef253","math","kma.m2.addition","8.1","0","","M2","numeric","machine_checked","needs_expert_review"
"bebsu-m2-original","bebsu-e888ea894effae42","math","kma.m2.addition","8.125","0","","M2","numeric","machine_checked","needs_expert_review"
"bebsu-m2-original","bebsu-10d7b122d511fd4c","math","kma.m2.addition","8.15","0","","M2","numeric","machine_checked","needs_expert_review"
"bebsu-m2-original","bebsu-2e5c694deb5f8061","math","kma.m2.addition","7.725","0","","M2","numeric","machine_checked","needs_expert_review"
"bebsu-m2-original","bebsu-6d758e86d4333adf","math","kma.m2.addition","8.175","0","","M2","numeric","machine_checked","needs_expert_review"
"bebsu-m2-original","bebsu-ee8fa23f2a995039","math","kma.m2.addition","8.2","0","","M2","numeric","machine_checked","needs_expert_review"
"bebsu-m2-original","bebsu-564667166ad11076","math","kma.m2.addition","8.225","0","","M2","numeric","machine_checked","needs_expert_review"
"bebsu-m2-original","bebsu-78eabb627c425975","math","kma.m2.addition","8.25","0","","M2","numeric","machine_checked","needs_expert_review"
"bebsu-m2-original","bebsu-9847dc8ac813543a","math","kma.m2.subtraction","8.275","0","","M2","numeric","machine_checked","needs_expert_review"
"bebsu-m2-original","bebsu-6308adb4cf5e0538","math","kma.m2.addition","8.3","0","","M2","numeric","machine_checked","needs_expert_review"
"bebsu-m2-original","bebsu-1080079bac18b09a","math","kma.m2.addition","8.3","0","","M2","numeric","machine_checked","needs_expert_review"
"bebsu-m2-original","bebsu-a4f6a50feb745f9b","math","kma.m2.addition","8.3","0","","M2","numeric","machine_checked","needs_expert_review"
"bebsu-m2-original","bebsu-245872d63c7cbfed","math","kma.m2.addition","8.3","0","","M2","numeric","machine_checked","needs_expert_review"
"bebsu-m2-original","bebsu-c599eaa60de6eae4","math","kma.m2.addition","8.3","0","","M2","numeric","machine_checked","needs_expert_review"
"bebsu-m2-original","bebsu-3bbc9035e3dd50c6","math","kma.m2.addition","7.75","0","","M2","numeric","machine_checked","needs_expert_review"
"bebsu-m2-original","bebsu-44bb84cd3add22e9","math","kma.m2.addition","8.3","0","","M2","numeric","machine_checked","needs_expert_review"
"bebsu-m2-original","bebsu-6e8d6869a17de019","math","kma.m2.addition","7.775","0","","M2","numeric","machine_checked","needs_expert_review"
"bebsu-m2-original","bebsu-5b4bc211410b3a61","math","kma.m2.addition","7.8","0","","M2","numeric","machine_checked","needs_expert_review"
"bebsu-m2-original","bebsu-4ccf5d826e044da9","math","kma.m2.addition","7.825","0","","M2","numeric","machine_checked","needs_expert_review"
"bebsu-m2-original","bebsu-e745af1883ecd823","math","kma.m2.subtraction","7.85","0","","M2","numeric","machine_checked","needs_expert_review"
"bebsu-m2-original","bebsu-6e595fecb0aa3c6e","math","kma.m2.subtraction","7.875","0","","M2","numeric","machine_checked","needs_expert_review"
"bebsu-m2-original","bebsu-527e3a5b68ed9fe8","math","kma.m2.addition","7.9","0","","M2","numeric","machine_checked","needs_expert_review"
"bebsu-m2-original","bebsu-592b5dd0cbc52197","math","kma.m2.addition","7.7","0","","M2","numeric","machine_checked","needs_expert_review"
"bebsu-m2-original","bebsu-10ede92ce003a948","math","kma.m2.addition","7.925","0","","M2","numeric","machine_checked","needs_expert_review"
"bebsu-m2-original","bebsu-474aff4d6c804e26","math","kma.m2.addition","7.95","0","","M2","numeric","machine_checked","needs_expert_review"
"bebsu-m2-original","bebsu-639d8641356e7767","math","kma.m2.subtraction","7.975","0","","M2","numeric","machine_checked","needs_expert_review"
"bebsu-m2-original","bebsu-3b5a97e6e0ae8e57","math","kma.m2.addition","8","0","","M2","numeric","machine_checked","needs_expert_review"
"bebsu-m2-original","bebsu-73bce634fbcec726","math","kma.m2.addition","8.025","0","","M2","numeric","machine_checked","needs_expert_review"
"bebsu-m2-original","bebsu-ec055ef983547232","math","kma.m2.addition","8.05","0","","M2","numeric","machine_checked","needs_expert_review"
"bebsu-m2-original","bebsu-366bb42b8dde9502","math","kma.m2.addition","8.075","0","","M2","numeric","machine_checked","needs_expert_review"
"bebsu-m2-original","bebsu-6272724bd616a51a","math","kma.m2.addition","8.1","0","","M2","numeric","machine_checked","needs_expert_review"
"bebsu-m2-original","bebsu-5ec8b0a8c75ba926","math","kma.m2.addition","8.125","0","","M2","numeric","machine_checked","needs_expert_review"
"bebsu-m2-original","bebsu-ea5138842d5336db","math","kma.m2.addition","8.15","0","","M2","numeric","machine_checked","needs_expert_review"
"bebsu-m2-original","bebsu-b736c6e73c2537cd","math","kma.m2.subtraction","7.725","0","","M2","numeric","machine_checked","needs_expert_review"
"bebsu-m2-original","bebsu-fa4474755ff764ff","math","kma.m2.addition","8.175","0","","M2","numeric","machine_checked","needs_expert_review"
"bebsu-m2-original","bebsu-2ad483d5a86a5f2a","math","kma.m2.addition","8.2","0","","M2","numeric","machine_checked","needs_expert_review"
"bebsu-m2-original","bebsu-cd88a1a8ff9637cf","math","kma.m2.subtraction","8.225","0","","M2","numeric","machine_checked","needs_expert_review"
"bebsu-m2-original","bebsu-923d1a71520402fb","math","kma.m2.subtraction","8.25","0","","M2","numeric","machine_checked","needs_expert_review"
"bebsu-m2-original","bebsu-b601c779d01d8295","math","kma.m2.addition","8.275","0","","M2","numeric","machine_checked","needs_expert_review"
"bebsu-m2-original","bebsu-12108e41bc5900ca","math","kma.m2.addition","8.3","0","","M2","numeric","machine_checked","needs_expert_review"
"bebsu-m2-original","bebsu-22f76bc0abfc3b56","math","kma.m2.addition","8.3","0","","M2","numeric","machine_checked","needs_expert_review"
"bebsu-m2-original","bebsu-bca2e03c4a4a46af","math","kma.m2.subtraction","8.3","0","","M2","numeric","machine_checked","needs_expert_review"
"bebsu-m2-original","bebsu-671afe49506f7a65","math","kma.m2.addition","8.3","0","","M2","numeric","machine_checked","needs_expert_review"
"bebsu-m2-original","bebsu-7464844b0d739e4c","math","kma.m2.subtraction","8.3","0","","M2","numeric","machine_checked","needs_expert_review"
"bebsu-m2-original","bebsu-0df2d24f47c48456","math","kma.m2.addition","7.75","0","","M2","numeric","machine_checked","needs_expert_review"
"bebsu-m2-original","bebsu-35d10dda343ec9b9","math","kma.m2.addition","8.3","0","","M2","numeric","machine_checked","needs_expert_review"
"bebsu-m2-original","bebsu-3bc9e81793f6c56b","math","kma.m2.subtraction","7.775","0","","M2","numeric","machine_checked","needs_expert_review"
"bebsu-m2-original","bebsu-d4280bfc10d75726","math","kma.m2.addition","7.8","0","","M2","numeric","machine_checked","needs_expert_review"
"bebsu-m2-original","bebsu-0016255431b78137","math","kma.m2.subtraction","7.825","0","","M2","numeric","machine_checked","needs_expert_review"
"bebsu-m2-original","bebsu-eb954cb54c41b9f9","math","kma.m2.geometry","7.85","0","","M2","numeric","machine_checked","needs_expert_review"
"bebsu-m2-original","bebsu-6930c282188d458c","math","kma.m2.addition","7.875","0","","M2","numeric","machine_checked","needs_expert_review"
"bebsu-m2-original","bebsu-4ea9efff2bf3bb51","math","kma.m2.addition","7.9","0","","M2","numeric","machine_checked","needs_expert_review"
"bebsu-m2-original","bebsu-6ba58a752e8e7046","math","kma.m2.addition","7.7","0","","M2","numeric","machine_checked","needs_expert_review"
"bebsu-m2-original","bebsu-44941db713c7a526","math","kma.m2.subtraction","7.925","0","","M2","numeric","machine_checked","needs_expert_review"
"bebsu-m2-original","bebsu-7331a3f2c70ececc","math","kma.m2.subtraction","7.95","0","","M2","numeric","machine_checked","needs_expert_review"
"bebsu-m2-original","bebsu-f6157774b49843e2","math","kma.m2.addition","7.975","0","","M2","numeric","machine_checked","needs_expert_review"
"bebsu-m2-original","bebsu-212befaef436285d","math","kma.m2.addition","8","0","","M2","numeric","machine_checked","needs_expert_review"
"bebsu-m2-original","bebsu-fa82ef5d3ae9c117","math","kma.m2.addition","8.025","0","","M2","numeric","machine_checked","needs_expert_review"
"bebsu-m2-original","bebsu-6bf819265374a764","math","kma.m2.addition","8.05","0","","M2","numeric","machine_checked","needs_expert_review"
"bebsu-m2-original","bebsu-91bb31b7ebb1c5fd","math","kma.m2.addition","8.075","0","","M2","numeric","machine_checked","needs_expert_review"
"bebsu-m2-original","bebsu-de44b0a3a777755f","math","kma.m2.addition","8.1","0","","M2","numeric","machine_checked","needs_expert_review"
"bebsu-m2-original","bebsu-3b1758e80e500cc7","math","kma.m2.addition","8.125","0","","M2","numeric","machine_checked","needs_expert_review"
"bebsu-m2-original","bebsu-4a71792714d4d69d","math","kma.m2.addition","8.15","0","","M2","numeric","machine_checked","needs_expert_review"
"bebsu-m2-original","bebsu-728d0f794c461f0d","math","kma.m2.addition","7.725","0","","M2","numeric","machine_checked","needs_expert_review"
"bebsu-m2-original","bebsu-d5684d765598ef90","math","kma.m2.geometry","8.175","0","","M2","numeric","machine_checked","needs_expert_review"
"bebsu-m2-original","bebsu-c5660724b8cb9256","math","kma.m2.subtraction","8.2","0","","M2","numeric","machine_checked","needs_expert_review"
"bebsu-m2-original","bebsu-b89276fd0fb9de95","math","kma.m2.subtraction","8.225","0","","M2","numeric","machine_checked","needs_expert_review"
"bebsu-m2-original","bebsu-1a35d021cc1c3d48","math","kma.m2.addition","8.25","0","","M2","numeric","machine_checked","needs_expert_review"
"bebsu-m2-original","bebsu-e7079f45fb82ea06","math","kma.m2.subtraction","8.275","0","","M2","numeric","machine_checked","needs_expert_review"
"bebsu-m2-original","bebsu-6e6848257059308d","math","kma.m2.addition","8.3","0","","M2","numeric","machine_checked","needs_expert_review"
"bebsu-m2-original","bebsu-d6b8cd9593100594","math","kma.m2.addition","8.3","0","","M2","numeric","machine_checked","needs_expert_review"
"bebsu-m2-original","bebsu-0fa3297bc8b5483b","math","kma.m2.addition","8.3","0","","M2","numeric","machine_checked","needs_expert_review"
"bebsu-m2-original","bebsu-0d2a8f6981f849d1","math","kma.m2.subtraction","8.3","0","","M2","numeric","machine_checked","needs_expert_review"
"bebsu-m2-original","bebsu-ca493a6d8c470eb8","math","kma.m2.addition","8.3","0","","M2","numeric","machine_checked","needs_expert_review"
"bebsu-m2-original","bebsu-0d51bc84374ed7e8","math","kma.m2.addition","7.75","0","","M2","numeric","machine_checked","needs_expert_review"
"bebsu-m2-original","bebsu-aa00a20d89b7f2a2","math","kma.m2.addition","8.3","0","","M2","numeric","machine_checked","needs_expert_review"
"bebsu-m2-original","bebsu-7ece71b64fcb9c98","math","kma.m2.subtraction","7.775","0","","M2","numeric","machine_checked","needs_expert_review"
"bebsu-m2-original","bebsu-59b52ed79a3d559d","math","kma.m2.addition","7.8","0","","M2","numeric","machine_checked","needs_expert_review"
"bebsu-m2-original","bebsu-8f946e746a225625","math","kma.m2.subtraction","7.825","0","","M2","numeric","machine_checked","needs_expert_review"
"bebsu-m2-original","bebsu-e24d18da0f0280ff","math","kma.m2.addition","7.85","0","","M2","numeric","machine_checked","needs_expert_review"
"bebsu-m2-original","bebsu-581c363dbb937edb","math","kma.m2.addition","7.875","0","","M2","numeric","machine_checked","needs_expert_review"
"bebsu-m2-original","bebsu-63128d9c93049d06","math","kma.m2.addition","7.9","0","","M2","numeric","machine_checked","needs_expert_review"
"bebsu-m2-original","bebsu-eaa431cab10bd908","math","kma.m2.subtraction","7.7","0","","M2","numeric","machine_checked","needs_expert_review"
"bebsu-m2-original","bebsu-18f8d68fa02f7ebb","math","kma.m2.addition","7.925","0","","M2","numeric","machine_checked","needs_expert_review"
"bebsu-m2-original","bebsu-025c58fd2e8a9736","math","kma.m2.addition","7.95","0","","M2","numeric","machine_checked","needs_expert_review"
"bebsu-m2-original","bebsu-5b0ca6ea20dede40","math","kma.m2.addition","7.975","0","","M2","numeric","machine_checked","needs_expert_review"
"bebsu-m2-original","bebsu-09a5e80fe6c80e15","math","kma.m2.addition","8","0","","M2","numeric","machine_checked","needs_expert_review"
"bebsu-m2-original","bebsu-4d98045db036cf4c","math","kma.m2.addition","8.025","0","","M2","numeric","machine_checked","needs_expert_review"
"bebsu-m2-original","bebsu-b58741991510010e","math","kma.m2.addition","8.05","0","","M2","numeric","machine_checked","needs_expert_review"
"bebsu-m2-original","bebsu-93d3f89897b4fc4f","math","kma.m2.addition","8.075","0","","M2","numeric","machine_checked","needs_expert_review"
"bebsu-m2-original","bebsu-b1d0d30f1581273e","math","kma.m2.addition","8.1","0","","M2","numeric","machine_checked","needs_expert_review"
"bebsu-m2-original","bebsu-446e8b04dddd25da","math","kma.m2.addition","8.125","0","","M2","numeric","machine_checked","needs_expert_review"
"bebsu-m2-original","bebsu-e0d275182dbaee14","math","kma.m2.addition","8.15","0","","M2","numeric","machine_checked","needs_expert_review"
"bebsu-m2-original","bebsu-2a5664fd79750c57","math","kma.m2.addition","7.725","0","","M2","numeric","machine_checked","needs_expert_review"
"bebsu-m2-original","bebsu-31b2e83189a7a1a1","math","kma.m2.addition","8.175","0","","M2","numeric","machine_checked","needs_expert_review"
"bebsu-m2-original","bebsu-c5453ba6665451b7","math","kma.m2.addition","8.2","0","","M2","numeric","machine_checked","needs_expert_review"
"bebsu-m2-original","bebsu-4289d35fa405fbf3","math","kma.m2.addition","8.225","0","","M2","numeric","machine_checked","needs_expert_review"
"bebsu-m2-original","bebsu-363535751d74a702","math","kma.m2.addition","8.25","0","","M2","numeric","machine_checked","needs_expert_review"
"bebsu-m2-original","bebsu-6de50638cb300aba","math","kma.m2.addition","8.275","0","","M2","numeric","machine_checked","needs_expert_review"
"bebsu-m2-original","bebsu-aa7bcfcd73cf7a48","math","kma.m2.addition","8.3","0","","M2","numeric","machine_checked","needs_expert_review"
"bebsu-m2-original","bebsu-a01d5e8266bcca90","math","kma.m2.addition","8.3","0","","M2","numeric","machine_checked","needs_expert_review"
"bebsu-m2-original","bebsu-edd1e4bc0189d4d4","math","kma.m2.addition","8.3","0","","M2","numeric","machine_checked","needs_expert_review"
"bebsu-m2-original","bebsu-f6b0d01ac404389d","math","kma.m2.counting","8.3","0","","M2","numeric","machine_checked","needs_expert_review"
"bebsu-m2-original","bebsu-dea91a1236fc4b15","math","kma.m2.addition","8.3","0","","M2","numeric","machine_checked","needs_expert_review"
"bebsu-m2-original","bebsu-567a0d82f325627f","math","kma.m2.addition","7.75","0","","M2","numeric","machine_checked","needs_expert_review"
"bebsu-m2-original","bebsu-3e3b4a41ab300fe8","math","kma.m2.addition","8.3","0","","M2","numeric","machine_checked","needs_expert_review"
"bebsu-m2-original","bebsu-e340272af377a229","math","kma.m2.addition","7.775","0","","M2","numeric","machine_checked","needs_expert_review"
"bebsu-m2-original","bebsu-8bc192d94c47c930","math","kma.m2.addition","7.8","0","","M2","numeric","machine_checked","needs_expert_review"
"bebsu-m2-original","bebsu-87519e2bc9fc51bb","math","kma.m2.addition","7.825","0","","M2","numeric","machine_checked","needs_expert_review"
"bebsu-m2-original","bebsu-8cc01afde90a8171","math","kma.m2.addition","7.85","0","","M2","numeric","machine_checked","needs_expert_review"
"bebsu-m2-original","bebsu-6405675a07abf97a","math","kma.m2.addition","7.875","0","","M2","numeric","machine_checked","needs_expert_review"
"bebsu-m2-original","bebsu-09f68b89e791ac32","math","kma.m2.addition","7.9","0","","M2","numeric","machine_checked","needs_expert_review"
"bebsu-m2-original","bebsu-8aac63d3ab5e7680","math","kma.m2.addition","7.7","0","","M2","numeric","machine_checked","needs_expert_review"
"bebsu-m2-original","bebsu-fe7a80b924ec9e69","math","kma.m2.addition","7.925","0","","M2","numeric","machine_checked","needs_expert_review"
"bebsu-m2-original","bebsu-5b2f8eaf9e0fb09d","math","kma.m2.addition","7.95","0","","M2","numeric","machine_checked","needs_expert_review"
"bebsu-m2-original","bebsu-5c20e674253986af","math","kma.m2.addition","7.975","0","","M2","numeric","machine_checked","needs_expert_review"
"bebsu-m2-original","bebsu-199fe6f2400b5555","math","kma.m2.subtraction","8","0","","M2","numeric","machine_checked","needs_expert_review"
"bebsu-m2-original","bebsu-1283c82578c42fc5","math","kma.m2.subtraction","8.025","0","","M2","numeric","machine_checked","needs_expert_review"
"bebsu-m2-original","bebsu-a2b6295a6f51cbc4","math","kma.m2.addition","8.05","0","","M2","numeric","machine_checked","needs_expert_review"
"bebsu-m2-original","bebsu-3d0c5f3f337cd7a7","math","kma.m2.subtraction","8.075","0","","M2","numeric","machine_checked","needs_expert_review"
"bebsu-m2-original","bebsu-1ba92c4fb08ce50d","math","kma.m2.addition","8.1","0","","M2","numeric","machine_checked","needs_expert_review"
"bebsu-m2-original","bebsu-3b10c281b00f4f55","math","kma.m2.addition","8.125","0","","M2","numeric","machine_checked","needs_expert_review"
"bebsu-m2-original","bebsu-26fffe1c124cfcb8","math","kma.m2.addition","8.15","0","","M2","numeric","machine_checked","needs_expert_review"
"bebsu-m2-original","bebsu-9858df9b6a9665fa","math","kma.m2.addition","7.725","0","","M2","numeric","machine_checked","needs_expert_review"
"bebsu-m2-original","bebsu-7497cd8081e8c194","math","kma.m2.addition","8.175","0","","M2","numeric","machine_checked","needs_expert_review"
"bebsu-m2-original","bebsu-d63c4c4c5d40b96a","math","kma.m2.addition","8.2","0","","M2","numeric","machine_checked","needs_expert_review"
"bebsu-m2-original","bebsu-aa59cb2d1e1cdd00","math","kma.m2.addition","8.225","0","","M2","numeric","machine_checked","needs_expert_review"
"bebsu-m2-original","bebsu-c9f17f4aec165c34","math","kma.m2.addition","8.25","0","","M2","numeric","machine_checked","needs_expert_review"
"bebsu-m2-original","bebsu-95a08a7ddaac0815","math","kma.m2.addition","8.275","0","","M2","numeric","machine_checked","needs_expert_review"
"bebsu-m2-original","bebsu-82bcfc9e1db7697b","math","kma.m2.addition","8.3","0","","M2","numeric","machine_checked","needs_expert_review"
"bebsu-m2-original","bebsu-822d72558c316b0b","math","kma.m2.subtraction","8.3","0","","M2","numeric","machine_checked","needs_expert_review"
"bebsu-m2-original","bebsu-4586704a2f91453c","math","kma.m2.addition","8.3","0","","M2","numeric","machine_checked","needs_expert_review"
"bebsu-m2-original","bebsu-0d5e8fffcd38ef7d","math","kma.m2.addition","8.3","0","","M2","numeric","machine_checked","needs_expert_review"
"bebsu-m2-original","bebsu-959ffb9cae11b559","math","kma.m2.addition","8.3","0","","M2","numeric","machine_checked","needs_expert_review"
"bebsu-m2-original","bebsu-9374ddce76388720","math","kma.m2.addition","7.75","0","","M2","numeric","machine_checked","needs_expert_review"
"bebsu-m2-original","bebsu-3ba2de9bd42bbb03","math","kma.m2.addition","8.3","0","","M2","numeric","machine_checked","needs_expert_review"
"bebsu-m2-original","bebsu-9552ec36fb7e1d51","math","kma.m2.addition","7.775","0","","M2","numeric","machine_checked","needs_expert_review"
"bebsu-m2-original","bebsu-cd570d00c3518243","math","kma.m2.addition","7.8","0","","M2","numeric","machine_checked","needs_expert_review"
"bebsu-m2-original","bebsu-fda3752dccdbac21","math","kma.m2.addition","7.825","0","","M2","numeric","machine_checked","needs_expert_review"
"bebsu-m2-original","bebsu-093a659b1538d847","math","kma.m2.addition","7.85","0","","M2","numeric","machine_checked","needs_expert_review"
"bebsu-m2-original","bebsu-5bff84202857fde8","math","kma.m2.addition","7.875","0","","M2","numeric","machine_checked","needs_expert_review"
"bebsu-m2-original","bebsu-33d5a132dcfd9eed","math","kma.m2.addition","7.9","0","","M2","numeric","machine_checked","needs_expert_review"
"bebsu-m2-original","bebsu-5453be302f785abf","math","kma.m2.addition","7.7","0","","M2","numeric","machine_checked","needs_expert_review"
"bebsu-m2-original","bebsu-1f02d88a752280b4","math","kma.m2.addition","7.925","0","","M2","numeric","machine_checked","needs_expert_review"
"bebsu-m2-original","bebsu-97b5afef2847acbf","math","kma.m2.addition","7.95","0","","M2","numeric","machine_checked","needs_expert_review"
"bebsu-m2-original","bebsu-0c09bd31e0bd8fdb","math","kma.m2.addition","7.975","0","","M2","numeric","machine_checked","needs_expert_review"
"bebsu-m2-original","bebsu-e302ce6114ffd439","math","kma.m2.addition","8","0","","M2","numeric","machine_checked","needs_expert_review"
"bebsu-m2-original","bebsu-8e7a1eb9c42fa501","math","kma.m2.addition","8.025","0","","M2","numeric","machine_checked","needs_expert_review"
"bebsu-m2-original","bebsu-6766ced46fb58092","math","kma.m2.addition","8.05","0","","M2","numeric","machine_checked","needs_expert_review"
"bebsu-m2-original","bebsu-af41d641e0b6d1fc","math","kma.m2.addition","8.075","0","","M2","numeric","machine_checked","needs_expert_review"
"bebsu-m2-original","bebsu-798e3681a2d59029","math","kma.m2.subtraction","8.1","0","","M2","numeric","machine_checked","needs_expert_review"
"bebsu-m2-original","bebsu-4035830e91d906e3","math","kma.m2.addition","8.125","0","","M2","numeric","machine_checked","needs_expert_review"
"bebsu-m2-original","bebsu-2e45897f19965ecb","math","kma.m2.addition","8.15","0","","M2","numeric","machine_checked","needs_expert_review"
"bebsu-m2-original","bebsu-5a19fd9f6d8293b3","math","kma.m2.addition","7.725","0.2","","M2","choice","machine_checked","needs_expert_review"
"bebsu-m2-original","bebsu-a7e621acdb0c16cd","math","kma.m2.addition","8.175","0","","M2","numeric","machine_checked","needs_expert_review"
"bebsu-m2-original","bebsu-b9fb0356f7184180","math","kma.m2.addition","8.2","0","","M2","numeric","machine_checked","needs_expert_review"
"bebsu-m2-original","bebsu-b03a473498fa6c9f","math","kma.m2.addition","8.225","0","","M2","numeric","machine_checked","needs_expert_review"
"bebsu-m2-original","bebsu-46894747421c17c8","math","kma.m2.addition","8.25","0","","M2","numeric","machine_checked","needs_expert_review"
"bebsu-m2-original","bebsu-badaaccd4f34c11b","math","kma.m2.addition","8.275","0","","M2","numeric","machine_checked","needs_expert_review"
"bebsu-m2-original","bebsu-dddc44988cea8d0a","math","kma.m2.addition","8.3","0","","M2","numeric","machine_checked","needs_expert_review"
"bebsu-m2-original","bebsu-ddcb4c32cee7831f","math","kma.m2.unclassified","8.3","0","","M2","numeric","machine_checked","needs_expert_review"
"bebsu-m2-original","bebsu-7733193661f2729e","math","kma.m2.addition","8.3","0","","M2","numeric","machine_checked","needs_expert_review"
"bebsu-m2-original","bebsu-854e584ca044decd","math","kma.m2.addition","8.3","0","","M2","numeric","machine_checked","needs_expert_review"
"bebsu-m2-original","bebsu-5959a2b6b695619e","math","kma.m2.addition","8.3","0","","M2","numeric","machine_checked","needs_expert_review"
"bebsu-m2-original","bebsu-90a13aa5b8962b72","math","kma.m2.addition","7.75","0","","M2","numeric","machine_checked","needs_expert_review"
"bebsu-m2-original","bebsu-109bb9a28b2300e6","math","kma.m2.addition","8.3","0","","M2","numeric","machine_checked","needs_expert_review"
"bebsu-m2-original","bebsu-c9f7ca1a1e85bd47","math","kma.m2.addition","7.775","0","","M2","numeric","machine_checked","needs_expert_review"
"bebsu-m2-original","bebsu-39b1ac84e5f8b001","math","kma.m2.subtraction","7.8","0","","M2","numeric","machine_checked","needs_expert_review"
"bebsu-m2-original","bebsu-8b28ee34c6d655db","math","kma.m2.addition","7.825","0","","M2","numeric","machine_checked","needs_expert_review"
"bebsu-m2-original","bebsu-f26f1e35ce8528ed","math","kma.m2.addition","7.85","0","","M2","numeric","machine_checked","needs_expert_review"
"bebsu-m2-original","bebsu-62cf914e44d30d8e","math","kma.m2.addition","7.875","0","","M2","numeric","machine_checked","needs_expert_review"
"bebsu-m2-original","bebsu-5209c94680ad0225","math","kma.m2.addition","7.9","0","","M2","numeric","machine_checked","needs_expert_review"
"bebsu-m2-original","bebsu-6b8320ff86ed1f85","math","kma.m2.addition","7.7","0","","M2","numeric","machine_checked","needs_expert_review"
"bebsu-m2-original","bebsu-8407c58599504c15","math","kma.m2.addition","7.925","0","","M2","numeric","machine_checked","needs_expert_review"
"bebsu-m2-original","bebsu-7f05e95d3bb8971d","math","kma.m2.addition","7.95","0","","M2","numeric","machine_checked","needs_expert_review"
"bebsu-m2-original","bebsu-9e1075d97f91351f","math","kma.m2.addition","7.975","0","","M2","numeric","machine_checked","needs_expert_review"
"bebsu-m2-original","bebsu-313d42edb39fa8aa","math","kma.m2.addition","8","0","","M2","numeric","machine_checked","needs_expert_review"
"bebsu-m2-original","bebsu-309d00e30f892488","math","kma.m2.addition","8.025","0","","M2","numeric","machine_checked","needs_expert_review"
"bebsu-m2-original","bebsu-4723a97cfbec1b65","math","kma.m2.addition","8.05","0","","M2","numeric","machine_checked","needs_expert_review"
"bebsu-m2-original","bebsu-c7df1fcb3661f444","math","kma.m2.addition","8.075","0","","M2","numeric","machine_checked","needs_expert_review"
"bebsu-m2-original","bebsu-dea4a00ad15e3257","math","kma.m2.subtraction","8.1","0","","M2","numeric","machine_checked","needs_expert_review"
"bebsu-m2-original","bebsu-c60baca39b9e081a","math","kma.m2.addition","8.125","0","","M2","numeric","machine_checked","needs_expert_review"
"bebsu-m2-original","bebsu-e3b8c7eb68aff648","math","kma.m2.addition","8.15","0","","M2","numeric","machine_checked","needs_expert_review"
"bebsu-m2-original","bebsu-c4a81dfbf39574ff","math","kma.m2.addition","7.725","0","","M2","numeric","machine_checked","needs_expert_review"
"bebsu-m2-original","bebsu-5ea2f3e4fcf7f681","math","kma.m2.addition","8.175","0","","M2","numeric","machine_checked","needs_expert_review"
"bebsu-m2-original","bebsu-cab87a64f92c04a0","math","kma.m2.addition","8.2","0","","M2","numeric","machine_checked","needs_expert_review"
"bebsu-m2-original","bebsu-3a23d150b8fcd262","math","kma.m2.subtraction","8.225","0","","M2","numeric","machine_checked","needs_expert_review"
"bebsu-m2-original","bebsu-9f68f2cf630fe737","math","kma.m2.addition","8.25","0","","M2","numeric","machine_checked","needs_expert_review"
"bebsu-m2-original","bebsu-ed31c3f6a1332325","math","kma.m2.addition","8.275","0","","M2","numeric","machine_checked","needs_expert_review"
"bebsu-m2-original","bebsu-bfe32741303865d9","math","kma.m2.geometry","8.3","0","","M2","numeric","machine_checked","needs_expert_review"
"bebsu-m2-original","bebsu-51a49065fa1495f6","math","kma.m2.addition","8.3","0","","M2","numeric","machine_checked","needs_expert_review"
"bebsu-m2-original","bebsu-9658f68709124664","math","kma.m2.geometry","8.3","0","","M2","numeric","machine_checked","needs_expert_review"
"bebsu-m2-original","bebsu-ef0a9b073b169e75","math","kma.m2.addition","8.3","0","","M2","numeric","machine_checked","needs_expert_review"
"bebsu-m2-original","bebsu-dbc4f2a72117644a","math","kma.m2.addition","8.3","0","","M2","numeric","machine_checked","needs_expert_review"
"bebsu-m2-original","bebsu-37c5b542cb39c3d7","math","kma.m2.subtraction","7.75","0","","M2","numeric","machine_checked","needs_expert_review"
"bebsu-m2-original","bebsu-5be535f87f252591","math","kma.m2.addition","8.3","0","","M2","numeric","machine_checked","needs_expert_review"
"bebsu-m2-original","bebsu-8ef8451583665545","math","kma.m2.addition","7.775","0","","M2","numeric","machine_checked","needs_expert_review"
"bebsu-m2-original","bebsu-7a225f47c413d49e","math","kma.m2.addition","7.8","0","","M2","numeric","machine_checked","needs_expert_review"
"bebsu-m2-original","bebsu-4c93da5c609b1365","math","kma.m2.addition","7.825","0","","M2","numeric","machine_checked","needs_expert_review"
"bebsu-m2-original","bebsu-0b66474f8d4cdecb","math","kma.m2.addition","7.85","0","","M2","numeric","machine_checked","needs_expert_review"
"bebsu-m2-original","bebsu-11f840cfe880b5c6","math","kma.m2.addition","7.875","0","","M2","numeric","machine_checked","needs_expert_review"
"bebsu-m2-original","bebsu-7de074b774a8955b","math","kma.m2.addition","7.9","0","","M2","numeric","machine_checked","needs_expert_review"
"bebsu-m2-original","bebsu-00daf7496900b613","math","kma.m2.addition","7.7","0","","M2","numeric","machine_checked","needs_expert_review"
"bebsu-m2-original","bebsu-c270fa569bb58596","math","kma.m2.addition","7.925","0","","M2","numeric","machine_checked","needs_expert_review"
"bebsu-m2-original","bebsu-28747cfc60ddce9b","math","kma.m2.addition","7.95","0","","M2","numeric","machine_checked","needs_expert_review"
"bebsu-m2-original","bebsu-049536f5931c9fa2","math","kma.m2.addition","7.975","0","","M2","numeric","machine_checked","needs_expert_review"
"bebsu-m2-original","bebsu-49451f60fdcea640","math","kma.m2.addition","8","0","","M2","numeric","machine_checked","needs_expert_review"
"bebsu-m2-original","bebsu-0c59811bc916e992","math","kma.m2.addition","8.025","0","","M2","numeric","machine_checked","needs_expert_review"
"bebsu-m2-original","bebsu-0078f6e64ba921ef","math","kma.m2.addition","8.05","0","","M2","numeric","machine_checked","needs_expert_review"
"bebsu-m2-original","bebsu-8765a67bcfa98f76","math","kma.m2.addition","8.075","0","","M2","numeric","machine_checked","needs_expert_review"
"bebsu-m2-original","bebsu-237e7778f950da1f","math","kma.m2.addition","8.1","0","","M2","numeric","machine_checked","needs_expert_review"
"bebsu-m2-original","bebsu-51621224e7e5b86b","math","kma.m2.addition","8.125","0","","M2","numeric","machine_checked","needs_expert_review"
"bebsu-m2-original","bebsu-7851055789cdc315","math","kma.m2.addition","8.15","0","","M2","numeric","machine_checked","needs_expert_review"
"bebsu-m2-original","bebsu-f4d1cd85f6ad50a9","math","kma.m2.addition","7.725","0","","M2","numeric","machine_checked","needs_expert_review"
"bebsu-m2-original","bebsu-3a896ac7853bbde6","math","kma.m2.addition","8.175","0","","M2","numeric","machine_checked","needs_expert_review"
"bebsu-m2-original","bebsu-7d660f437df655a2","math","kma.m2.addition","8.2","0","","M2","numeric","machine_checked","needs_expert_review"
"bebsu-m2-original","bebsu-08231603a6af128a","math","kma.m2.addition","8.225","0","","M2","numeric","machine_checked","needs_expert_review"
"bebsu-m2-original","bebsu-b8921ca0e4c80761","math","kma.m2.addition","8.25","0","","M2","numeric","machine_checked","needs_expert_review"
"bebsu-m2-original","bebsu-733e8907b362d08d","math","kma.m2.addition","8.275","0","","M2","numeric","machine_checked","needs_expert_review"
"bebsu-m2-original","bebsu-69fd8bb2296f1069","math","kma.m2.addition","8.3","0","","M2","numeric","machine_checked","needs_expert_review"
"bebsu-m2-original","bebsu-40f7c54fa4eb6109","math","kma.m2.addition","8.3","0","","M2","numeric","machine_checked","needs_expert_review"
"bebsu-m2-original","bebsu-d114defecf6ad22e","math","kma.m2.addition","8.3","0","","M2","numeric","machine_checked","needs_expert_review"
"bebsu-m2-original","bebsu-341e9af9e713466c","math","kma.m2.addition","8.3","0","","M2","numeric","machine_checked","needs_expert_review"
"bebsu-m2-original","bebsu-75cb0cd4a5a9b5c8","math","kma.m2.addition","8.3","0","","M2","numeric","machine_checked","needs_expert_review"
"bebsu-m2-original","bebsu-59392878d87a7ebc","math","kma.m2.addition","7.75","0","","M2","numeric","machine_checked","needs_expert_review"
"bebsu-m2-original","bebsu-8b7c74b6562de2aa","math","kma.m2.addition","8.3","0","","M2","numeric","machine_checked","needs_expert_review"
"bebsu-m2-original","bebsu-76837e50e356de64","math","kma.m2.addition","7.775","0","","M2","numeric","machine_checked","needs_expert_review"
"bebsu-m2-original","bebsu-272f3def8fdfd58f","math","kma.m2.addition","7.8","0","","M2","numeric","machine_checked","needs_expert_review"
"bebsu-m2-original","bebsu-6fe32c5e2df9674c","math","kma.m2.addition","7.825","0","","M2","numeric","machine_checked","needs_expert_review"
"bebsu-m2-original","bebsu-b779c9e2f7d71868","math","kma.m2.addition","7.85","0","","M2","numeric","machine_checked","needs_expert_review"
"bebsu-m2-original","bebsu-fa82303a1f9b99c6","math","kma.m2.subtraction","7.875","0","","M2","numeric","machine_checked","needs_expert_review"
"bebsu-m2-original","bebsu-13e7ea6f636e8a55","math","kma.m2.addition","7.9","0","","M2","numeric","machine_checked","needs_expert_review"
"bebsu-m2-original","bebsu-562f06212931f9d4","math","kma.m2.subtraction","7.7","0","","M2","numeric","machine_checked","needs_expert_review"
"bebsu-m2-original","bebsu-74515cc1cdd92b69","math","kma.m2.addition","7.925","0","","M2","numeric","machine_checked","needs_expert_review"
"bebsu-m2-original","bebsu-d3f0627c8b7f339f","math","kma.m2.geometry","7.95","0","","M2","numeric","machine_checked","needs_expert_review"
"bebsu-m2-original","bebsu-cfbd14b0a0dadcce","math","kma.m2.subtraction","7.975","0","","M2","numeric","machine_checked","needs_expert_review"
"bebsu-m2-original","bebsu-8056218ad6426ab6","math","kma.m2.addition","8","0","","M2","numeric","machine_checked","needs_expert_review"
"bebsu-m2-original","bebsu-74e233037c5760c2","math","kma.m2.addition","8.025","0","","M2","numeric","machine_checked","needs_expert_review"
"bebsu-m2-original","bebsu-d5601bbf891ea943","math","kma.m2.addition","8.05","0","","M2","numeric","machine_checked","needs_expert_review"
"bebsu-m2-original","bebsu-c553e2a35eafc068","math","kma.m2.addition","8.075","0","","M2","numeric","machine_checked","needs_expert_review"
"bebsu-m2-original","bebsu-1959c585edc08da0","math","kma.m2.addition","8.1","0","","M2","numeric","machine_checked","needs_expert_review"
"bebsu-m2-original","bebsu-033546d6deea4361","math","kma.m2.addition","8.125","0","","M2","numeric","machine_checked","needs_expert_review"
"bebsu-m2-original","bebsu-0608bab8e7869589","math","kma.m2.addition","8.15","0","","M2","numeric","machine_checked","needs_expert_review"
"bebsu-m2-original","bebsu-099340295c71f91c","math","kma.m2.addition","7.725","0","","M2","numeric","machine_checked","needs_expert_review"
"bebsu-m2-original","bebsu-8b6da00f1ac6b1fb","math","kma.m2.addition","8.175","0","","M2","numeric","machine_checked","needs_expert_review"
"bebsu-m2-original","bebsu-be35f8feb7017683","math","kma.m2.subtraction","8.2","0","","M2","numeric","machine_checked","needs_expert_review"
"bebsu-m2-original","bebsu-265bd638ac682bb8","math","kma.m2.subtraction","8.225","0","","M2","numeric","machine_checked","needs_expert_review"
"bebsu-m2-original","bebsu-07147b6f70c133b9","math","kma.m2.addition","8.25","0","","M2","numeric","machine_checked","needs_expert_review"
"bebsu-m2-original","bebsu-477b42f1dfe79e2b","math","kma.m2.addition","8.275","0","","M2","numeric","machine_checked","needs_expert_review"
"bebsu-m2-original","bebsu-46345a0be5fd7b8e","math","kma.m2.addition","8.3","0","","M2","numeric","machine_checked","needs_expert_review"
"bebsu-m2-original","bebsu-ae7adf20b75a4fde","math","kma.m2.addition","8.3","0","","M2","numeric","machine_checked","needs_expert_review"
"bebsu-m2-original","bebsu-0d9f69300137c379","math","kma.m2.addition","8.3","0","","M2","numeric","machine_checked","needs_expert_review"
"bebsu-m2-original","bebsu-632b30055947c0a3","math","kma.m2.addition","8.3","0","","M2","numeric","machine_checked","needs_expert_review"
"bebsu-m2-original","bebsu-89e2014f8125a69d","math","kma.m2.addition","8.3","0","","M2","numeric","machine_checked","needs_expert_review"
"bebsu-m2-original","bebsu-ea223b39fb195704","math","kma.m2.addition","7.75","0","","M2","numeric","machine_checked","needs_expert_review"
"bebsu-m2-original","bebsu-8f489ad046a870c3","math","kma.m2.addition","8.3","0","","M2","numeric","machine_checked","needs_expert_review"
"bebsu-m2-original","bebsu-225393e0858d97d7","math","kma.m2.addition","7.775","0","","M2","numeric","machine_checked","needs_expert_review"
"bebsu-m2-original","bebsu-2376a6e8b84d7968","math","kma.m2.addition","7.8","0","","M2","numeric","machine_checked","needs_expert_review"
"bebsu-m2-original","bebsu-cf717cb21e4066e2","math","kma.m2.subtraction","7.825","0","","M2","numeric","machine_checked","needs_expert_review"
"bebsu-m2-original","bebsu-3d74d6952fedb858","math","kma.m2.addition","7.85","0","","M2","numeric","machine_checked","needs_expert_review"
"bebsu-m2-original","bebsu-895f1199f54dc526","math","kma.m2.addition","7.875","0","","M2","numeric","machine_checked","needs_expert_review"
"bebsu-m2-original","bebsu-cd6be4f8f2c4210d","math","kma.m2.subtraction","7.9","0","","M2","numeric","machine_checked","needs_expert_review"
"bebsu-m3-original","bebsu-a3cc85712d7ad97d","math","kma.m3.addition","8.7","0","","M3","numeric","machine_checked","needs_expert_review"
"bebsu-m3-original","bebsu-f43b29942f3f9921","math","kma.m3.addition","8.925","0","","M3","numeric","machine_checked","needs_expert_review"
"bebsu-m3-original","bebsu-26b7c3a898316142","math","kma.m3.subtraction","8.95","0","","M3","numeric","machine_checked","needs_expert_review"
"bebsu-m3-original","bebsu-86f16d7e4e800590","math","kma.m3.addition","8.975","0","","M3","numeric","machine_checked","needs_expert_review"
"bebsu-m3-original","bebsu-ad0b7feaec5d0626","math","kma.m3.addition","9","0","","M3","numeric","machine_checked","needs_expert_review"
"bebsu-m3-original","bebsu-54cf9b256b1e6aa2","math","kma.m3.addition","9.025","0","","M3","numeric","machine_checked","needs_expert_review"
"bebsu-m3-original","bebsu-76e646e2bf1e2c54","math","kma.m3.addition","9.05","0","","M3","numeric","machine_checked","needs_expert_review"
"bebsu-m3-original","bebsu-da7fa878f76d3b7c","math","kma.m3.addition","9.075","0","","M3","numeric","machine_checked","needs_expert_review"
"bebsu-m3-original","bebsu-b3efe6a09b03c583","math","kma.m3.addition","9.1","0","","M3","numeric","machine_checked","needs_expert_review"
"bebsu-m3-original","bebsu-715d5c4289295c33","math","kma.m3.addition","9.125","0","","M3","numeric","machine_checked","needs_expert_review"
"bebsu-m3-original","bebsu-cda7caa834ff59c2","math","kma.m3.subtraction","9.15","0","","M3","numeric","machine_checked","needs_expert_review"
"bebsu-m3-original","bebsu-11f1bf782b9604d9","math","kma.m3.addition","8.725","0","","M3","numeric","machine_checked","needs_expert_review"
"bebsu-m3-original","bebsu-48d399bc6a688bd4","math","kma.m3.subtraction","9.175","0","","M3","numeric","machine_checked","needs_expert_review"
"bebsu-m3-original","bebsu-15adcd759799a24d","math","kma.m3.subtraction","9.2","0","","M3","numeric","machine_checked","needs_expert_review"
"bebsu-m3-original","bebsu-8f58e84a05f941c2","math","kma.m3.addition","9.225","0","","M3","numeric","machine_checked","needs_expert_review"
"bebsu-m3-original","bebsu-4ae063063f94a4a6","math","kma.m3.addition","9.25","0","","M3","numeric","machine_checked","needs_expert_review"
"bebsu-m3-original","bebsu-760d6173a0f2d5d1","math","kma.m3.addition","9.275","0","","M3","numeric","machine_checked","needs_expert_review"
"bebsu-m3-original","bebsu-1a4489a122b24d21","math","kma.m3.addition","9.3","0","","M3","numeric","machine_checked","needs_expert_review"
"bebsu-m3-original","bebsu-998565e5a051a61d","math","kma.m3.subtraction","9.3","0","","M3","numeric","machine_checked","needs_expert_review"
"bebsu-m3-original","bebsu-d460aa3c159b599d","math","kma.m3.addition","9.3","0","","M3","numeric","machine_checked","needs_expert_review"
"bebsu-m3-original","bebsu-c38639b696e789ef","math","kma.m3.addition","9.3","0","","M3","numeric","machine_checked","needs_expert_review"
"bebsu-m3-original","bebsu-ad930dfee5237431","math","kma.m3.addition","9.3","0","","M3","numeric","machine_checked","needs_expert_review"
"bebsu-m3-original","bebsu-790009dae59d058b","math","kma.m3.addition","8.75","0","","M3","numeric","machine_checked","needs_expert_review"
"bebsu-m3-original","bebsu-44816f7dce20d560","math","kma.m3.addition","9.3","0","","M3","numeric","machine_checked","needs_expert_review"
"bebsu-m3-original","bebsu-5af27fc1b71e817b","math","kma.m3.addition","8.775","0","","M3","numeric","machine_checked","needs_expert_review"
"bebsu-m3-original","bebsu-848d3cbe279f5f12","math","kma.m3.addition","8.8","0","","M3","numeric","machine_checked","needs_expert_review"
"bebsu-m3-original","bebsu-fd0e7f08c597c929","math","kma.m3.addition","8.825","0","","M3","numeric","machine_checked","needs_expert_review"
"bebsu-m3-original","bebsu-2f5ac38746e27df1","math","kma.m3.addition","8.85","0","","M3","numeric","machine_checked","needs_expert_review"
"bebsu-m3-original","bebsu-173ae3dc73ce5e9a","math","kma.m3.addition","8.875","0","","M3","numeric","machine_checked","needs_expert_review"
"bebsu-m3-original","bebsu-96c4f8b08c6448b7","math","kma.m3.addition","8.9","0","","M3","numeric","machine_checked","needs_expert_review"
"bebsu-m3-original","bebsu-94f818be25d97f6a","math","kma.m3.addition","8.7","0","","M3","numeric","machine_checked","needs_expert_review"
"bebsu-m3-original","bebsu-623f1ec2266f8049","math","kma.m3.addition","8.925","0","","M3","numeric","machine_checked","needs_expert_review"
"bebsu-m3-original","bebsu-870424f35dfd3d3e","math","kma.m3.addition","8.95","0","","M3","numeric","machine_checked","needs_expert_review"
"bebsu-m3-original","bebsu-9bde600d4f423ff8","math","kma.m3.addition","8.975","0","","M3","numeric","machine_checked","needs_expert_review"
"bebsu-m3-original","bebsu-15794bc1b449fda3","math","kma.m3.addition","9","0","","M3","numeric","machine_checked","needs_expert_review"
"bebsu-m3-original","bebsu-3b7d79352c6f4ac1","math","kma.m3.addition","9.025","0","","M3","numeric","machine_checked","needs_expert_review"
"bebsu-m3-original","bebsu-7109c5e7a6d82778","math","kma.m3.subtraction","9.05","0","","M3","numeric","machine_checked","needs_expert_review"
"bebsu-m3-original","bebsu-aabe6d9010fb4722","math","kma.m3.addition","9.075","0","","M3","numeric","machine_checked","needs_expert_review"
"bebsu-m3-original","bebsu-3b523c041434c510","math","kma.m3.addition","9.1","0","","M3","numeric","machine_checked","needs_expert_review"
"bebsu-m3-original","bebsu-3c5909b37b675e6c","math","kma.m3.addition","9.125","0","","M3","numeric","machine_checked","needs_expert_review"
"bebsu-m3-original","bebsu-686dc8bf77c21a7b","math","kma.m3.subtraction","9.15","0","","M3","numeric","machine_checked","needs_expert_review"
"bebsu-m3-original","bebsu-de95f7cedb867bbd","math","kma.m3.subtraction","8.725","0","","M3","numeric","machine_checked","needs_expert_review"
"bebsu-m3-original","bebsu-09dc8e5afed453f9","math","kma.m3.addition","9.175","0","","M3","numeric","machine_checked","needs_expert_review"
"bebsu-m3-original","bebsu-a2d9840443b86111","math","kma.m3.subtraction","9.2","0","","M3","numeric","machine_checked","needs_expert_review"
"bebsu-m3-original","bebsu-b93dd4ac9a341e78","math","kma.m3.addition","9.225","0","","M3","numeric","machine_checked","needs_expert_review"
"bebsu-m3-original","bebsu-98913bd16cefab7d","math","kma.m3.addition","9.25","0","","M3","numeric","machine_checked","needs_expert_review"
"bebsu-m3-original","bebsu-ec36067c91dadd3f","math","kma.m3.addition","9.275","0","","M3","numeric","machine_checked","needs_expert_review"
"bebsu-m3-original","bebsu-eb74d4cad5fea40d","math","kma.m3.addition","9.3","0","","M3","numeric","machine_checked","needs_expert_review"
"bebsu-m3-original","bebsu-12661bf2877a2eb3","math","kma.m3.subtraction","9.3","0","","M3","numeric","machine_checked","needs_expert_review"
"bebsu-m3-original","bebsu-04a8fca092e57ae3","math","kma.m3.addition","9.3","0","","M3","numeric","machine_checked","needs_expert_review"
"bebsu-m3-original","bebsu-e320fb33ee1e9753","math","kma.m3.addition","9.3","0","","M3","numeric","machine_checked","needs_expert_review"
"bebsu-m3-original","bebsu-be266b71704ab499","math","kma.m3.addition","9.3","0","","M3","numeric","machine_checked","needs_expert_review"
"bebsu-m3-original","bebsu-646a5b7689398829","math","kma.m3.addition","8.75","0","","M3","numeric","machine_checked","needs_expert_review"
"bebsu-m3-original","bebsu-9f97bc0ff5491d16","math","kma.m3.addition","9.3","0","","M3","numeric","machine_checked","needs_expert_review"
"bebsu-m3-original","bebsu-ea215391a0b91627","math","kma.m3.addition","8.775","0","","M3","numeric","machine_checked","needs_expert_review"
"bebsu-m3-original","bebsu-b8a7eb33658baea8","math","kma.m3.addition","8.8","0","","M3","numeric","machine_checked","needs_expert_review"
"bebsu-m3-original","bebsu-5282ecbafcfaa147","math","kma.m3.subtraction","8.825","0","","M3","numeric","machine_checked","needs_expert_review"
"bebsu-m3-original","bebsu-6aee4a3d9f992faa","math","kma.m3.addition","8.85","0","","M3","numeric","machine_checked","needs_expert_review"
"bebsu-m3-original","bebsu-72666eb6494864c9","math","kma.m3.addition","8.875","0","","M3","numeric","machine_checked","needs_expert_review"
"bebsu-m3-original","bebsu-5ef7d6126883893c","math","kma.m3.addition","8.9","0","","M3","numeric","machine_checked","needs_expert_review"
"bebsu-m3-original","bebsu-7f57f800c7966081","math","kma.m3.addition","8.7","0","","M3","numeric","machine_checked","needs_expert_review"
"bebsu-m3-original","bebsu-8924b4c2f8cc070b","math","kma.m3.addition","8.925","0","","M3","numeric","machine_checked","needs_expert_review"
"bebsu-m3-original","bebsu-2d88c01544eae3e0","math","kma.m3.addition","8.95","0","","M3","numeric","machine_checked","needs_expert_review"
"bebsu-m3-original","bebsu-b0889da2e2c99934","math","kma.m3.addition","8.975","0","","M3","numeric","machine_checked","needs_expert_review"
"bebsu-m3-original","bebsu-a8b083206b169fdb","math","kma.m3.unclassified","9","0","","M3","numeric","machine_checked","needs_expert_review"
"bebsu-m3-original","bebsu-c33349858c2d9352","math","kma.m3.addition","9.025","0","","M3","numeric","machine_checked","needs_expert_review"
"bebsu-m3-original","bebsu-7ac90f0fa419ec1a","math","kma.m3.addition","9.05","0","","M3","numeric","machine_checked","needs_expert_review"
"bebsu-m3-original","bebsu-6b463595f89bc13e","math","kma.m3.addition","9.075","0","","M3","numeric","machine_checked","needs_expert_review"
"bebsu-m3-original","bebsu-999e77bca0cb9c98","math","kma.m3.addition","9.1","0","","M3","numeric","machine_checked","needs_expert_review"
"bebsu-m3-original","bebsu-a3ac63e49d460b7e","math","kma.m3.addition","9.125","0","","M3","numeric","machine_checked","needs_expert_review"
"bebsu-m3-original","bebsu-6f64e9ccd1d99153","math","kma.m3.addition","9.15","0","","M3","numeric","machine_checked","needs_expert_review"
"bebsu-m3-original","bebsu-0d9a9d511f929169","math","kma.m3.addition","8.725","0","","M3","numeric","machine_checked","needs_expert_review"
"bebsu-m3-original","bebsu-ed163e871c04cf77","math","kma.m3.addition","9.175","0","","M3","numeric","machine_checked","needs_expert_review"
"bebsu-m3-original","bebsu-411835cdc257d0d7","math","kma.m3.addition","9.2","0","","M3","numeric","machine_checked","needs_expert_review"
"bebsu-m3-original","bebsu-6904bb687aaa7d33","math","kma.m3.addition","9.225","0","","M3","numeric","machine_checked","needs_expert_review"
"bebsu-m3-original","bebsu-61dd173d1f2ad65b","math","kma.m3.addition","9.25","0","","M3","numeric","machine_checked","needs_expert_review"
"bebsu-m3-original","bebsu-1dbdee4815a8d6ab","math","kma.m3.addition","9.275","0","","M3","numeric","machine_checked","needs_expert_review"
"bebsu-m3-original","bebsu-2344662f0b253b47","math","kma.m3.addition","9.3","0","","M3","numeric","machine_checked","needs_expert_review"
"bebsu-m3-original","bebsu-94c6fcfda97ba4b9","math","kma.m3.addition","9.3","0","","M3","numeric","machine_checked","needs_expert_review"
"bebsu-m3-original","bebsu-6f85891d4a7f9d30","math","kma.m3.addition","9.3","0","","M3","numeric","machine_checked","needs_expert_review"
"bebsu-m3-original","bebsu-8ef90d1ce99960c4","math","kma.m3.unclassified","9.3","0","","M3","numeric","machine_checked","needs_expert_review"
"bebsu-m3-original","bebsu-5b28453ef54df173","math","kma.m3.addition","9.3","0","","M3","numeric","machine_checked","needs_expert_review"
"bebsu-m3-original","bebsu-eee3b86d78a45b7d","math","kma.m3.subtraction","8.75","0","","M3","numeric","machine_checked","needs_expert_review"
"bebsu-m3-original","bebsu-e883e4c14959ddaa","math","kma.m3.addition","9.3","0","","M3","numeric","machine_checked","needs_expert_review"
"bebsu-m3-original","bebsu-bdfe984008e9f8db","math","kma.m3.addition","8.775","0","","M3","numeric","machine_checked","needs_expert_review"
"bebsu-m3-original","bebsu-b62bcca226e04684","math","kma.m3.addition","8.8","0","","M3","numeric","machine_checked","needs_expert_review"
"bebsu-m3-original","bebsu-103c27d38c628acd","math","kma.m3.addition","8.825","0","","M3","numeric","machine_checked","needs_expert_review"
"bebsu-m3-original","bebsu-5968bbd0b2d29deb","math","kma.m3.addition","8.85","0","","M3","numeric","machine_checked","needs_expert_review"
"bebsu-m3-original","bebsu-399dc55300d8c3f4","math","kma.m3.addition","8.875","0","","M3","numeric","machine_checked","needs_expert_review"
"bebsu-m3-original","bebsu-0ce109818cea8739","math","kma.m3.addition","8.9","0","","M3","numeric","machine_checked","needs_expert_review"
"bebsu-m3-original","bebsu-3909b61245a46e49","math","kma.m3.addition","8.7","0","","M3","numeric","machine_checked","needs_expert_review"
"bebsu-m3-original","bebsu-59ed0ee7333b00d8","math","kma.m3.addition","8.925","0","","M3","numeric","machine_checked","needs_expert_review"
"bebsu-m3-original","bebsu-b8e2bf76a05c132e","math","kma.m3.addition","8.95","0","","M3","numeric","machine_checked","needs_expert_review"
"bebsu-m3-original","bebsu-0d7967622e5a6934","math","kma.m3.addition","8.975","0","","M3","numeric","machine_checked","needs_expert_review"
"bebsu-m3-original","bebsu-c30e74d3f54ea418","math","kma.m3.addition","9","0","","M3","numeric","machine_checked","needs_expert_review"
"bebsu-m3-original","bebsu-16cfa6033470d5a7","math","kma.m3.addition","9.025","0","","M3","numeric","machine_checked","needs_expert_review"
"bebsu-m3-original","bebsu-92a36ed32ea63dd8","math","kma.m3.addition","9.05","0","","M3","numeric","machine_checked","needs_expert_review"
"bebsu-m3-original","bebsu-e8cd99b68770546a","math","kma.m3.addition","9.075","0","","M3","numeric","machine_checked","needs_expert_review"
"bebsu-m3-original","bebsu-24196e1819da5e84","math","kma.m3.addition","9.1","0","","M3","numeric","machine_checked","needs_expert_review"
"bebsu-m3-original","bebsu-c52c80c45adbcc40","math","kma.m3.addition","9.125","0","","M3","numeric","machine_checked","needs_expert_review"
"bebsu-m3-original","bebsu-7a94bc30a588b62c","math","kma.m3.addition","9.15","0","","M3","numeric","machine_checked","needs_expert_review"
"bebsu-m3-original","bebsu-1ddf701023568b6f","math","kma.m3.addition","8.725","0","","M3","numeric","machine_checked","needs_expert_review"
"bebsu-m3-original","bebsu-972522fd74aaefdb","math","kma.m3.geometry","9.175","0","","M3","numeric","machine_checked","needs_expert_review"
"bebsu-m3-original","bebsu-120af2273cb81354","math","kma.m3.addition","9.2","0","","M3","numeric","machine_checked","needs_expert_review"
"bebsu-m3-original","bebsu-0c6fbb537301a4dd","math","kma.m3.addition","9.225","0","","M3","numeric","machine_checked","needs_expert_review"
"bebsu-m3-original","bebsu-b5ed9cb2074825cf","math","kma.m3.addition","9.25","0","","M3","numeric","machine_checked","needs_expert_review"
"bebsu-m3-original","bebsu-389a79404a14c238","math","kma.m3.addition","9.275","0","","M3","numeric","machine_checked","needs_expert_review"
"bebsu-m3-original","bebsu-ee50a620ed8dc4eb","math","kma.m3.addition","9.3","0","","M3","numeric","machine_checked","needs_expert_review"
"bebsu-m3-original","bebsu-7d182ecb75356a37","math","kma.m3.addition","9.3","0","","M3","numeric","machine_checked","needs_expert_review"
"bebsu-m3-original","bebsu-5fc94e5e863bafca","math","kma.m3.addition","9.3","0","","M3","numeric","machine_checked","needs_expert_review"
"bebsu-m3-original","bebsu-8e12349055228fab","math","kma.m3.addition","9.3","0","","M3","numeric","machine_checked","needs_expert_review"
"bebsu-m3-original","bebsu-548fcbfa2ab0bbd7","math","kma.m3.addition","9.3","0","","M3","numeric","machine_checked","needs_expert_review"
"bebsu-m3-original","bebsu-dd2a1a46aac2eb57","math","kma.m3.addition","8.75","0","","M3","numeric","machine_checked","needs_expert_review"
"bebsu-m3-original","bebsu-e36c446b9ed64e57","math","kma.m3.addition","9.3","0","","M3","numeric","machine_checked","needs_expert_review"
"bebsu-m3-original","bebsu-c9d2c594bcb06cd2","math","kma.m3.addition","8.775","0","","M3","numeric","machine_checked","needs_expert_review"
"bebsu-m3-original","bebsu-e66ac4641f2ed9af","math","kma.m3.addition","8.8","0","","M3","numeric","machine_checked","needs_expert_review"
"bebsu-m3-original","bebsu-75287a7089f60cfc","math","kma.m3.addition","8.825","0","","M3","numeric","machine_checked","needs_expert_review"
"bebsu-m3-original","bebsu-573874b33c8b2e8c","math","kma.m3.addition","8.85","0","","M3","numeric","machine_checked","needs_expert_review"
"bebsu-m3-original","bebsu-5469a8e6194b6fe4","math","kma.m3.addition","8.875","0","","M3","numeric","machine_checked","needs_expert_review"
"bebsu-m3-original","bebsu-133c749bf04157a3","math","kma.m3.addition","8.9","0","","M3","numeric","machine_checked","needs_expert_review"
"bebsu-m3-original","bebsu-f7181d4de74e419b","math","kma.m3.addition","8.7","0","","M3","numeric","machine_checked","needs_expert_review"
"bebsu-m3-original","bebsu-b36f0d1fa0ea1d45","math","kma.m3.addition","8.925","0","","M3","numeric","machine_checked","needs_expert_review"
"bebsu-m3-original","bebsu-2f65e3b57c4f374e","math","kma.m3.subtraction","8.95","0","","M3","numeric","machine_checked","needs_expert_review"
"bebsu-m3-original","bebsu-b8cead9d293291a6","math","kma.m3.addition","8.975","0","","M3","numeric","machine_checked","needs_expert_review"
"bebsu-m3-original","bebsu-32f9b1f6082b1d01","math","kma.m3.subtraction","9","0","","M3","numeric","machine_checked","needs_expert_review"
"bebsu-m3-original","bebsu-50dc4cb4507bacf9","math","kma.m3.addition","9.025","0","","M3","numeric","machine_checked","needs_expert_review"
"bebsu-m3-original","bebsu-581536ac6128859a","math","kma.m3.addition","9.05","0","","M3","numeric","machine_checked","needs_expert_review"
"bebsu-m3-original","bebsu-96e8473c69259ddf","math","kma.m3.addition","9.075","0","","M3","numeric","machine_checked","needs_expert_review"
"bebsu-m3-original","bebsu-56b77dc6c6c5770d","math","kma.m3.addition","9.1","0","","M3","numeric","machine_checked","needs_expert_review"
"bebsu-m3-original","bebsu-85eefc8bddf6cfc3","math","kma.m3.subtraction","9.125","0","","M3","numeric","machine_checked","needs_expert_review"
"bebsu-m3-original","bebsu-c0cc0da387f6966a","math","kma.m3.addition","9.15","0","","M3","numeric","machine_checked","needs_expert_review"
"bebsu-m3-original","bebsu-9baba2d7ee571193","math","kma.m3.subtraction","8.725","0","","M3","numeric","machine_checked","needs_expert_review"
"bebsu-m3-original","bebsu-77b12c5e5083856e","math","kma.m3.addition","9.175","0","","M3","numeric","machine_checked","needs_expert_review"
"bebsu-m3-original","bebsu-2f4a45c8c03c3821","math","kma.m3.addition","9.2","0","","M3","numeric","machine_checked","needs_expert_review"
"bebsu-m3-original","bebsu-7d8796557cf14598","math","kma.m3.addition","9.225","0","","M3","numeric","machine_checked","needs_expert_review"
"bebsu-m3-original","bebsu-473b3b354a95c19f","math","kma.m3.addition","9.25","0","","M3","numeric","machine_checked","needs_expert_review"
"bebsu-m3-original","bebsu-45ec936c7a2b6dd4","math","kma.m3.addition","9.275","0","","M3","numeric","machine_checked","needs_expert_review"
"bebsu-m3-original","bebsu-9050bff16ca08c7d","math","kma.m3.addition","9.3","0","","M3","numeric","machine_checked","needs_expert_review"
"bebsu-m3-original","bebsu-bad14a6bd13a9bc3","math","kma.m3.addition","9.3","0","","M3","numeric","machine_checked","needs_expert_review"
"bebsu-m3-original","bebsu-9a113bf9f6fa62fb","math","kma.m3.addition","9.3","0","","M3","numeric","machine_checked","needs_expert_review"
"bebsu-m3-original","bebsu-a69f77adc970f0f6","math","kma.m3.subtraction","9.3","0","","M3","numeric","machine_checked","needs_expert_review"
"bebsu-m3-original","bebsu-f8919c80740369c4","math","kma.m3.subtraction","9.3","0","","M3","numeric","machine_checked","needs_expert_review"
"bebsu-m3-original","bebsu-9ac26a40de608401","math","kma.m3.addition","8.75","0","","M3","numeric","machine_checked","needs_expert_review"
"bebsu-m3-original","bebsu-c6b7ea3d33c0a89b","math","kma.m3.addition","9.3","0","","M3","numeric","machine_checked","needs_expert_review"
"bebsu-m3-original","bebsu-21e3c2a180a5019c","math","kma.m3.addition","8.775","0","","M3","numeric","machine_checked","needs_expert_review"
"bebsu-m3-original","bebsu-58f4cd274b8811e6","math","kma.m3.subtraction","8.8","0","","M3","numeric","machine_checked","needs_expert_review"
"bebsu-m3-original","bebsu-5f0d298442b075d9","math","kma.m3.subtraction","8.825","0","","M3","numeric","machine_checked","needs_expert_review"
"bebsu-m3-original","bebsu-834a1290ae229e56","math","kma.m3.subtraction","8.85","0","","M3","numeric","machine_checked","needs_expert_review"
"bebsu-m3-original","bebsu-31edaddb5e9ed6a0","math","kma.m3.addition","8.875","0","","M3","numeric","machine_checked","needs_expert_review"
"bebsu-m3-original","bebsu-7e9ac3434c88d9ef","math","kma.m3.addition","8.9","0","","M3","numeric","machine_checked","needs_expert_review"
"bebsu-m3-original","bebsu-8025662aa9beaf60","math","kma.m3.addition","8.7","0","","M3","numeric","machine_checked","needs_expert_review"
"bebsu-m3-original","bebsu-4de279dcd497f13b","math","kma.m3.geometry","8.925","0","","M3","numeric","machine_checked","needs_expert_review"
"bebsu-m3-original","bebsu-958adc8313589e33","math","kma.m3.addition","8.95","0","","M3","numeric","machine_checked","needs_expert_review"
"bebsu-m3-original","bebsu-10f40abf4f88a192","math","kma.m3.addition","8.975","0","","M3","numeric","machine_checked","needs_expert_review"
"bebsu-m3-original","bebsu-1ba8d7602e23034f","math","kma.m3.subtraction","9","0","","M3","numeric","machine_checked","needs_expert_review"
"bebsu-m3-original","bebsu-11a6b36234084bbf","math","kma.m3.addition","9.025","0","","M3","numeric","machine_checked","needs_expert_review"
"bebsu-m3-original","bebsu-13aff851997d4d7d","math","kma.m3.addition","9.05","0","","M3","numeric","machine_checked","needs_expert_review"
"bebsu-m3-original","bebsu-bd1885e132a0b729","math","kma.m3.subtraction","9.075","0","","M3","numeric","machine_checked","needs_expert_review"
"bebsu-m3-original","bebsu-4d58f5b2c57f2159","math","kma.m3.subtraction","9.1","0","","M3","numeric","machine_checked","needs_expert_review"
"bebsu-m3-original","bebsu-378bbb03d794c315","math","kma.m3.addition","9.125","0","","M3","numeric","machine_checked","needs_expert_review"
"bebsu-m3-original","bebsu-afd4a9bb980bd123","math","kma.m3.subtraction","9.15","0","","M3","numeric","machine_checked","needs_expert_review"
"bebsu-m3-original","bebsu-cc8b8c86aa8a4919","math","kma.m3.subtraction","8.725","0","","M3","numeric","machine_checked","needs_expert_review"
"bebsu-m3-original","bebsu-a81f251f23de6c24","math","kma.m3.subtraction","9.175","0","","M3","numeric","machine_checked","needs_expert_review"
"bebsu-m3-original","bebsu-1857a8c2f59873e8","math","kma.m3.addition","9.2","0","","M3","numeric","machine_checked","needs_expert_review"
"bebsu-m3-original","bebsu-d98067cf79e39d8b","math","kma.m3.addition","9.225","0","","M3","numeric","machine_checked","needs_expert_review"
"bebsu-m3-original","bebsu-23a1f4d0d76f2853","math","kma.m3.subtraction","9.25","0","","M3","numeric","machine_checked","needs_expert_review"
"bebsu-m3-original","bebsu-b56c44c60c68bcaa","math","kma.m3.addition","9.275","0","","M3","numeric","machine_checked","needs_expert_review"
"bebsu-m3-original","bebsu-4ff52b46517c19fb","math","kma.m3.addition","9.3","0","","M3","numeric","machine_checked","needs_expert_review"
"bebsu-m3-original","bebsu-bb71a9d1a963bbf9","math","kma.m3.subtraction","9.3","0","","M3","numeric","machine_checked","needs_expert_review"
"bebsu-m3-original","bebsu-274952e048c079da","math","kma.m3.addition","9.3","0","","M3","numeric","machine_checked","needs_expert_review"
"bebsu-m3-original","bebsu-43267bc435f5027c","math","kma.m3.addition","9.3","0","","M3","numeric","machine_checked","needs_expert_review"
"bebsu-m3-original","bebsu-e6b47699e9ec0ed5","math","kma.m3.addition","9.3","0","","M3","numeric","machine_checked","needs_expert_review"
"bebsu-m3-original","bebsu-841d786098938211","math","kma.m3.subtraction","8.75","0","","M3","numeric","machine_checked","needs_expert_review"
"bebsu-m3-original","bebsu-7b1c900a99c89d77","math","kma.m3.subtraction","9.3","0","","M3","numeric","machine_checked","needs_expert_review"
"bebsu-m3-original","bebsu-b87f1bee605e3797","math","kma.m3.subtraction","8.775","0","","M3","numeric","machine_checked","needs_expert_review"
"bebsu-m3-original","bebsu-afe284649a8417e7","math","kma.m3.subtraction","8.8","0","","M3","numeric","machine_checked","needs_expert_review"
"bebsu-m3-original","bebsu-1c463876125acfba","math","kma.m3.subtraction","8.825","0","","M3","numeric","machine_checked","needs_expert_review"
"bebsu-m3-original","bebsu-e6dd281e360c07c2","math","kma.m3.subtraction","8.85","0","","M3","numeric","machine_checked","needs_expert_review"
"bebsu-m3-original","bebsu-37ca40c614a75c41","math","kma.m3.addition","8.875","0","","M3","numeric","machine_checked","needs_expert_review"
"bebsu-m3-original","bebsu-c974fc0f33df7861","math","kma.m3.addition","8.9","0","","M3","numeric","machine_checked","needs_expert_review"
"bebsu-m3-original","bebsu-768d56e2c57baca3","math","kma.m3.addition","8.7","0","","M3","numeric","machine_checked","needs_expert_review"
"bebsu-m3-original","bebsu-666bba92ae6b2382","math","kma.m3.addition","8.925","0","","M3","numeric","machine_checked","needs_expert_review"
"bebsu-m3-original","bebsu-01d9521f6a18a85c","math","kma.m3.addition","8.95","0","","M3","numeric","machine_checked","needs_expert_review"
"bebsu-m3-original","bebsu-4a8210dc1771d9ee","math","kma.m3.addition","8.975","0","","M3","numeric","machine_checked","needs_expert_review"
"bebsu-m3-original","bebsu-dc501178cfbf9679","math","kma.m3.addition","9","0","","M3","numeric","machine_checked","needs_expert_review"
"bebsu-m3-original","bebsu-3fdbfdd025922010","math","kma.m3.addition","9.025","0","","M3","numeric","machine_checked","needs_expert_review"
"bebsu-m3-original","bebsu-c0a3176ea5bdb107","math","kma.m3.addition","9.05","0","","M3","numeric","machine_checked","needs_expert_review"
"bebsu-m3-original","bebsu-7cd7c9909b645c4e","math","kma.m3.addition","9.075","0","","M3","numeric","machine_checked","needs_expert_review"
"bebsu-m3-original","bebsu-610da863fb039375","math","kma.m3.addition","9.1","0","","M3","numeric","machine_checked","needs_expert_review"
"bebsu-m3-original","bebsu-b417d95b4eb2424e","math","kma.m3.addition","9.125","0","","M3","numeric","machine_checked","needs_expert_review"
"bebsu-m3-original","bebsu-37902385c2b01f68","math","kma.m3.addition","9.15","0","","M3","numeric","machine_checked","needs_expert_review"
"bebsu-m3-original","bebsu-4c629a8d40513dc8","math","kma.m3.addition","8.725","0","","M3","numeric","machine_checked","needs_expert_review"
"bebsu-m3-original","bebsu-17ac06b69e79c651","math","kma.m3.addition","9.175","0","","M3","numeric","machine_checked","needs_expert_review"
"bebsu-m3-original","bebsu-df1aac0b61536442","math","kma.m3.addition","9.2","0","","M3","numeric","machine_checked","needs_expert_review"
"bebsu-m3-original","bebsu-9baa7daa6c5d6583","math","kma.m3.addition","9.225","0","","M3","numeric","machine_checked","needs_expert_review"
"bebsu-m3-original","bebsu-6f208163383ba9c1","math","kma.m3.addition","9.25","0","","M3","numeric","machine_checked","needs_expert_review"
"bebsu-m3-original","bebsu-ef59815e10c4168c","math","kma.m3.addition","9.275","0","","M3","numeric","machine_checked","needs_expert_review"
"bebsu-m3-original","bebsu-87547024f80a34ec","math","kma.m3.addition","9.3","0","","M3","numeric","machine_checked","needs_expert_review"
"bebsu-m3-original","bebsu-64f0698eb35c7fda","math","kma.m3.addition","9.3","0","","M3","numeric","machine_checked","needs_expert_review"
"bebsu-m3-original","bebsu-c42e88894e1b0c12","math","kma.m3.addition","9.3","0","","M3","numeric","machine_checked","needs_expert_review"
"bebsu-m3-original","bebsu-20c797d8a723f4c1","math","kma.m3.addition","9.3","0","","M3","numeric","machine_checked","needs_expert_review"
"bebsu-m3-original","bebsu-3fb16d4dedef063a","math","kma.m3.addition","9.3","0","","M3","numeric","machine_checked","needs_expert_review"
"bebsu-m3-original","bebsu-3d5669756dd2f908","math","kma.m3.subtraction","8.75","0","","M3","numeric","machine_checked","needs_expert_review"
"bebsu-m3-original","bebsu-e6e9f0e627e97dc9","math","kma.m3.addition","9.3","0","","M3","numeric","machine_checked","needs_expert_review"
"bebsu-m3-original","bebsu-e5a434f15b08cc38","math","kma.m3.addition","8.775","0","","M3","numeric","machine_checked","needs_expert_review"
"bebsu-m3-original","bebsu-a619e1e799a15f45","math","kma.m3.addition","8.8","0","","M3","numeric","machine_checked","needs_expert_review"
"bebsu-m3-original","bebsu-60384cc049c67be9","math","kma.m3.addition","8.825","0","","M3","numeric","machine_checked","needs_expert_review"
"bebsu-m3-original","bebsu-a15003f470319afe","math","kma.m3.addition","8.85","0","","M3","numeric","machine_checked","needs_expert_review"
"bebsu-m3-original","bebsu-664d93b905c2f917","math","kma.m3.addition","8.875","0","","M3","numeric","machine_checked","needs_expert_review"
"bebsu-m3-original","bebsu-81575c18f10ad444","math","kma.m3.addition","8.9","0","","M3","numeric","machine_checked","needs_expert_review"
"bebsu-m3-original","bebsu-5ad37c68d85629b6","math","kma.m3.addition","8.7","0","","M3","numeric","machine_checked","needs_expert_review"
"bebsu-m3-original","bebsu-2af0e01c894dc31a","math","kma.m3.addition","8.925","0","","M3","numeric","machine_checked","needs_expert_review"
"bebsu-m3-original","bebsu-f0022b6336bde1fc","math","kma.m3.addition","8.95","0","","M3","numeric","machine_checked","needs_expert_review"
"bebsu-m3-original","bebsu-ec7ae3986bd55336","math","kma.m3.addition","8.975","0","","M3","numeric","machine_checked","needs_expert_review"
"bebsu-m3-original","bebsu-a840b5ff278a7022","math","kma.m3.addition","9","0","","M3","numeric","machine_checked","needs_expert_review"
"bebsu-m3-original","bebsu-0f047742d168d79e","math","kma.m3.addition","9.025","0","","M3","numeric","machine_checked","needs_expert_review"
"bebsu-m3-original","bebsu-22e910265241ba2b","math","kma.m3.subtraction","9.05","0","","M3","numeric","machine_checked","needs_expert_review"
"bebsu-m3-original","bebsu-0bd0f033adc9ad99","math","kma.m3.addition","9.075","0","","M3","numeric","machine_checked","needs_expert_review"
"bebsu-m3-original","bebsu-e4c2270422b7bac0","math","kma.m3.addition","9.1","0","","M3","numeric","machine_checked","needs_expert_review"
"bebsu-m3-original","bebsu-155da07650296181","math","kma.m3.addition","9.125","0","","M3","numeric","machine_checked","needs_expert_review"
"bebsu-m3-original","bebsu-41ae34281260d502","math","kma.m3.addition","9.15","0","","M3","numeric","machine_checked","needs_expert_review"
"bebsu-m3-original","bebsu-f5c06b8545265e80","math","kma.m3.addition","8.725","0","","M3","numeric","machine_checked","needs_expert_review"
"bebsu-m3-original","bebsu-95c259f513d9cae0","math","kma.m3.addition","9.175","0","","M3","numeric","machine_checked","needs_expert_review"
"bebsu-m3-original","bebsu-9224151d5c04dfe8","math","kma.m3.subtraction","9.2","0","","M3","numeric","machine_checked","needs_expert_review"
"bebsu-m3-original","bebsu-47ce5035698b8d69","math","kma.m3.subtraction","9.225","0","","M3","numeric","machine_checked","needs_expert_review"
"bebsu-m3-original","bebsu-4d233c8f20ab9079","math","kma.m3.addition","9.25","0","","M3","numeric","machine_checked","needs_expert_review"
"bebsu-m3-original","bebsu-5e7d4356260aae98","math","kma.m3.addition","9.275","0","","M3","numeric","machine_checked","needs_expert_review"
"bebsu-m3-original","bebsu-55a0c22c54dbdf9f","math","kma.m3.addition","9.3","0","","M3","numeric","machine_checked","needs_expert_review"
"bebsu-m3-original","bebsu-c24b9c04c8808471","math","kma.m3.addition","9.3","0","","M3","numeric","machine_checked","needs_expert_review"
"bebsu-m3-original","bebsu-3fc1c676369f5f5a","math","kma.m3.addition","9.3","0","","M3","numeric","machine_checked","needs_expert_review"
"bebsu-m3-original","bebsu-f3634b9528a5e663","math","kma.m3.addition","9.3","0","","M3","numeric","machine_checked","needs_expert_review"
"bebsu-m3-original","bebsu-bbf320fe78d86e42","math","kma.m3.subtraction","9.3","0","","M3","numeric","machine_checked","needs_expert_review"
"bebsu-m3-original","bebsu-1652cf5583a04a7e","math","kma.m3.addition","8.75","0","","M3","numeric","machine_checked","needs_expert_review"
"bebsu-m3-original","bebsu-a0105a3b5321d667","math","kma.m3.addition","9.3","0","","M3","numeric","machine_checked","needs_expert_review"
"bebsu-m3-original","bebsu-5908f0a069ce8851","math","kma.m3.addition","8.775","0","","M3","numeric","machine_checked","needs_expert_review"
"bebsu-m3-original","bebsu-a813e85c5d86a5a4","math","kma.m3.addition","8.8","0","","M3","numeric","machine_checked","needs_expert_review"
"bebsu-m3-original","bebsu-1cdcef051d0c63b5","math","kma.m3.addition","8.825","0","","M3","numeric","machine_checked","needs_expert_review"
"bebsu-m3-original","bebsu-53d947fad5695efa","math","kma.m3.addition","8.85","0","","M3","numeric","machine_checked","needs_expert_review"
"bebsu-m3-original","bebsu-3b1773833ca69266","math","kma.m3.addition","8.875","0","","M3","numeric","machine_checked","needs_expert_review"
"bebsu-m3-original","bebsu-6714eb5028f06fbc","math","kma.m3.addition","8.9","0","","M3","numeric","machine_checked","needs_expert_review"
"bebsu-m3-original","bebsu-85c30445b14175ac","math","kma.m3.addition","8.7","0","","M3","numeric","machine_checked","needs_expert_review"
"bebsu-m3-original","bebsu-c12dc477331bba82","math","kma.m3.addition","8.925","0","","M3","numeric","machine_checked","needs_expert_review"
"bebsu-m3-original","bebsu-6d2aa7661769492a","math","kma.m3.subtraction","8.95","0","","M3","numeric","machine_checked","needs_expert_review"
"bebsu-m3-original","bebsu-ba6cd501939ac4db","math","kma.m3.addition","8.975","0","","M3","numeric","machine_checked","needs_expert_review"
"bebsu-m3-original","bebsu-64b56b1f6dc496ad","math","kma.m3.addition","9","0","","M3","numeric","machine_checked","needs_expert_review"
"bebsu-m3-original","bebsu-f384a2bdeebb3d07","math","kma.m3.addition","9.025","0","","M3","numeric","machine_checked","needs_expert_review"
"bebsu-m3-original","bebsu-c7bd1c627349caff","math","kma.m3.addition","9.05","0","","M3","numeric","machine_checked","needs_expert_review"
"bebsu-m3-original","bebsu-174082207f7a1792","math","kma.m3.addition","9.075","0","","M3","numeric","machine_checked","needs_expert_review"
"bebsu-m3-original","bebsu-1901ebe5c622ce45","math","kma.m3.addition","9.1","0","","M3","numeric","machine_checked","needs_expert_review"
"bebsu-m3-original","bebsu-54ad2f3ac0607247","math","kma.m3.addition","9.125","0","","M3","numeric","machine_checked","needs_expert_review"
"bebsu-m3-original","bebsu-7f1fdce608217e43","math","kma.m3.addition","9.15","0","","M3","numeric","machine_checked","needs_expert_review"
"bebsu-m3-original","bebsu-87104f0f055017b4","math","kma.m3.addition","8.725","0","","M3","numeric","machine_checked","needs_expert_review"
"bebsu-m3-original","bebsu-966304349a599f61","math","kma.m3.addition","9.175","0","","M3","numeric","machine_checked","needs_expert_review"
"bebsu-m3-original","bebsu-1170196790a30aed","math","kma.m3.addition","9.2","0","","M3","numeric","machine_checked","needs_expert_review"
"bebsu-m3-original","bebsu-2614b16500dfec51","math","kma.m3.addition","9.225","0","","M3","numeric","machine_checked","needs_expert_review"
"bebsu-m3-original","bebsu-676124dc020d7518","math","kma.m3.addition","9.25","0","","M3","numeric","machine_checked","needs_expert_review"
"bebsu-m3-original","bebsu-46f9d57972ffcc81","math","kma.m3.addition","9.275","0","","M3","numeric","machine_checked","needs_expert_review"
"bebsu-m3-original","bebsu-3951bbcb90c5266f","math","kma.m3.addition","9.3","0","","M3","numeric","machine_checked","needs_expert_review"
"bebsu-m3-original","bebsu-7eaef26c197801d9","math","kma.m3.addition","9.3","0","","M3","numeric","machine_checked","needs_expert_review"
"bebsu-m3-original","bebsu-0a9a0f7a44c22aed","math","kma.m3.addition","9.3","0","","M3","numeric","machine_checked","needs_expert_review"
"bebsu-m3-original","bebsu-7a26a042092bfed4","math","kma.m3.addition","9.3","0","","M3","numeric","machine_checked","needs_expert_review"
"bebsu-m3-original","bebsu-65bed7c43583cdd2","math","kma.m3.addition","9.3","0","","M3","numeric","machine_checked","needs_expert_review"
"bebsu-m3-original","bebsu-6cfafae1e166e4cc","math","kma.m3.addition","8.75","0","","M3","numeric","machine_checked","needs_expert_review"
"bebsu-m3-original","bebsu-0b504abecb2b1070","math","kma.m3.addition","9.3","0","","M3","numeric","machine_checked","needs_expert_review"
"bebsu-m3-original","bebsu-1ea1cc1acb6e0afc","math","kma.m3.addition","8.775","0","","M3","numeric","machine_checked","needs_expert_review"
"bebsu-m3-original","bebsu-0e61c146f9053464","math","kma.m3.addition","8.8","0","","M3","numeric","machine_checked","needs_expert_review"
"bebsu-m3-original","bebsu-b52f67746e23f0bf","math","kma.m3.addition","8.825","0","","M3","numeric","machine_checked","needs_expert_review"
"bebsu-m3-original","bebsu-19d62bb8a7990c84","math","kma.m3.addition","8.85","0","","M3","numeric","machine_checked","needs_expert_review"
"bebsu-m3-original","bebsu-55213957add4f69b","math","kma.m3.addition","8.875","0","","M3","numeric","machine_checked","needs_expert_review"
"bebsu-m3-original","bebsu-2b913fe4e87e937a","math","kma.m3.addition","8.9","0","","M3","numeric","machine_checked","needs_expert_review"
"bebsu-m3-original","bebsu-e666f0edd0ea3466","math","kma.m3.subtraction","8.7","0","","M3","numeric","machine_checked","needs_expert_review"
"bebsu-m3-original","bebsu-aabd408554558469","math","kma.m3.addition","8.925","0","","M3","numeric","machine_checked","needs_expert_review"
"bebsu-m3-original","bebsu-fca4d9600f5a6ffe","math","kma.m3.subtraction","8.95","0","","M3","numeric","machine_checked","needs_expert_review"
"bebsu-m3-original","bebsu-8e0ed687d160eeec","math","kma.m3.subtraction","8.975","0","","M3","numeric","machine_checked","needs_expert_review"
"bebsu-m3-original","bebsu-045465b3f054bf68","math","kma.m3.addition","9","0","","M3","numeric","machine_checked","needs_expert_review"
"bebsu-m3-original","bebsu-96a4e9db867caafd","math","kma.m3.addition","9.025","0","","M3","numeric","machine_checked","needs_expert_review"
"bebsu-m3-original","bebsu-ce67f3b8fc8ea01a","math","kma.m3.addition","9.05","0","","M3","numeric","machine_checked","needs_expert_review"
"bebsu-m3-original","bebsu-775dbfb722fbe939","math","kma.m3.subtraction","9.075","0","","M3","numeric","machine_checked","needs_expert_review"
"bebsu-m3-original","bebsu-642855465ff86689","math","kma.m3.addition","9.1","0","","M3","numeric","machine_checked","needs_expert_review"
"bebsu-m3-original","bebsu-c675128966e8a01a","math","kma.m3.subtraction","9.125","0","","M3","numeric","machine_checked","needs_expert_review"
"bebsu-m3-original","bebsu-efbbbf6d003f2813","math","kma.m3.addition","9.15","0","","M3","numeric","machine_checked","needs_expert_review"
"bebsu-m3-original","bebsu-3df6b1ecad730e60","math","kma.m3.addition","8.725","0","","M3","numeric","machine_checked","needs_expert_review"
"bebsu-m3-original","bebsu-14388fccfd2699dc","math","kma.m3.addition","9.175","0","","M3","numeric","machine_checked","needs_expert_review"
"bebsu-m3-original","bebsu-c49bd8198a1dcc46","math","kma.m3.addition","9.2","0","","M3","numeric","machine_checked","needs_expert_review"
"bebsu-m3-original","bebsu-e2149192887e118b","math","kma.m3.addition","9.225","0","","M3","numeric","machine_checked","needs_expert_review"
"bebsu-m3-original","bebsu-d848f73bc0fffc8e","math","kma.m3.addition","9.25","0","","M3","numeric","machine_checked","needs_expert_review"
"bebsu-m3-original","bebsu-ab43d61ec5ae77e0","math","kma.m3.addition","9.275","0","","M3","numeric","machine_checked","needs_expert_review"
"bebsu-m3-original","bebsu-bab85ae7242d8704","math","kma.m3.addition","9.3","0","","M3","numeric","machine_checked","needs_expert_review"
"bebsu-m3-original","bebsu-c98ff8cb55c1d2c9","math","kma.m3.addition","9.3","0","","M3","numeric","machine_checked","needs_expert_review"
"bebsu-m3-original","bebsu-5ee91e475953349a","math","kma.m3.subtraction","9.3","0","","M3","numeric","machine_checked","needs_expert_review"
"bebsu-m3-original","bebsu-645c4ce8e70ab14e","math","kma.m3.addition","9.3","0","","M3","numeric","machine_checked","needs_expert_review"
"bebsu-m3-original","bebsu-3c27486d66c6c853","math","kma.m3.addition","9.3","0","","M3","numeric","machine_checked","needs_expert_review"
"bebsu-m3-original","bebsu-384307386f304325","math","kma.m3.addition","8.75","0","","M3","numeric","machine_checked","needs_expert_review"
"bebsu-m3-original","bebsu-cbc8da91a5106b08","math","kma.m3.addition","9.3","0","","M3","numeric","machine_checked","needs_expert_review"
"bebsu-m3-original","bebsu-eebf411c8d37eb2c","math","kma.m3.addition","8.775","0","","M3","numeric","machine_checked","needs_expert_review"
"bebsu-m3-original","bebsu-82676c088e7b3a61","math","kma.m3.order","8.8","0","","M3","numeric","machine_checked","needs_expert_review"
"bebsu-m3-original","bebsu-147ec61e9ad8894c","math","kma.m3.subtraction","8.825","0","","M3","numeric","machine_checked","needs_expert_review"
"bebsu-m3-original","bebsu-3a4c281b4e675d5c","math","kma.m3.addition","8.85","0","","M3","numeric","machine_checked","needs_expert_review"
"bebsu-m3-original","bebsu-62f52d1c89e2ea84","math","kma.m3.subtraction","8.875","0","","M3","numeric","machine_checked","needs_expert_review"
"bebsu-m3-original","bebsu-4700ff1a07c35a1a","math","kma.m3.subtraction","8.9","0","","M3","numeric","machine_checked","needs_expert_review"
"bebsu-m3-original","bebsu-9e32b924c7ef36a3","math","kma.m3.subtraction","8.7","0","","M3","numeric","machine_checked","needs_expert_review"
"bebsu-m3-original","bebsu-e0299ac9fccf99f0","math","kma.m3.addition","8.925","0","","M3","numeric","machine_checked","needs_expert_review"
"bebsu-m3-original","bebsu-94623deb4b5dbc37","math","kma.m3.addition","8.95","0","","M3","numeric","machine_checked","needs_expert_review"
"bebsu-m3-original","bebsu-d589145c86a6c87d","math","kma.m3.subtraction","8.975","0","","M3","numeric","machine_checked","needs_expert_review"
"bebsu-m3-original","bebsu-3cb5251c40db6d23","math","kma.m3.addition","9","0","","M3","numeric","machine_checked","needs_expert_review"
"bebsu-m3-original","bebsu-8196f7ef8c775add","math","kma.m3.addition","9.025","0","","M3","numeric","machine_checked","needs_expert_review"
"bebsu-m3-original","bebsu-53efe0bf1a5986db","math","kma.m3.addition","9.05","0","","M3","numeric","machine_checked","needs_expert_review"
"bebsu-m3-original","bebsu-3990074be52ec53b","math","kma.m3.addition","9.075","0","","M3","numeric","machine_checked","needs_expert_review"
"bebsu-m3-original","bebsu-10dde85c0b515d97","math","kma.m3.addition","9.1","0","","M3","numeric","machine_checked","needs_expert_review"
"bebsu-m3-original","bebsu-e91a6791b1147f28","math","kma.m3.addition","9.125","0","","M3","numeric","machine_checked","needs_expert_review"
"bebsu-m3-original","bebsu-20680bab18c38b5e","math","kma.m3.addition","9.15","0","","M3","numeric","machine_checked","needs_expert_review"
"bebsu-m3-original","bebsu-6d7ac420332c91be","math","kma.m3.addition","8.725","0","","M3","numeric","machine_checked","needs_expert_review"
"bebsu-m3-original","bebsu-15178637da81adcf","math","kma.m3.addition","9.175","0","","M3","numeric","machine_checked","needs_expert_review"
"bebsu-m3-original","bebsu-b7ec16fd80c18626","math","kma.m3.addition","9.2","0","","M3","numeric","machine_checked","needs_expert_review"
"bebsu-m3-original","bebsu-705aae93f5de760f","math","kma.m3.addition","9.225","0","","M3","numeric","machine_checked","needs_expert_review"
"bebsu-m3-original","bebsu-06d0d09a7af0b451","math","kma.m3.addition","9.25","0","","M3","numeric","machine_checked","needs_expert_review"
"bebsu-m3-original","bebsu-ca2e0984e1e9fad9","math","kma.m3.addition","9.275","0","","M3","numeric","machine_checked","needs_expert_review"
"bebsu-m3-original","bebsu-6e52122aeb9e3431","math","kma.m3.addition","9.3","0","","M3","numeric","machine_checked","needs_expert_review"
"bebsu-m3-original","bebsu-18b5dabf10e8fba1","math","kma.m3.addition","9.3","0","","M3","numeric","machine_checked","needs_expert_review"
"bebsu-m3-original","bebsu-d6ec1b8d6c310d5b","math","kma.m3.addition","9.3","0","","M3","numeric","machine_checked","needs_expert_review"
"bebsu-m3-original","bebsu-e418229c68a20cd1","math","kma.m3.addition","9.3","0","","M3","numeric","machine_checked","needs_expert_review"
"bebsu-m3-original","bebsu-62b4cc6422c608c3","math","kma.m3.addition","9.3","0","","M3","numeric","machine_checked","needs_expert_review"
"bebsu-m3-original","bebsu-1aab256107683d93","math","kma.m3.addition","8.75","0","","M3","numeric","machine_checked","needs_expert_review"
"bebsu-m3-original","bebsu-bca631881d0172b7","math","kma.m3.subtraction","9.3","0","","M3","numeric","machine_checked","needs_expert_review"
"bebsu-m3-original","bebsu-574e1ac0d42d7a71","math","kma.m3.addition","8.775","0","","M3","numeric","machine_checked","needs_expert_review"
"bebsu-m3-original","bebsu-eda413a27db29a97","math","kma.m3.addition","8.8","0","","M3","numeric","machine_checked","needs_expert_review"
"bebsu-m3-original","bebsu-713b6e48a0f1001a","math","kma.m3.addition","8.825","0","","M3","numeric","machine_checked","needs_expert_review"
"bebsu-m3-original","bebsu-28b441433f50dcc0","math","kma.m3.addition","8.85","0","","M3","numeric","machine_checked","needs_expert_review"
"bebsu-m3-original","bebsu-397d747b8bb111d1","math","kma.m3.addition","8.875","0","","M3","numeric","machine_checked","needs_expert_review"
"bebsu-m3-original","bebsu-5345e20501c5e07a","math","kma.m3.addition","8.9","0","","M3","numeric","machine_checked","needs_expert_review"
"bebsu-m3-original","bebsu-ae6fc82a1837b740","math","kma.m3.subtraction","8.7","0","","M3","numeric","machine_checked","needs_expert_review"
"bebsu-m3-original","bebsu-7358fdce363ce0ef","math","kma.m3.subtraction","8.925","0","","M3","numeric","machine_checked","needs_expert_review"
"bebsu-m3-original","bebsu-2e031a407dd2b01e","math","kma.m3.addition","8.95","0","","M3","numeric","machine_checked","needs_expert_review"
"bebsu-m3-original","bebsu-9ef82fa718e6635f","math","kma.m3.subtraction","8.975","0","","M3","numeric","machine_checked","needs_expert_review"
"bebsu-m3-original","bebsu-1a4cb58c10a82fe3","math","kma.m3.addition","9","0","","M3","numeric","machine_checked","needs_expert_review"
"bebsu-m3-original","bebsu-c1d461d3214aeabe","math","kma.m3.addition","9.025","0","","M3","numeric","machine_checked","needs_expert_review"
"bebsu-m3-original","bebsu-1dd11b27f6e0da9c","math","kma.m3.addition","9.05","0","","M3","numeric","machine_checked","needs_expert_review"
"bebsu-m3-original","bebsu-bdd7eec29e745756","math","kma.m3.addition","9.075","0","","M3","numeric","machine_checked","needs_expert_review"
"bebsu-m3-original","bebsu-4bfd07f1230c46c8","math","kma.m3.subtraction","9.1","0","","M3","numeric","machine_checked","needs_expert_review"
"bebsu-m3-original","bebsu-9857c595a3196843","math","kma.m3.addition","9.125","0","","M3","numeric","machine_checked","needs_expert_review"
"bebsu-m3-original","bebsu-ef9d2c73e4cf3064","math","kma.m3.addition","9.15","0","","M3","numeric","machine_checked","needs_expert_review"
"bebsu-m3-original","bebsu-ed78b4aeb5fddd0a","math","kma.m3.addition","8.725","0","","M3","numeric","machine_checked","needs_expert_review"
"bebsu-m3-original","bebsu-7196cb3a0db0d1c7","math","kma.m3.addition","9.175","0","","M3","numeric","machine_checked","needs_expert_review"
"bebsu-m3-original","bebsu-8d98bb8f0a40944d","math","kma.m3.addition","9.2","0","","M3","numeric","machine_checked","needs_expert_review"
"bebsu-m3-original","bebsu-16985478c2a86305","math","kma.m3.subtraction","9.225","0","","M3","numeric","machine_checked","needs_expert_review"
"bebsu-m3-original","bebsu-837bb6466a2b2539","math","kma.m3.addition","9.25","0","","M3","numeric","machine_checked","needs_expert_review"
"bebsu-m3-original","bebsu-10324749607fadfa","math","kma.m3.addition","9.275","0","","M3","numeric","machine_checked","needs_expert_review"
"bebsu-m3-original","bebsu-6d705dd5b0273a53","math","kma.m3.subtraction","9.3","0","","M3","numeric","machine_checked","needs_expert_review"
"bebsu-m3-original","bebsu-4f8f7fad1cbe0f48","math","kma.m3.addition","9.3","0","","M3","numeric","machine_checked","needs_expert_review"
"bebsu-m3-original","bebsu-62fb84ac4b0d87a6","math","kma.m3.addition","9.3","0","","M3","numeric","machine_checked","needs_expert_review"
"bebsu-m3-original","bebsu-bf77baa030312d03","math","kma.m3.addition","9.3","0","","M3","numeric","machine_checked","needs_expert_review"
"bebsu-m3-original","bebsu-6eb7efce4f673316","math","kma.m3.addition","9.3","0","","M3","numeric","machine_checked","needs_expert_review"
"bebsu-m3-original","bebsu-a0dbb4e92380e697","math","kma.m3.subtraction","8.75","0","","M3","numeric","machine_checked","needs_expert_review"
"bebsu-m3-original","bebsu-704627b4d9b1afc3","math","kma.m3.addition","9.3","0","","M3","numeric","machine_checked","needs_expert_review"
"bebsu-m3-original","bebsu-a7c76e1e3a92773c","math","kma.m3.subtraction","8.775","0","","M3","numeric","machine_checked","needs_expert_review"
"bebsu-m3-original","bebsu-50d99ec92e97e785","math","kma.m3.addition","8.8","0","","M3","numeric","machine_checked","needs_expert_review"
"bebsu-m3-original","bebsu-79716cd0f310c72f","math","kma.m3.subtraction","8.825","0","","M3","numeric","machine_checked","needs_expert_review"
"bebsu-m3-original","bebsu-433f77f2a606d968","math","kma.m3.subtraction","8.85","0","","M3","numeric","machine_checked","needs_expert_review"
"bebsu-m3-original","bebsu-106e61e7526969e9","math","kma.m3.addition","8.875","0","","M3","numeric","machine_checked","needs_expert_review"
"bebsu-m3-original","bebsu-c616abcdf400f1af","math","kma.m3.subtraction","8.9","0","","M3","numeric","machine_checked","needs_expert_review"
